status,role,method,method_label,estimator,seed_index,estimator_seed,nue_avg,nue_track_avg,nue_per_proc,estimator_processes,estimate_sec,total_sec,paper_runtime_sec,setup_sec,sampling_sec,utility_eval_sec,aggregate_sec,finalize_sec,worker_pool_setup_sec,worker_pool_teardown_sec,orchestration_sec,regular_elapsed_sec,readout_elapsed_sec,checkpoint_readout_elapsed_sec,final_readout_elapsed_sec,readout_call_count,readout_methods,readout_hook_status,timing_mode,effective_estimator_processes,nue_per_proc_run,num_sample,batch_size,utility_cache_mode,utility_cache_size,empty_utility,grand_utility,total_gain,sum_estimated_values,log_path,per_run_path,estimator_kwargs_json
ok,main,OFA_baseline,OFA baseline,OFA_baseline,0,2026,200,10,500,1,719.4856526810327,719.6705941560213,719.4856526810327,0.0003470839583314955,0.001695280079729855,719.4819780720863,0.001512036775238812,3.48950270563364e-05,0.0,0.0,8.531310595571995e-05,719.4856526810327,0.0,0.0,0.0,0,[],not_configured,serial,1,500,100,5,recompute,9464,-0.6630765353541634,-0.4126858563980782,0.25039067895608524,0.2579921507936376,outputs/benchmark_shapley_estimators/acs_job42594737_logistic_ease_fo_updates3/logs/OFA_baseline_seed2026.log,outputs/benchmark_shapley_estimators/acs_job42594737_logistic_ease_fo_updates3/per_run/OFA_baseline_seed2026.json,{}
ok,main,OFA_baseline,OFA baseline,OFA_baseline,1,2027,200,10,500,1,719.9717778390041,720.1279717980069,719.9717778390041,0.00031897000735625625,0.001631583960261196,719.9682525820681,0.0014595698448829353,3.370398189872503e-05,0.0,0.0,8.142914157360792e-05,719.9717778390041,0.0,0.0,0.0,0,[],not_configured,serial,1,500,100,5,recompute,9468,-0.6630765353541634,-0.4126858563980782,0.25039067895608524,0.2395660353251261,outputs/benchmark_shapley_estimators/acs_job42594737_logistic_ease_fo_updates3/logs/OFA_baseline_seed2027.log,outputs/benchmark_shapley_estimators/acs_job42594737_logistic_ease_fo_updates3/per_run/OFA_baseline_seed2027.json,{}
ok,main,LeverageSHAP,LeverageSHAP,LeverageSHAP,1,2027,200,10,500,1,727.0275129649672,727.216318617051,726.612325418042,0.24799623200669885,0.08690693008247763,726.1762453438132,0.5154333080281503,0.0008252139668911695,0.0,0.0,0.00010593706974759698,726.611818243051,0.4156947219162248,0.4151875469251536,0.0005071749910712242,20,['_estimate'],wrapped:_estimate,serial,1,500,9998,500,recompute,9690,-0.6630765353541634,-0.4126858563980782,0.25039067895608524,0.2503906789560853,outputs/benchmark_shapley_estimators/acs_job42594737_logistic_ease_fo_updates3/logs/LeverageSHAP_seed2027.log,outputs/benchmark_shapley_estimators/acs_job42594737_logistic_ease_fo_updates3/per_run/LeverageSHAP_seed2027.json,"{""sampling_with_replacement"": true}"
ok,main,RegressionMSR_unbiased,RegressionMSR,RegressionMSR_unbiased,1,2027,200,10,500,1,732.8739143529674,733.1069264529506,732.6221870618174,0.0016542840166948736,0.556243124010507,732.0452984700096,0.2705971281975508,2.5587971322238445e-05,0.0,0.0,9.575876174494624e-05,732.6051658447832,0.2687485081842169,0.2517272911500186,0.017021217034198344,20,['_run_kfold'],wrapped:_run_kfold,serial,1,500,10000,500,recompute,9714,-0.6630765353541634,-0.4126858563980782,0.25039067895608524,0.2503906789560854,outputs/benchmark_shapley_estimators/acs_job42594737_logistic_ease_fo_updates3/logs/RegressionMSR_unbiased_seed2027.log,outputs/benchmark_shapley_estimators/acs_job42594737_logistic_ease_fo_updates3/per_run/RegressionMSR_unbiased_seed2027.json,"{""num_folds"": 2, ""paired_sampling"": null, ""sampling_with_replacement"": true}"
ok,main,sampling_lift,Sampling lift,sampling_lift,1,2027,200,10,500,1,739.6931799610029,739.9409956709715,739.6931799610029,0.00021266000112518668,0.0012313579791225493,739.6909291420598,0.0006937661091797054,3.134901635348797e-05,0.0,0.0,8.168583735823631e-05,739.6931799610029,0.0,0.0,0.0,0,[],not_configured,serial,1,500,100,5,recompute,5082,-0.6630765353541634,-0.4126858563980782,0.25039067895608524,0.18322595573963413,outputs/benchmark_shapley_estimators/acs_job42594737_logistic_ease_fo_updates3/logs/sampling_lift_seed2027.log,outputs/benchmark_shapley_estimators/acs_job42594737_logistic_ease_fo_updates3/per_run/sampling_lift_seed2027.json,{}
ok,main,OFA_baseline,OFA baseline,OFA_baseline,2,2028,200,10,500,1,743.1823277620133,743.4045667279861,743.1823277620133,0.0003156140446662903,0.0016838900628499687,743.1787278159172,0.0014817790943197906,3.4163997042924166e-05,0.0,0.0,8.449889719486237e-05,743.1823277620133,0.0,0.0,0.0,0,[],not_configured,serial,1,500,100,5,recompute,9468,-0.6630765353541634,-0.4126858563980782,0.25039067895608524,0.2593038210771614,outputs/benchmark_shapley_estimators/acs_job42594737_logistic_ease_fo_updates3/logs/OFA_baseline_seed2028.log,outputs/benchmark_shapley_estimators/acs_job42594737_logistic_ease_fo_updates3/per_run/OFA_baseline_seed2028.json,{}
ok,main,permutation,Permutation,permutation,1,2027,200,10,500,1,753.9161770710489,754.1420249209623,753.9161770710489,0.0002338600461371243,0.0017931251204572618,753.9133128290414,0.0007078631315380335,3.41139966621995e-05,0.0,0.0,9.52797126956284e-05,753.9161770710489,0.0,0.0,0.0,0,[],not_configured,serial,1,500,200,10,recompute,9470,-0.6630765353541634,-0.4126858563980782,0.25039067895608524,0.25039067895608524,outputs/benchmark_shapley_estimators/acs_job42594737_logistic_ease_fo_updates3/logs/permutation_seed2027.log,outputs/benchmark_shapley_estimators/acs_job42594737_logistic_ease_fo_updates3/per_run/permutation_seed2027.json,{}
ok,main,complement,Complement,complement,0,2026,200,10,500,1,756.7653833029908,757.0069428050192,756.7653833029908,0.0002131419605575502,0.06864385615335777,756.5572998349671,0.1390770791331306,3.547698725014925e-05,0.0,0.0,0.00011391378939151764,756.7653833029908,0.0,0.0,0.0,0,[],not_configured,serial,1,500,5000,250,recompute,9444,-0.6630765353541634,-0.4126858563980782,0.25039067895608524,0.25069883995641357,outputs/benchmark_shapley_estimators/acs_job42594737_logistic_ease_fo_updates3/logs/complement_seed2026.log,outputs/benchmark_shapley_estimators/acs_job42594737_logistic_ease_fo_updates3/per_run/complement_seed2026.json,{}
ok,main,complement,Complement,complement,1,2027,200,10,500,1,760.2796637709835,760.5323400130146,760.2796637709835,0.0002328180125914514,0.06886916683288291,760.0722797329072,0.1381164710619487,5.0775997806340456e-05,0.0,0.0,0.00011480617104098201,760.2796637709835,0.0,0.0,0.0,0,[],not_configured,serial,1,500,5000,250,recompute,9422,-0.6630765353541634,-0.4126858563980782,0.25039067895608524,0.25351502589078084,outputs/benchmark_shapley_estimators/acs_job42594737_logistic_ease_fo_updates3/logs/complement_seed2027.log,outputs/benchmark_shapley_estimators/acs_job42594737_logistic_ease_fo_updates3/per_run/complement_seed2027.json,{}
ok,main,SHAP_IQ,SHAP-IQ,SHAP_IQ,0,2026,200,10,500,1,763.2376967159798,763.480859976029,763.2376967159798,0.2420493770041503,0.30642471788451076,762.6582265300094,0.030854998156428337,3.731099423021078e-05,0.0,0.0,0.00010378193110227585,763.2376967159798,0.0,0.0,0.0,0,[],not_configured,serial,1,500,10000,500,recompute,7587,-0.6630765353541634,-0.4126858563980782,0.25039067895608524,0.25039067895608524,outputs/benchmark_shapley_estimators/acs_job42594737_logistic_ease_fo_updates3/logs/SHAP_IQ_seed2026.log,outputs/benchmark_shapley_estimators/acs_job42594737_logistic_ease_fo_updates3/per_run/SHAP_IQ_seed2026.json,{}
ok,main,RegressionMSR_unbiased,RegressionMSR,RegressionMSR_unbiased,0,2026,200,10,500,1,767.7298321699491,767.9411380109959,767.5597878959961,0.0017215900006704032,0.5815251091262326,766.9558722869842,0.1905968160717748,2.4386041332036257e-05,0.0,0.0,9.198172483593225e-05,767.5411055220175,0.18872664793161675,0.17004427395295352,0.018682373978663236,20,['_run_kfold'],wrapped:_run_kfold,serial,1,500,10000,500,recompute,9688,-0.6630765353541634,-0.4126858563980782,0.25039067895608524,0.25039067895608513,outputs/benchmark_shapley_estimators/acs_job42594737_logistic_ease_fo_updates3/logs/RegressionMSR_unbiased_seed2026.log,outputs/benchmark_shapley_estimators/acs_job42594737_logistic_ease_fo_updates3/per_run/RegressionMSR_unbiased_seed2026.json,"{""num_folds"": 2, ""paired_sampling"": null, ""sampling_with_replacement"": true}"
ok,main,sampling_lift,Sampling lift,sampling_lift,0,2026,200,10,500,1,768.2385837309994,768.4298603630159,768.2385837309994,0.00022254895884543657,0.0012405830202624202,768.2363124120748,0.0006840299465693533,4.553596954792738e-05,0.0,0.0,7.862102938815951e-05,768.2385837309994,0.0,0.0,0.0,0,[],not_configured,serial,1,500,100,5,recompute,4987,-0.6630765353541634,-0.4126858563980782,0.25039067895608524,0.17507221525078767,outputs/benchmark_shapley_estimators/acs_job42594737_logistic_ease_fo_updates3/logs/sampling_lift_seed2026.log,outputs/benchmark_shapley_estimators/acs_job42594737_logistic_ease_fo_updates3/per_run/sampling_lift_seed2026.json,{}
ok,main,OFA_fixed,OFA,OFA_fixed,1,2027,200,10,500,1,773.3297027189983,773.5966558789951,773.3297027189983,10.447581893007737,0.3119543580687605,762.0681408100063,0.5018605148070492,5.4311996791511774e-05,0.0,0.0,0.0001108311116695404,773.3297027189983,0.0,0.0,0.0,0,[],not_configured,serial,1,500,10000,500,recompute,9859,-0.6630765353541634,-0.4126858563980782,0.25039067895608524,0.25037726208429306,outputs/benchmark_shapley_estimators/acs_job42594737_logistic_ease_fo_updates3/logs/OFA_fixed_seed2027.log,outputs/benchmark_shapley_estimators/acs_job42594737_logistic_ease_fo_updates3/per_run/OFA_fixed_seed2027.json,{}
ok,main,improved_AME,Improved AME,improved_AME,0,2026,200,10,500,1,773.5557898389525,773.8062733509578,773.5557898389525,0.0001724449684843421,0.05235749407438561,773.4976925321389,0.005431103927548975,3.350299084559083e-05,0.0,0.0,0.0001027608523145318,773.5557898389525,0.0,0.0,0.0,0,[],not_configured,serial,1,500,10000,500,recompute,9283,-0.6630765353541634,-0.4126858563980782,0.25039067895608524,0.20289524028225636,outputs/benchmark_shapley_estimators/acs_job42594737_logistic_ease_fo_updates3/logs/improved_AME_seed2026.log,outputs/benchmark_shapley_estimators/acs_job42594737_logistic_ease_fo_updates3/per_run/improved_AME_seed2026.json,{}
ok,main,permutation,Permutation,permutation,0,2026,200,10,500,1,784.3128152530408,784.5398449389613,784.3128152530408,0.00019250297918915749,0.0019562929519452155,784.3098140361253,0.0007295360555872321,3.3263000659644604e-05,0.0,0.0,8.962192805483937e-05,784.3128152530408,0.0,0.0,0.0,0,[],not_configured,serial,1,500,200,10,recompute,9458,-0.6630765353541634,-0.4126858563980782,0.25039067895608524,0.25039067895608524,outputs/benchmark_shapley_estimators/acs_job42594737_logistic_ease_fo_updates3/logs/permutation_seed2026.log,outputs/benchmark_shapley_estimators/acs_job42594737_logistic_ease_fo_updates3/per_run/permutation_seed2026.json,{}
ok,main,improved_AME,Improved AME,improved_AME,1,2027,200,10,500,1,784.3359605799778,784.5586816829746,784.3359605799778,0.00021333101904019713,0.05264292808715254,784.2776519049658,0.005333383800461888,2.2541964426636696e-05,0.0,0.0,9.649014100432396e-05,784.3359605799778,0.0,0.0,0.0,0,[],not_configured,serial,1,500,10000,500,recompute,9308,-0.6630765353541634,-0.4126858563980782,0.25039067895608524,0.09250784899252638,outputs/benchmark_shapley_estimators/acs_job42594737_logistic_ease_fo_updates3/logs/improved_AME_seed2027.log,outputs/benchmark_shapley_estimators/acs_job42594737_logistic_ease_fo_updates3/per_run/improved_AME_seed2027.json,{}
ok,main,LeverageSHAP,LeverageSHAP,LeverageSHAP,0,2026,200,10,500,1,786.3731261200155,786.6470495749963,786.3630789240706,0.1770331339794211,0.1265877560363151,786.0509213019977,0.01754687709035352,0.0009204730158671737,0.0,0.0,0.00011657789582386613,786.3625432350673,0.010582884948235005,0.010047195944935083,0.0005356890032999218,20,['_estimate'],wrapped:_estimate,serial,1,500,9998,500,recompute,9658,-0.6630765353541634,-0.4126858563980782,0.25039067895608524,0.2503906789560853,outputs/benchmark_shapley_estimators/acs_job42594737_logistic_ease_fo_updates3/logs/LeverageSHAP_seed2026.log,outputs/benchmark_shapley_estimators/acs_job42594737_logistic_ease_fo_updates3/per_run/LeverageSHAP_seed2026.json,"{""sampling_with_replacement"": true}"
ok,main,OFA_fixed,OFA,OFA_fixed,0,2026,200,10,500,1,799.4141287669772,799.6179104450275,799.4141287669772,10.889466236985754,0.30135774303926155,787.7238464169204,0.4992938099312596,5.678704474121332e-05,0.0,0.0,0.00010777305578812957,799.4141287669772,0.0,0.0,0.0,0,[],not_configured,serial,1,500,10000,500,recompute,9860,-0.6630765353541634,-0.4126858563980782,0.25039067895608524,0.24943783484741777,outputs/benchmark_shapley_estimators/acs_job42594737_logistic_ease_fo_updates3/logs/OFA_fixed_seed2026.log,outputs/benchmark_shapley_estimators/acs_job42594737_logistic_ease_fo_updates3/per_run/OFA_fixed_seed2026.json,{}
ok,main,EaseSHAP_interaction_nonlinear,EASE-FO,EaseSHAP,2,2028,200,10,500,1,809.6838569929823,809.9421864480246,809.5313965859241,10.232402377994731,0.09115623903926462,799.1358097901102,0.21784935396863148,0.00652748899301514,0.0,0.0,0.00011174287647008896,809.524991907936,0.15886508504627272,0.1524604070582427,0.006404677988030016,21,['_engine._readout_estimate'],wrapped:_engine._readout_estimate,serial,1,500,9898,500,recompute,9394,-0.6630765353541634,-0.4126858563980782,0.25039067895608524,0.25039067895608524,outputs/benchmark_shapley_estimators/acs_job42594737_logistic_ease_fo_updates3/logs/EaseSHAP_interaction_nonlinear_seed2028.log,outputs/benchmark_shapley_estimators/acs_job42594737_logistic_ease_fo_updates3/per_run/EaseSHAP_interaction_nonlinear_seed2028.json,"{""boundary_order"": 1, ""boundary_policy"": ""fixed"", ""exact_boundary_handling"": true, ""include_nonlinear_size_terms"": true, ""num_folds"": 2, ""pilot_design_updates"": 3, ""pilot_fraction"": 0.2, ""surrogate_basis"": 1, ""surrogate_readout_mode"": ""crossfit"", ""surrogate_ridge_lambda"": 0.01, ""surrogate_ridge_schedule"": ""times_m"", ""use_complement_sampling"": true}"
ok,main,OFA_fixed,OFA,OFA_fixed,2,2028,200,10,500,1,813.4065664270311,813.6261072350317,813.4065664270311,10.870726288994774,0.3026529388152994,801.7339764249627,0.4990701589267701,3.3702992368489504e-05,0.0,0.0,0.00010691233910620213,813.4065664270311,0.0,0.0,0.0,0,[],not_configured,serial,1,500,10000,500,recompute,9855,-0.6630765353541634,-0.4126858563980782,0.25039067895608524,0.25117566703754607,outputs/benchmark_shapley_estimators/acs_job42594737_logistic_ease_fo_updates3/logs/OFA_fixed_seed2028.log,outputs/benchmark_shapley_estimators/acs_job42594737_logistic_ease_fo_updates3/per_run/OFA_fixed_seed2028.json,{}
ok,main,kernelSHAP,kernelSHAP,kernelSHAP,1,2027,200,10,500,1,826.3864313509548,826.552634319989,826.0071518809418,0.23571323801297694,0.30539032811066136,825.394908104965,0.450264398008585,3.1148025300353765e-05,0.0,0.0,0.00012413383228704333,826.0064761189278,0.3799552320269868,0.3792794700129889,0.0006757620139978826,20,['_estimate'],wrapped:_estimate,serial,1,500,10000,500,recompute,7652,-0.6630765353541634,-0.4126858563980782,0.25039067895608524,0.250390678956085,outputs/benchmark_shapley_estimators/acs_job42594737_logistic_ease_fo_updates3/logs/kernelSHAP_seed2027.log,outputs/benchmark_shapley_estimators/acs_job42594737_logistic_ease_fo_updates3/per_run/kernelSHAP_seed2027.json,{}
ok,main,EaseSHAP_size_player,EASE-SP,EaseSHAP,0,2026,200,10,500,1,830.1138249800424,830.4222390789655,825.5689399761031,11.515456549008377,0.09268166124820709,813.4959286010126,4.757391689054202,0.252255650004372,0.0,0.0,0.00011082971468567848,825.3168315541116,4.79699342593085,4.544885003939271,0.25210842199157923,21,['_engine._readout_estimate'],wrapped:_engine._readout_estimate,serial,1,500,9898,500,recompute,9570,-0.6630765353541634,-0.4126858563980782,0.25039067895608524,0.250390678956084,outputs/benchmark_shapley_estimators/acs_job42594737_logistic_ease_fo_updates3/logs/EaseSHAP_size_player_seed2026.log,outputs/benchmark_shapley_estimators/acs_job42594737_logistic_ease_fo_updates3/per_run/EaseSHAP_size_player_seed2026.json,"{""boundary_order"": 1, ""boundary_policy"": ""fixed"", ""exact_boundary_handling"": true, ""include_nonlinear_size_terms"": false, ""num_folds"": 2, ""pilot_fraction"": 0.2, ""surrogate_basis"": ""size_player"", ""surrogate_correction_max_iter"": 10, ""surrogate_correction_solver_mode"": ""matrix_free"", ""surrogate_r_correction_alpha"": 1.0, ""surrogate_readout_mode"": ""crossfit"", ""surrogate_ridge_lambda"": 1.0, ""surrogate_ridge_scaling"": ""size_trace"", ""surrogate_ridge_schedule"": ""fixed"", ""surrogate_solver_mode"": ""size_player"", ""surrogate_stats_backend"": ""exact_conditional"", ""surrogate_u_correction_alpha"": 1.0, ""use_complement_sampling"": true}"
ok,main,group_testing,Group testing,group_testing,0,2026,200,10,500,1,859.7742476120475,859.9720081250416,859.7742476120475,0.00021430302876979113,0.3034165558638051,859.468737663934,0.0017255948623642325,4.985398845747113e-05,0.0,0.0,0.0001036403700709343,859.7742476120475,0.0,0.0,0.0,0,[],not_configured,serial,1,500,10000,500,recompute,7565,-0.6630765353541634,-0.4126858563980782,0.25039067895608524,0.09710553042692467,outputs/benchmark_shapley_estimators/acs_job42594737_logistic_ease_fo_updates3/logs/group_testing_seed2026.log,outputs/benchmark_shapley_estimators/acs_job42594737_logistic_ease_fo_updates3/per_run/group_testing_seed2026.json,{}
ok,main,kernelSHAP,kernelSHAP,kernelSHAP,0,2026,200,10,500,1,878.5822156929644,878.8736822479987,878.5675756179262,0.2064675039728172,0.3068994230707176,878.0468552209204,0.02182607084978372,4.959403304383159e-05,0.0,0.0,0.00011788011761382222,878.5668278599042,0.01538783306023106,0.014640075038187206,0.000747758022043854,20,['_estimate'],wrapped:_estimate,serial,1,500,10000,500,recompute,7587,-0.6630765353541634,-0.4126858563980782,0.25039067895608524,0.25039067895608563,outputs/benchmark_shapley_estimators/acs_job42594737_logistic_ease_fo_updates3/logs/kernelSHAP_seed2026.log,outputs/benchmark_shapley_estimators/acs_job42594737_logistic_ease_fo_updates3/per_run/kernelSHAP_seed2026.json,{}
ok,main,EaseSHAP_interaction_nonlinear,EASE-FO,EaseSHAP,1,2027,200,10,500,1,883.5323920270312,883.7990571279661,883.4641367950244,12.060487456037663,0.0900886370218359,871.2611643190612,0.11427116789855063,0.0062663580174557865,0.0,0.0,0.00011408899445086718,883.4579841520172,0.07440787501400337,0.06825523200677708,0.006152643007226288,21,['_engine._readout_estimate'],wrapped:_engine._readout_estimate,serial,1,500,9898,500,recompute,9262,-0.6630765353541634,-0.4126858563980782,0.25039067895608524,0.25039067895608513,outputs/benchmark_shapley_estimators/acs_job42594737_logistic_ease_fo_updates3/logs/EaseSHAP_interaction_nonlinear_seed2027.log,outputs/benchmark_shapley_estimators/acs_job42594737_logistic_ease_fo_updates3/per_run/EaseSHAP_interaction_nonlinear_seed2027.json,"{""boundary_order"": 1, ""boundary_policy"": ""fixed"", ""exact_boundary_handling"": true, ""include_nonlinear_size_terms"": true, ""num_folds"": 2, ""pilot_design_updates"": 3, ""pilot_fraction"": 0.2, ""surrogate_basis"": 1, ""surrogate_readout_mode"": ""crossfit"", ""surrogate_ridge_lambda"": 0.01, ""surrogate_ridge_schedule"": ""times_m"", ""use_complement_sampling"": true}"
ok,main,EaseSHAP_size_player,EASE-SP,EaseSHAP,2,2028,200,10,500,1,884.631503408018,884.9039847200038,880.045107781887,10.556343015050516,0.0923484250670299,868.9102206518874,4.817612413025927,0.25486078701214865,0.0,0.0,0.00011811597505584359,879.7903550979099,4.84114831010811,4.5863956261309795,0.2547526839771308,21,['_engine._readout_estimate'],wrapped:_engine._readout_estimate,serial,1,500,9898,500,recompute,9402,-0.6630765353541634,-0.4126858563980782,0.25039067895608524,0.25039067895608424,outputs/benchmark_shapley_estimators/acs_job42594737_logistic_ease_fo_updates3/logs/EaseSHAP_size_player_seed2028.log,outputs/benchmark_shapley_estimators/acs_job42594737_logistic_ease_fo_updates3/per_run/EaseSHAP_size_player_seed2028.json,"{""boundary_order"": 1, ""boundary_policy"": ""fixed"", ""exact_boundary_handling"": true, ""include_nonlinear_size_terms"": false, ""num_folds"": 2, ""pilot_fraction"": 0.2, ""surrogate_basis"": ""size_player"", ""surrogate_correction_max_iter"": 10, ""surrogate_correction_solver_mode"": ""matrix_free"", ""surrogate_r_correction_alpha"": 1.0, ""surrogate_readout_mode"": ""crossfit"", ""surrogate_ridge_lambda"": 1.0, ""surrogate_ridge_scaling"": ""size_trace"", ""surrogate_ridge_schedule"": ""fixed"", ""surrogate_solver_mode"": ""size_player"", ""surrogate_stats_backend"": ""exact_conditional"", ""surrogate_u_correction_alpha"": 1.0, ""use_complement_sampling"": true}"
ok,main,GELS,GELS,GELS,1,2027,200,10,500,1,891.2273278780049,891.470147444983,891.2273278780049,0.0005533910007216036,0.3094197539612651,890.9134704449098,0.003743206849321723,2.9655988328158855e-05,0.0,0.0,0.00011142529547214508,891.2273278780049,0.0,0.0,0.0,0,[],not_configured,serial,1,500,10000,500,recompute,7593,-0.6630765353541634,-0.4126858563980782,0.25039067895608524,0.2397190406563423,outputs/benchmark_shapley_estimators/acs_job42594737_logistic_ease_fo_updates3/logs/GELS_seed2027.log,outputs/benchmark_shapley_estimators/acs_job42594737_logistic_ease_fo_updates3/per_run/GELS_seed2027.json,{}
ok,main,group_testing,Group testing,group_testing,1,2027,200,10,500,1,902.0247981210123,902.2725763950148,902.0247981210123,0.00023592397337779403,0.30299130402272567,901.719858238881,0.0015708981081843376,3.142899367958307e-05,0.0,0.0,0.00011032703332602978,902.0247981210123,0.0,0.0,0.0,0,[],not_configured,serial,1,500,10000,500,recompute,7593,-0.6630765353541634,-0.4126858563980782,0.25039067895608524,-0.6446471571791785,outputs/benchmark_shapley_estimators/acs_job42594737_logistic_ease_fo_updates3/logs/group_testing_seed2027.log,outputs/benchmark_shapley_estimators/acs_job42594737_logistic_ease_fo_updates3/per_run/group_testing_seed2027.json,{}
ok,main,EaseSHAP_size_player,EASE-SP,EaseSHAP,1,2027,200,10,500,1,904.3328162129619,904.6003729830263,900.4302694498911,10.915653595002368,0.09257214626995847,888.9513622978702,4.122048863908276,0.2510599910165183,0.0,0.0,0.00011931889457628131,900.1793338028947,4.153482410067227,3.902546763070859,0.2509356469963677,21,['_engine._readout_estimate'],wrapped:_engine._readout_estimate,serial,1,500,9898,500,recompute,9236,-0.6630765353541634,-0.4126858563980782,0.25039067895608524,0.25039067895608424,outputs/benchmark_shapley_estimators/acs_job42594737_logistic_ease_fo_updates3/logs/EaseSHAP_size_player_seed2027.log,outputs/benchmark_shapley_estimators/acs_job42594737_logistic_ease_fo_updates3/per_run/EaseSHAP_size_player_seed2027.json,"{""boundary_order"": 1, ""boundary_policy"": ""fixed"", ""exact_boundary_handling"": true, ""include_nonlinear_size_terms"": false, ""num_folds"": 2, ""pilot_fraction"": 0.2, ""surrogate_basis"": ""size_player"", ""surrogate_correction_max_iter"": 10, ""surrogate_correction_solver_mode"": ""matrix_free"", ""surrogate_r_correction_alpha"": 1.0, ""surrogate_readout_mode"": ""crossfit"", ""surrogate_ridge_lambda"": 1.0, ""surrogate_ridge_scaling"": ""size_trace"", ""surrogate_ridge_schedule"": ""fixed"", ""surrogate_solver_mode"": ""size_player"", ""surrogate_stats_backend"": ""exact_conditional"", ""surrogate_u_correction_alpha"": 1.0, ""use_complement_sampling"": true}"
ok,main,GELS,GELS,GELS,0,2026,200,10,500,1,907.5107134009595,907.7939152049948,907.5107134009595,0.0005176350241526961,0.310717013082467,907.1956479878863,0.003668776829726994,5.785899702459574e-05,0.0,0.0,0.00010412913979962468,907.5107134009595,0.0,0.0,0.0,0,[],not_configured,serial,1,500,10000,500,recompute,7565,-0.6630765353541634,-0.4126858563980782,0.25039067895608524,0.14566681386339986,outputs/benchmark_shapley_estimators/acs_job42594737_logistic_ease_fo_updates3/logs/GELS_seed2026.log,outputs/benchmark_shapley_estimators/acs_job42594737_logistic_ease_fo_updates3/per_run/GELS_seed2026.json,{}
ok,main,EaseSHAP_interaction_nonlinear,EASE-FO,EaseSHAP,0,2026,200,10,500,1,916.140327341971,916.3533292409847,916.07123640395,11.956690128019545,0.09154660982312635,903.9707222818979,0.11575147899566218,0.005496197962202132,0.0,0.0,0.00012064527254551649,916.0658510959474,0.07447624602355063,0.06909093802096322,0.005385308002587408,21,['_engine._readout_estimate'],wrapped:_engine._readout_estimate,serial,1,500,9898,500,recompute,9388,-0.6630765353541634,-0.4126858563980782,0.25039067895608524,0.25039067895608524,outputs/benchmark_shapley_estimators/acs_job42594737_logistic_ease_fo_updates3/logs/EaseSHAP_interaction_nonlinear_seed2026.log,outputs/benchmark_shapley_estimators/acs_job42594737_logistic_ease_fo_updates3/per_run/EaseSHAP_interaction_nonlinear_seed2026.json,"{""boundary_order"": 1, ""boundary_policy"": ""fixed"", ""exact_boundary_handling"": true, ""include_nonlinear_size_terms"": true, ""num_folds"": 2, ""pilot_design_updates"": 3, ""pilot_fraction"": 0.2, ""surrogate_basis"": 1, ""surrogate_readout_mode"": ""crossfit"", ""surrogate_ridge_lambda"": 0.01, ""surrogate_ridge_schedule"": ""times_m"", ""use_complement_sampling"": true}"
ok,main,SHAP_IQ,SHAP-IQ,SHAP_IQ,1,2027,200,10,500,1,937.2925934729865,937.573076233035,937.2925934729865,0.20862739998847246,0.3059918009676039,936.7717202198692,0.0061115489806979895,3.5446020774543285e-05,0.0,0.0,0.00010705715976655483,937.2925934729865,0.0,0.0,0.0,0,[],not_configured,serial,1,500,10000,500,recompute,7652,-0.6630765353541634,-0.4126858563980782,0.25039067895608524,0.2503906789560852,outputs/benchmark_shapley_estimators/acs_job42594737_logistic_ease_fo_updates3/logs/SHAP_IQ_seed2027.log,outputs/benchmark_shapley_estimators/acs_job42594737_logistic_ease_fo_updates3/per_run/SHAP_IQ_seed2027.json,{}
ok,main,sampling_lift,Sampling lift,sampling_lift,2,2028,200,10,500,1,696.2443952820031,696.4754223999917,696.2443952820031,6.594398291781545e-05,0.0011163800372742116,696.2425351000275,0.0006273927865549922,3.605964593589306e-06,0.0,0.0,4.6859204303473234e-05,696.2443952820031,0.0,0.0,0.0,0,[],not_configured,serial,1,500,100,5,recompute,5027,-0.6630765353541634,-0.4126858563980782,0.25039067895608524,0.31786186234936054,outputs/benchmark_shapley_estimators/acs_job42594737_logistic_ease_fo_updates3/logs/sampling_lift_seed2028.log,outputs/benchmark_shapley_estimators/acs_job42594737_logistic_ease_fo_updates3/per_run/sampling_lift_seed2028.json,{}
ok,main,complement,Complement,complement,2,2028,200,10,500,1,759.1855998380342,759.4811163889826,759.1855998380342,3.599794581532478e-05,0.06687070109182969,758.9818033829797,0.13681550801265985,4.1380408219993114e-06,0.0,0.0,7.010996341705322e-05,759.1855998380342,0.0,0.0,0.0,0,[],not_configured,serial,1,500,5000,250,recompute,9410,-0.6630765353541634,-0.4126858563980782,0.25039067895608524,0.2491231625897169,outputs/benchmark_shapley_estimators/acs_job42594737_logistic_ease_fo_updates3/logs/complement_seed2028.log,outputs/benchmark_shapley_estimators/acs_job42594737_logistic_ease_fo_updates3/per_run/complement_seed2028.json,{}
ok,main,LeverageSHAP,LeverageSHAP,LeverageSHAP,2,2028,200,10,500,1,779.657162101008,779.8861535399919,779.6469157811371,0.2645796820288524,0.08259011496556923,779.291157104075,0.01793347595958039,0.0007979619549587369,0.0,0.0,0.00010376202408224344,779.6464399451506,0.010722155857365578,0.010246319870930165,0.00047583598643541336,20,['_estimate'],wrapped:_estimate,serial,1,500,9998,500,recompute,9646,-0.6630765353541634,-0.4126858563980782,0.25039067895608524,0.2503906789560853,outputs/benchmark_shapley_estimators/acs_job42594737_logistic_ease_fo_updates3/logs/LeverageSHAP_seed2028.log,outputs/benchmark_shapley_estimators/acs_job42594737_logistic_ease_fo_updates3/per_run/LeverageSHAP_seed2028.json,"{""sampling_with_replacement"": true}"
ok,main,improved_AME,Improved AME,improved_AME,2,2028,200,10,500,1,824.262233129004,824.4506589039811,824.262233129004,8.615199476480484e-05,0.051817456842400134,824.2037006650935,0.005694681138265878,3.4659751690924168e-06,0.0,0.0,0.0009307079599238932,824.262233129004,0.0,0.0,0.0,0,[],not_configured,serial,1,500,10000,500,recompute,9254,-0.6630765353541634,-0.4126858563980782,0.25039067895608524,0.2092311099197017,outputs/benchmark_shapley_estimators/acs_job42594737_logistic_ease_fo_updates3/logs/improved_AME_seed2028.log,outputs/benchmark_shapley_estimators/acs_job42594737_logistic_ease_fo_updates3/per_run/improved_AME_seed2028.json,{}
ok,main,permutation,Permutation,permutation,2,2028,200,10,500,1,806.7929646590492,807.0483615749981,806.7929646590492,3.9955019019544125e-05,0.0015474840183742344,806.7906956063234,0.0006251352024264634,3.927038051187992e-06,0.0,0.0,5.255144787952304e-05,806.7929646590492,0.0,0.0,0.0,0,[],not_configured,serial,1,500,200,10,recompute,9468,-0.6630765353541634,-0.4126858563980782,0.25039067895608524,0.2503906789560852,outputs/benchmark_shapley_estimators/acs_job42594737_logistic_ease_fo_updates3/logs/permutation_seed2028.log,outputs/benchmark_shapley_estimators/acs_job42594737_logistic_ease_fo_updates3/per_run/permutation_seed2028.json,{}
ok,main,GELS,GELS,GELS,2,2028,200,10,500,1,838.9962164179888,839.1999160459964,838.9962164179888,0.00014072505291551352,0.301513998885639,838.6908973857644,0.0035550419124774635,3.688997821882367e-05,0.0,0.0,7.23763951100409e-05,838.9962164179888,0.0,0.0,0.0,0,[],not_configured,serial,1,500,10000,500,recompute,7480,-0.6630765353541634,-0.4126858563980782,0.25039067895608524,0.3307140330257534,outputs/benchmark_shapley_estimators/acs_job42594737_logistic_ease_fo_updates3/logs/GELS_seed2028.log,outputs/benchmark_shapley_estimators/acs_job42594737_logistic_ease_fo_updates3/per_run/GELS_seed2028.json,{}
ok,main,RegressionMSR_unbiased,RegressionMSR,RegressionMSR_unbiased,2,2028,200,10,500,1,807.8938335140119,808.1205484679667,807.7182357691345,0.0010492050205357373,0.5132053788402118,807.1838514710544,0.19564602704485878,6.351969204843044e-06,0.0,0.0,7.508008275181055e-05,807.6999694211408,0.19386409287108108,0.17559774487745017,0.018266347993630916,20,['_run_kfold'],wrapped:_run_kfold,serial,1,500,10000,500,recompute,9620,-0.6630765353541634,-0.4126858563980782,0.25039067895608524,0.25039067895608547,outputs/benchmark_shapley_estimators/acs_job42594737_logistic_ease_fo_updates3/logs/RegressionMSR_unbiased_seed2028.log,outputs/benchmark_shapley_estimators/acs_job42594737_logistic_ease_fo_updates3/per_run/RegressionMSR_unbiased_seed2028.json,"{""num_folds"": 2, ""paired_sampling"": null, ""sampling_with_replacement"": true}"
ok,main,OFA_fixed,OFA,OFA_fixed,3,2029,200,10,500,1,814.5642214409891,814.7944743140251,814.5642214409891,11.522206743014976,0.29655351606197655,802.2517494140775,0.4935935639659874,1.9806961063295603e-05,0.0,0.0,9.839690756052732e-05,814.5642214409891,0.0,0.0,0.0,0,[],not_configured,serial,1,500,10000,500,recompute,9863,-0.6630765353541634,-0.4126858563980782,0.25039067895608524,0.24966106529216153,outputs/benchmark_shapley_estimators/acs_job42594737_logistic_ease_fo_updates3/logs/OFA_fixed_seed2029.log,outputs/benchmark_shapley_estimators/acs_job42594737_logistic_ease_fo_updates3/per_run/OFA_fixed_seed2029.json,{}
ok,main,SHAP_IQ,SHAP-IQ,SHAP_IQ,2,2028,200,10,500,1,883.1841601039632,883.4380453189951,883.1841601039632,0.22642723697936162,0.29714292380958796,882.6545324468752,0.0059522371157072484,2.1610991097986698e-05,0.0,0.0,8.364819223061204e-05,883.1841601039632,0.0,0.0,0.0,0,[],not_configured,serial,1,500,10000,500,recompute,7517,-0.6630765353541634,-0.4126858563980782,0.25039067895608524,0.2503906789560853,outputs/benchmark_shapley_estimators/acs_job42594737_logistic_ease_fo_updates3/logs/SHAP_IQ_seed2028.log,outputs/benchmark_shapley_estimators/acs_job42594737_logistic_ease_fo_updates3/per_run/SHAP_IQ_seed2028.json,{}
ok,main,kernelSHAP,kernelSHAP,kernelSHAP,2,2028,200,10,500,1,879.7582789790467,880.0306200880441,879.7441751470906,0.3037647070013918,0.2995172649389133,879.1338937149267,0.020974757033400238,1.8454971723258495e-05,0.0,0.0,0.00011008017463609576,879.7434643590823,0.014814619964454323,0.014103831956163049,0.0007107880082912743,20,['_estimate'],wrapped:_estimate,serial,1,500,10000,500,recompute,7517,-0.6630765353541634,-0.4126858563980782,0.25039067895608524,0.25039067895608735,outputs/benchmark_shapley_estimators/acs_job42594737_logistic_ease_fo_updates3/logs/kernelSHAP_seed2028.log,outputs/benchmark_shapley_estimators/acs_job42594737_logistic_ease_fo_updates3/per_run/kernelSHAP_seed2028.json,{}
ok,main,OFA_baseline,OFA baseline,OFA_baseline,3,2029,200,10,500,1,855.7617838879814,856.0691032669856,855.7617838879814,0.00011687999358400702,0.0015094607369974256,855.7586398261483,0.0014526530867442489,4.137982614338398e-06,0.0,0.0,6.093003321439028e-05,855.7617838879814,0.0,0.0,0.0,0,[],not_configured,serial,1,500,100,5,recompute,9477,-0.6630765353541634,-0.4126858563980782,0.25039067895608524,0.24960697972112184,outputs/benchmark_shapley_estimators/acs_job42594737_logistic_ease_fo_updates3/logs/OFA_baseline_seed2029.log,outputs/benchmark_shapley_estimators/acs_job42594737_logistic_ease_fo_updates3/per_run/OFA_baseline_seed2029.json,{}
ok,main,complement,Complement,complement,3,2029,200,10,500,1,811.0142388580134,811.290126952983,811.0142388580134,8.282600902020931e-05,0.06732706801267341,810.8099467390566,0.13676962995668873,3.303197445347905e-05,0.0,0.0,7.956300396472216e-05,811.0142388580134,0.0,0.0,0.0,0,[],not_configured,serial,1,500,5000,250,recompute,9464,-0.6630765353541634,-0.4126858563980782,0.25039067895608524,0.2501218787469997,outputs/benchmark_shapley_estimators/acs_job42594737_logistic_ease_fo_updates3/logs/complement_seed2029.log,outputs/benchmark_shapley_estimators/acs_job42594737_logistic_ease_fo_updates3/per_run/complement_seed2029.json,{}
ok,main,group_testing,Group testing,group_testing,2,2028,200,10,500,1,901.0382844970445,901.2548942349968,901.0382844970445,7.385900244116783e-05,0.29446790501242504,900.7422464878764,0.0014101549750193954,3.847002517431974e-06,0.0,0.0,8.224317571148276e-05,901.0382844970445,0.0,0.0,0.0,0,[],not_configured,serial,1,500,10000,500,recompute,7480,-0.6630765353541634,-0.4126858563980782,0.25039067895608524,-0.11070106231901591,outputs/benchmark_shapley_estimators/acs_job42594737_logistic_ease_fo_updates3/logs/group_testing_seed2028.log,outputs/benchmark_shapley_estimators/acs_job42594737_logistic_ease_fo_updates3/per_run/group_testing_seed2028.json,{}
ok,main,sampling_lift,Sampling lift,sampling_lift,3,2029,200,10,500,1,891.0402140630176,891.3219298290205,891.0402140630176,7.550203008577228e-05,0.0010910439305007458,891.0383703419939,0.0006232139421626925,3.4070108085870743e-06,0.0,0.0,5.055411020293832e-05,891.0402140630176,0.0,0.0,0.0,0,[],not_configured,serial,1,500,100,5,recompute,4943,-0.6630765353541634,-0.4126858563980782,0.25039067895608524,0.13922192427298238,outputs/benchmark_shapley_estimators/acs_job42594737_logistic_ease_fo_updates3/logs/sampling_lift_seed2029.log,outputs/benchmark_shapley_estimators/acs_job42594737_logistic_ease_fo_updates3/per_run/sampling_lift_seed2029.json,{}
ok,main,OFA_fixed,OFA,OFA_fixed,4,2030,200,10,500,1,821.9662995859981,822.2364005729905,821.9662995859981,12.19375773705542,0.29382528993301094,808.9883867262397,0.4901899719843641,2.3733999114483595e-05,0.0,0.0,0.00011612678645178676,821.9662995859981,0.0,0.0,0.0,0,[],not_configured,serial,1,500,10000,500,recompute,9854,-0.6630765353541634,-0.4126858563980782,0.25039067895608524,0.25180616244859455,outputs/benchmark_shapley_estimators/acs_job42594737_logistic_ease_fo_updates3/logs/OFA_fixed_seed2030.log,outputs/benchmark_shapley_estimators/acs_job42594737_logistic_ease_fo_updates3/per_run/OFA_fixed_seed2030.json,{}
ok,main,LeverageSHAP,LeverageSHAP,LeverageSHAP,3,2029,200,10,500,1,922.9792193709873,923.2656654780149,922.9690603759955,0.3095703150029294,0.08234693488338962,922.5685066800797,0.017822392052039504,0.0008605100447311997,0.0,0.0,0.00011253892444074154,922.9685425010393,0.010676869947928935,0.010158994991797954,0.0005178749561309814,20,['_estimate'],wrapped:_estimate,serial,1,500,9998,500,recompute,9632,-0.6630765353541634,-0.4126858563980782,0.25039067895608524,0.2503906789560853,outputs/benchmark_shapley_estimators/acs_job42594737_logistic_ease_fo_updates3/logs/LeverageSHAP_seed2029.log,outputs/benchmark_shapley_estimators/acs_job42594737_logistic_ease_fo_updates3/per_run/LeverageSHAP_seed2029.json,"{""sampling_with_replacement"": true}"
ok,main,RegressionMSR_unbiased,RegressionMSR,RegressionMSR_unbiased,3,2029,200,10,500,1,868.9810255320044,869.2187449989724,868.8042102911277,0.0010848920210264623,0.6161602481151931,868.1667038601008,0.19698676699772477,8.836970664560795e-06,0.0,0.0,8.092779899016023e-05,868.7857873491594,0.19523818284505978,0.17681524087674916,0.018422941968310624,20,['_run_kfold'],wrapped:_run_kfold,serial,1,500,10000,500,recompute,9644,-0.6630765353541634,-0.4126858563980782,0.25039067895608524,0.25039067895608524,outputs/benchmark_shapley_estimators/acs_job42594737_logistic_ease_fo_updates3/logs/RegressionMSR_unbiased_seed2029.log,outputs/benchmark_shapley_estimators/acs_job42594737_logistic_ease_fo_updates3/per_run/RegressionMSR_unbiased_seed2029.json,"{""num_folds"": 2, ""paired_sampling"": null, ""sampling_with_replacement"": true}"
ok,main,improved_AME,Improved AME,improved_AME,3,2029,200,10,500,1,956.6539096609922,957.0905297870049,956.6539096609922,7.164501585066319e-05,0.0514785279519856,956.5969322790625,0.005351064959540963,4.268018528819084e-06,0.0,0.0,7.187598384916782e-05,956.6539096609922,0.0,0.0,0.0,0,[],not_configured,serial,1,500,10000,500,recompute,9298,-0.6630765353541634,-0.4126858563980782,0.25039067895608524,0.4106841058017467,outputs/benchmark_shapley_estimators/acs_job42594737_logistic_ease_fo_updates3/logs/improved_AME_seed2029.log,outputs/benchmark_shapley_estimators/acs_job42594737_logistic_ease_fo_updates3/per_run/improved_AME_seed2029.json,{}
ok,main,kernelSHAP,kernelSHAP,kernelSHAP,3,2029,200,10,500,1,953.4462938550278,953.7729339110083,953.4315775379655,0.2966689760214649,0.2996321259997785,952.8282533910242,0.021592541015706956,3.538595046848059e-05,0.0,0.0,0.00011143501615151763,953.4308558289777,0.015438026050105691,0.014716317062266171,0.00072170898783952,20,['_estimate'],wrapped:_estimate,serial,1,500,10000,500,recompute,7604,-0.6630765353541634,-0.4126858563980782,0.25039067895608524,0.2503906789560863,outputs/benchmark_shapley_estimators/acs_job42594737_logistic_ease_fo_updates3/logs/kernelSHAP_seed2029.log,outputs/benchmark_shapley_estimators/acs_job42594737_logistic_ease_fo_updates3/per_run/kernelSHAP_seed2029.json,{}
ok,main,GELS,GELS,GELS,3,2029,200,10,500,1,986.9190238209558,987.2145301369601,986.9190238209558,0.00017344701336696744,0.30061073205433786,986.6143264618586,0.003806668857578188,3.35529912263155e-05,0.0,0.0,7.295818068087101e-05,986.9190238209558,0.0,0.0,0.0,0,[],not_configured,serial,1,500,10000,500,recompute,7598,-0.6630765353541634,-0.4126858563980782,0.25039067895608524,0.1992868122177378,outputs/benchmark_shapley_estimators/acs_job42594737_logistic_ease_fo_updates3/logs/GELS_seed2029.log,outputs/benchmark_shapley_estimators/acs_job42594737_logistic_ease_fo_updates3/per_run/GELS_seed2029.json,{}
ok,main,permutation,Permutation,permutation,3,2029,200,10,500,1,957.5285912700347,957.8710399160045,957.5285912700347,6.050401134416461e-05,0.0015729211154393852,957.5261837069993,0.0007171279285103083,3.536988515406847e-06,0.0,0.0,5.3472991567105055e-05,957.5285912700347,0.0,0.0,0.0,0,[],not_configured,serial,1,500,200,10,recompute,9467,-0.6630765353541634,-0.4126858563980782,0.25039067895608524,0.2503906789560852,outputs/benchmark_shapley_estimators/acs_job42594737_logistic_ease_fo_updates3/logs/permutation_seed2029.log,outputs/benchmark_shapley_estimators/acs_job42594737_logistic_ease_fo_updates3/per_run/permutation_seed2029.json,{}
ok,main,EaseSHAP_size_player,EASE-SP,EaseSHAP,3,2029,200,10,500,1,1027.1869944190257,1027.4936216499773,1023.7710028201109,11.514461120998021,0.09061394876334816,1011.6894104761304,3.6443139838520437,0.24808336200658232,0.0,0.0,0.00011152727529406548,1023.5230080451001,3.6639863739255816,3.415991598914843,0.24799477501073852,21,['_engine._readout_estimate'],wrapped:_engine._readout_estimate,serial,1,500,9898,500,recompute,9064,-0.6630765353541634,-0.4126858563980782,0.25039067895608524,0.25039067895608447,outputs/benchmark_shapley_estimators/acs_job42594737_logistic_ease_fo_updates3/logs/EaseSHAP_size_player_seed2029.log,outputs/benchmark_shapley_estimators/acs_job42594737_logistic_ease_fo_updates3/per_run/EaseSHAP_size_player_seed2029.json,"{""boundary_order"": 1, ""boundary_policy"": ""fixed"", ""exact_boundary_handling"": true, ""include_nonlinear_size_terms"": false, ""num_folds"": 2, ""pilot_fraction"": 0.2, ""surrogate_basis"": ""size_player"", ""surrogate_correction_max_iter"": 10, ""surrogate_correction_solver_mode"": ""matrix_free"", ""surrogate_r_correction_alpha"": 1.0, ""surrogate_readout_mode"": ""crossfit"", ""surrogate_ridge_lambda"": 1.0, ""surrogate_ridge_scaling"": ""size_trace"", ""surrogate_ridge_schedule"": ""fixed"", ""surrogate_solver_mode"": ""size_player"", ""surrogate_stats_backend"": ""exact_conditional"", ""surrogate_u_correction_alpha"": 1.0, ""use_complement_sampling"": true}"
ok,main,EaseSHAP_interaction_nonlinear,EASE-FO,EaseSHAP,3,2029,200,10,500,1,1032.6072108490043,1032.9130470620003,1032.5356015140424,11.730065524985548,0.08898607507580891,1020.6638225690112,0.11767125502228737,0.006573505001142621,0.0,0.0,9.191990830004215e-05,1032.5291246310226,0.07808621798176318,0.07160933496197686,0.006476883019786328,21,['_engine._readout_estimate'],wrapped:_engine._readout_estimate,serial,1,500,9898,500,recompute,9312,-0.6630765353541634,-0.4126858563980782,0.25039067895608524,0.2503906789560853,outputs/benchmark_shapley_estimators/acs_job42594737_logistic_ease_fo_updates3/logs/EaseSHAP_interaction_nonlinear_seed2029.log,outputs/benchmark_shapley_estimators/acs_job42594737_logistic_ease_fo_updates3/per_run/EaseSHAP_interaction_nonlinear_seed2029.json,"{""boundary_order"": 1, ""boundary_policy"": ""fixed"", ""exact_boundary_handling"": true, ""include_nonlinear_size_terms"": true, ""num_folds"": 2, ""pilot_design_updates"": 3, ""pilot_fraction"": 0.2, ""surrogate_basis"": 1, ""surrogate_readout_mode"": ""crossfit"", ""surrogate_ridge_lambda"": 0.01, ""surrogate_ridge_schedule"": ""times_m"", ""use_complement_sampling"": true}"
ok,main,OFA_baseline,OFA baseline,OFA_baseline,4,2030,200,10,500,1,903.9619118039845,904.3267013580189,903.9619118039845,7.302802987396717e-05,0.0014563211589120328,903.958848055976,0.001482343126554042,3.6969431675970554e-06,0.0,0.0,4.835875006392598e-05,903.9619118039845,0.0,0.0,0.0,0,[],not_configured,serial,1,500,100,5,recompute,9471,-0.6630765353541634,-0.4126858563980782,0.25039067895608524,0.24740052466683055,outputs/benchmark_shapley_estimators/acs_job42594737_logistic_ease_fo_updates3/logs/OFA_baseline_seed2030.log,outputs/benchmark_shapley_estimators/acs_job42594737_logistic_ease_fo_updates3/per_run/OFA_baseline_seed2030.json,{}
ok,main,sampling_lift,Sampling lift,sampling_lift,4,2030,200,10,500,1,904.4648242800031,904.7285023980075,904.4648242800031,7.54710054025054e-05,0.0011371200671419501,904.4628386622062,0.0006774839712306857,4.208897007629275e-05,0.0,0.0,5.345378303900361e-05,904.4648242800031,0.0,0.0,0.0,0,[],not_configured,serial,1,500,100,5,recompute,5040,-0.6630765353541634,-0.4126858563980782,0.25039067895608524,0.1726387044135138,outputs/benchmark_shapley_estimators/acs_job42594737_logistic_ease_fo_updates3/logs/sampling_lift_seed2030.log,outputs/benchmark_shapley_estimators/acs_job42594737_logistic_ease_fo_updates3/per_run/sampling_lift_seed2030.json,{}
ok,main,SHAP_IQ,SHAP-IQ,SHAP_IQ,3,2029,200,10,500,1,1032.5464660190046,1032.8628150119912,1032.5464660190046,0.32247605500742793,0.2987849760684185,1031.9189322581515,0.006151562032755464,3.0758033972233534e-05,0.0,0.0,9.040971053764224e-05,1032.5464660190046,0.0,0.0,0.0,0,[],not_configured,serial,1,500,10000,500,recompute,7604,-0.6630765353541634,-0.4126858563980782,0.25039067895608524,0.2503906789560852,outputs/benchmark_shapley_estimators/acs_job42594737_logistic_ease_fo_updates3/logs/SHAP_IQ_seed2029.log,outputs/benchmark_shapley_estimators/acs_job42594737_logistic_ease_fo_updates3/per_run/SHAP_IQ_seed2029.json,{}
ok,main,EaseSHAP_interaction_nonlinear,EASE-FO,EaseSHAP,4,2030,200,10,500,1,944.6523273129715,944.9436059080181,944.5854776909691,12.833434298983775,0.08770003402605653,931.6151540912106,0.11009141604881734,0.0058591600391082466,0.0,0.0,8.831266313791275e-05,944.57964519097,0.07268212200142443,0.06684962200233713,0.005832499999087304,21,['_engine._readout_estimate'],wrapped:_engine._readout_estimate,serial,1,500,9898,500,recompute,9364,-0.6630765353541634,-0.4126858563980782,0.25039067895608524,0.250390678956085,outputs/benchmark_shapley_estimators/acs_job42594737_logistic_ease_fo_updates3/logs/EaseSHAP_interaction_nonlinear_seed2030.log,outputs/benchmark_shapley_estimators/acs_job42594737_logistic_ease_fo_updates3/per_run/EaseSHAP_interaction_nonlinear_seed2030.json,"{""boundary_order"": 1, ""boundary_policy"": ""fixed"", ""exact_boundary_handling"": true, ""include_nonlinear_size_terms"": true, ""num_folds"": 2, ""pilot_design_updates"": 3, ""pilot_fraction"": 0.2, ""surrogate_basis"": 1, ""surrogate_readout_mode"": ""crossfit"", ""surrogate_ridge_lambda"": 0.01, ""surrogate_ridge_schedule"": ""times_m"", ""use_complement_sampling"": true}"
ok,main,GELS,GELS,GELS,4,2030,200,10,500,1,931.4944545130129,931.7709197929944,931.4944545130129,0.0001883840304799378,0.30395968491211534,931.1866208570427,0.0035829750122502446,3.3001997508108616e-05,0.0,0.0,6.961001781746745e-05,931.4944545130129,0.0,0.0,0.0,0,[],not_configured,serial,1,500,10000,500,recompute,7607,-0.6630765353541634,-0.4126858563980782,0.25039067895608524,0.2554531957230297,outputs/benchmark_shapley_estimators/acs_job42594737_logistic_ease_fo_updates3/logs/GELS_seed2030.log,outputs/benchmark_shapley_estimators/acs_job42594737_logistic_ease_fo_updates3/per_run/GELS_seed2030.json,{}
ok,main,improved_AME,Improved AME,improved_AME,4,2030,200,10,500,1,966.7340004720027,967.0628770929761,966.7340004720027,6.789801409468055e-05,0.05165760818636045,966.6769347101217,0.0052547670202329755,3.7070130929350853e-06,0.0,0.0,8.178164716809988e-05,966.7340004720027,0.0,0.0,0.0,0,[],not_configured,serial,1,500,10000,500,recompute,9292,-0.6630765353541634,-0.4126858563980782,0.25039067895608524,0.13619334958328932,outputs/benchmark_shapley_estimators/acs_job42594737_logistic_ease_fo_updates3/logs/improved_AME_seed2030.log,outputs/benchmark_shapley_estimators/acs_job42594737_logistic_ease_fo_updates3/per_run/improved_AME_seed2030.json,{}
ok,main,SHAP_IQ,SHAP-IQ,SHAP_IQ,4,2030,200,10,500,1,1026.8792734140297,1027.1782389080036,1026.8792734140297,0.3071294639958069,0.29879791295388713,1026.267186201003,0.006048003036994487,2.2062042262405157e-05,0.0,0.0,8.977099787443876e-05,1026.8792734140297,0.0,0.0,0.0,0,[],not_configured,serial,1,500,10000,500,recompute,7597,-0.6630765353541634,-0.4126858563980782,0.25039067895608524,0.2503906789560853,outputs/benchmark_shapley_estimators/acs_job42594737_logistic_ease_fo_updates3/logs/SHAP_IQ_seed2030.log,outputs/benchmark_shapley_estimators/acs_job42594737_logistic_ease_fo_updates3/per_run/SHAP_IQ_seed2030.json,{}
ok,main,EaseSHAP_size_player,EASE-SP,EaseSHAP,4,2030,200,10,500,1,1092.155014521035,1092.3797096800408,1088.8372721059131,16.114188183972146,0.0903567059431225,1072.1640937629854,3.542726141982712,0.24354200798552483,0.0,0.0,0.00010771816596388817,1088.5937640719349,3.5612504491000436,3.3177424151217565,0.24350803397828713,21,['_engine._readout_estimate'],wrapped:_engine._readout_estimate,serial,1,500,9898,500,recompute,9266,-0.6630765353541634,-0.4126858563980782,0.25039067895608524,0.25039067895608436,outputs/benchmark_shapley_estimators/acs_job42594737_logistic_ease_fo_updates3/logs/EaseSHAP_size_player_seed2030.log,outputs/benchmark_shapley_estimators/acs_job42594737_logistic_ease_fo_updates3/per_run/EaseSHAP_size_player_seed2030.json,"{""boundary_order"": 1, ""boundary_policy"": ""fixed"", ""exact_boundary_handling"": true, ""include_nonlinear_size_terms"": false, ""num_folds"": 2, ""pilot_fraction"": 0.2, ""surrogate_basis"": ""size_player"", ""surrogate_correction_max_iter"": 10, ""surrogate_correction_solver_mode"": ""matrix_free"", ""surrogate_r_correction_alpha"": 1.0, ""surrogate_readout_mode"": ""crossfit"", ""surrogate_ridge_lambda"": 1.0, ""surrogate_ridge_scaling"": ""size_trace"", ""surrogate_ridge_schedule"": ""fixed"", ""surrogate_solver_mode"": ""size_player"", ""surrogate_stats_backend"": ""exact_conditional"", ""surrogate_u_correction_alpha"": 1.0, ""use_complement_sampling"": true}"
ok,main,group_testing,Group testing,group_testing,3,2029,200,10,500,1,1154.4296163070248,1154.716374036041,1154.4296163070248,4.708894994109869e-05,0.29852202982874587,1154.1296092611155,0.001364627794828266,3.6669662222266197e-06,0.0,0.0,6.963236955925822e-05,1154.4296163070248,0.0,0.0,0.0,0,[],not_configured,serial,1,500,10000,500,recompute,7598,-0.6630765353541634,-0.4126858563980782,0.25039067895608524,0.4950723493310691,outputs/benchmark_shapley_estimators/acs_job42594737_logistic_ease_fo_updates3/logs/group_testing_seed2029.log,outputs/benchmark_shapley_estimators/acs_job42594737_logistic_ease_fo_updates3/per_run/group_testing_seed2029.json,{}
ok,main,LeverageSHAP,LeverageSHAP,LeverageSHAP,4,2030,200,10,500,1,752.6242618660326,752.9158221519901,752.6141987203155,0.31298967299517244,0.08313235390232876,752.2096148770652,0.017526404990348965,0.0008924089488573372,0.0,0.0,0.00010614813072606921,752.6136482643196,0.010613601712975651,0.010063145717140287,0.0005504559958353639,20,['_estimate'],wrapped:_estimate,serial,1,500,9998,500,recompute,9654,-0.6630765353541634,-0.4126858563980782,0.25039067895608524,0.25039067895608524,outputs/benchmark_shapley_estimators/acs_job42594737_logistic_ease_fo_updates3/logs/LeverageSHAP_seed2030.log,outputs/benchmark_shapley_estimators/acs_job42594737_logistic_ease_fo_updates3/per_run/LeverageSHAP_seed2030.json,"{""sampling_with_replacement"": true}"
ok,main,kernelSHAP,kernelSHAP,kernelSHAP,4,2030,200,10,500,1,865.011087803985,865.2910556429997,864.996838641935,0.27199830196332186,0.29595907795010135,864.4215912758373,0.021416046016383916,2.152996603399515e-05,0.0,0.0,0.0001015722518786788,864.9960656469339,0.015022157051134855,0.01424916204996407,0.0007729950011707842,20,['_estimate'],wrapped:_estimate,serial,1,500,10000,500,recompute,7597,-0.6630765353541634,-0.4126858563980782,0.25039067895608524,0.25039067895608286,outputs/benchmark_shapley_estimators/acs_job42594737_logistic_ease_fo_updates3/logs/kernelSHAP_seed2030.log,outputs/benchmark_shapley_estimators/acs_job42594737_logistic_ease_fo_updates3/per_run/kernelSHAP_seed2030.json,{}
ok,main,complement,Complement,complement,4,2030,200,10,500,1,783.5453217439936,783.7822149179992,783.5453217439936,7.918901974335313e-05,0.06715860200347379,783.3417000020854,0.1363078338908963,5.520007107406855e-06,0.0,0.0,7.05969869159162e-05,783.5453217439936,0.0,0.0,0.0,0,[],not_configured,serial,1,500,5000,250,recompute,9398,-0.6630765353541634,-0.4126858563980782,0.25039067895608524,0.25140892463002895,outputs/benchmark_shapley_estimators/acs_job42594737_logistic_ease_fo_updates3/logs/complement_seed2030.log,outputs/benchmark_shapley_estimators/acs_job42594737_logistic_ease_fo_updates3/per_run/complement_seed2030.json,{}
ok,main,RegressionMSR_unbiased,RegressionMSR,RegressionMSR_unbiased,4,2030,200,10,500,1,797.0317967449664,797.2650575229782,796.8409230498946,0.0010134580079466105,0.49119671300286427,796.3286412081216,0.2108564421068877,5.540961865335703e-06,0.0,0.0,8.338276529684663e-05,796.8227645028965,0.2090322420699522,0.19087369507178664,0.018158546998165548,20,['_run_kfold'],wrapped:_run_kfold,serial,1,500,10000,500,recompute,9674,-0.6630765353541634,-0.4126858563980782,0.25039067895608524,0.2503906789560856,outputs/benchmark_shapley_estimators/acs_job42594737_logistic_ease_fo_updates3/logs/RegressionMSR_unbiased_seed2030.log,outputs/benchmark_shapley_estimators/acs_job42594737_logistic_ease_fo_updates3/per_run/RegressionMSR_unbiased_seed2030.json,"{""num_folds"": 2, ""paired_sampling"": null, ""sampling_with_replacement"": true}"
ok,main,permutation,Permutation,permutation,4,2030,200,10,500,1,876.1312063839869,876.3672997420072,876.1312063839869,6.241799565032125e-05,0.0015913258539512753,876.1288326489739,0.0006448159110732377,2.1600979380309582e-05,0.0,0.0,5.357427289709449e-05,876.1312063839869,0.0,0.0,0.0,0,[],not_configured,serial,1,500,200,10,recompute,9463,-0.6630765353541634,-0.4126858563980782,0.25039067895608524,0.25039067895608524,outputs/benchmark_shapley_estimators/acs_job42594737_logistic_ease_fo_updates3/logs/permutation_seed2030.log,outputs/benchmark_shapley_estimators/acs_job42594737_logistic_ease_fo_updates3/per_run/permutation_seed2030.json,{}
ok,main,OFA_fixed,OFA,OFA_fixed,5,2031,200,10,500,1,872.8687021660153,873.1389407989918,872.8687021660153,11.090747050999198,0.294306808966212,860.9944549099309,0.4890788149787113,2.142001176252961e-05,0.0,0.0,9.316112846136093e-05,872.8687021660153,0.0,0.0,0.0,0,[],not_configured,serial,1,500,10000,500,recompute,9865,-0.6630765353541634,-0.4126858563980782,0.25039067895608524,0.24966001989305248,outputs/benchmark_shapley_estimators/acs_job42594737_logistic_ease_fo_updates3/logs/OFA_fixed_seed2031.log,outputs/benchmark_shapley_estimators/acs_job42594737_logistic_ease_fo_updates3/per_run/OFA_fixed_seed2031.json,{}
ok,main,sampling_lift,Sampling lift,sampling_lift,5,2031,200,10,500,1,862.0135574809974,862.3148882079986,862.0135574809974,7.511198054999113e-05,0.0010753539972938597,862.0116939369473,0.0006597619503736496,3.856956027448177e-06,0.0,0.0,4.945916589349508e-05,862.0135574809974,0.0,0.0,0.0,0,[],not_configured,serial,1,500,100,5,recompute,5022,-0.6630765353541634,-0.4126858563980782,0.25039067895608524,0.2022551361639557,outputs/benchmark_shapley_estimators/acs_job42594737_logistic_ease_fo_updates3/logs/sampling_lift_seed2031.log,outputs/benchmark_shapley_estimators/acs_job42594737_logistic_ease_fo_updates3/per_run/sampling_lift_seed2031.json,{}
ok,main,OFA_baseline,OFA baseline,OFA_baseline,5,2031,200,10,500,1,876.0264131849981,876.2792399130412,876.0264131849981,9.912700625136495e-05,0.0015253819874487817,876.0232890970656,0.0014450271264649928,3.4170225262641907e-06,0.0,0.0,5.113478982821107e-05,876.0264131849981,0.0,0.0,0.0,0,[],not_configured,serial,1,500,100,5,recompute,9474,-0.6630765353541634,-0.4126858563980782,0.25039067895608524,0.23855920501197442,outputs/benchmark_shapley_estimators/acs_job42594737_logistic_ease_fo_updates3/logs/OFA_baseline_seed2031.log,outputs/benchmark_shapley_estimators/acs_job42594737_logistic_ease_fo_updates3/per_run/OFA_baseline_seed2031.json,{}
ok,main,group_testing,Group testing,group_testing,4,2030,200,10,500,1,944.6959038510104,945.0150268980069,944.6959038510104,6.399099947884679e-05,0.2969661869574338,944.3974118699552,0.001387380005326122,4.347995854914188e-06,0.0,0.0,7.007509702816606e-05,944.6959038510104,0.0,0.0,0.0,0,[],not_configured,serial,1,500,10000,500,recompute,7607,-0.6630765353541634,-0.4126858563980782,0.25039067895608524,0.39297827284664977,outputs/benchmark_shapley_estimators/acs_job42594737_logistic_ease_fo_updates3/logs/group_testing_seed2030.log,outputs/benchmark_shapley_estimators/acs_job42594737_logistic_ease_fo_updates3/per_run/group_testing_seed2030.json,{}
ok,main,improved_AME,Improved AME,improved_AME,5,2031,200,10,500,1,865.5519894990139,865.8039741289685,865.5519894990139,6.905000191181898e-05,0.051311094022821635,865.4951996071613,0.005329975043423474,4.92902472615242e-06,0.0,0.0,7.484375964850187e-05,865.5519894990139,0.0,0.0,0.0,0,[],not_configured,serial,1,500,10000,500,recompute,9276,-0.6630765353541634,-0.4126858563980782,0.25039067895608524,0.04011863629897231,outputs/benchmark_shapley_estimators/acs_job42594737_logistic_ease_fo_updates3/logs/improved_AME_seed2031.log,outputs/benchmark_shapley_estimators/acs_job42594737_logistic_ease_fo_updates3/per_run/improved_AME_seed2031.json,{}
ok,main,EaseSHAP_size_player,EASE-SP,EaseSHAP,5,2031,200,10,500,1,960.1819117420237,960.463640247006,956.7212830149219,12.672743276983965,0.09027390385745093,943.4855013547931,3.6829611670109443,0.2503289930173196,0.0,0.0,0.00010304636089131236,956.4710375189316,3.7108742230921052,3.460628727101721,0.25024549599038437,21,['_engine._readout_estimate'],wrapped:_engine._readout_estimate,serial,1,500,9898,500,recompute,9326,-0.6630765353541634,-0.4126858563980782,0.25039067895608524,0.25039067895608447,outputs/benchmark_shapley_estimators/acs_job42594737_logistic_ease_fo_updates3/logs/EaseSHAP_size_player_seed2031.log,outputs/benchmark_shapley_estimators/acs_job42594737_logistic_ease_fo_updates3/per_run/EaseSHAP_size_player_seed2031.json,"{""boundary_order"": 1, ""boundary_policy"": ""fixed"", ""exact_boundary_handling"": true, ""include_nonlinear_size_terms"": false, ""num_folds"": 2, ""pilot_fraction"": 0.2, ""surrogate_basis"": ""size_player"", ""surrogate_correction_max_iter"": 10, ""surrogate_correction_solver_mode"": ""matrix_free"", ""surrogate_r_correction_alpha"": 1.0, ""surrogate_readout_mode"": ""crossfit"", ""surrogate_ridge_lambda"": 1.0, ""surrogate_ridge_scaling"": ""size_trace"", ""surrogate_ridge_schedule"": ""fixed"", ""surrogate_solver_mode"": ""size_player"", ""surrogate_stats_backend"": ""exact_conditional"", ""surrogate_u_correction_alpha"": 1.0, ""use_complement_sampling"": true}"
ok,main,EaseSHAP_interaction_nonlinear,EASE-FO,EaseSHAP,5,2031,200,10,500,1,977.7725317919976,977.9962857369683,977.6936895708786,11.839823941001669,0.08831597887910903,965.7142491077539,0.12353054591221735,0.006518020003568381,0.0,0.0,9.419844718649983e-05,977.6872378349071,0.08529395709047094,0.07884222111897543,0.006451735971495509,21,['_engine._readout_estimate'],wrapped:_engine._readout_estimate,serial,1,500,9898,500,recompute,9392,-0.6630765353541634,-0.4126858563980782,0.25039067895608524,0.2503906789560852,outputs/benchmark_shapley_estimators/acs_job42594737_logistic_ease_fo_updates3/logs/EaseSHAP_interaction_nonlinear_seed2031.log,outputs/benchmark_shapley_estimators/acs_job42594737_logistic_ease_fo_updates3/per_run/EaseSHAP_interaction_nonlinear_seed2031.json,"{""boundary_order"": 1, ""boundary_policy"": ""fixed"", ""exact_boundary_handling"": true, ""include_nonlinear_size_terms"": true, ""num_folds"": 2, ""pilot_design_updates"": 3, ""pilot_fraction"": 0.2, ""surrogate_basis"": 1, ""surrogate_readout_mode"": ""crossfit"", ""surrogate_ridge_lambda"": 0.01, ""surrogate_ridge_schedule"": ""times_m"", ""use_complement_sampling"": true}"
ok,main,permutation,Permutation,permutation,5,2031,200,10,500,1,826.8503902910161,827.0566824629786,826.8503902910161,7.745600305497646e-05,0.001572621869854629,826.8480516370619,0.0006366699817590415,3.4859986044466496e-06,0.0,0.0,4.8420100938528776e-05,826.8503902910161,0.0,0.0,0.0,0,[],not_configured,serial,1,500,200,10,recompute,9472,-0.6630765353541634,-0.4126858563980782,0.25039067895608524,0.25039067895608524,outputs/benchmark_shapley_estimators/acs_job42594737_logistic_ease_fo_updates3/logs/permutation_seed2031.log,outputs/benchmark_shapley_estimators/acs_job42594737_logistic_ease_fo_updates3/per_run/permutation_seed2031.json,{}
ok,main,RegressionMSR_unbiased,RegressionMSR,RegressionMSR_unbiased,5,2031,200,10,500,1,817.3566569610266,817.6154194700066,817.1826054138364,0.0010176359792239964,0.6314991100225598,816.5302309578983,0.19381283811526373,7.494003511965275e-06,0.0,0.0,8.892500773072243e-05,817.164611168846,0.19204579218057916,0.17405154719017446,0.017994244990404695,20,['_run_kfold'],wrapped:_run_kfold,serial,1,500,10000,500,recompute,9654,-0.6630765353541634,-0.4126858563980782,0.25039067895608524,0.2503906789560852,outputs/benchmark_shapley_estimators/acs_job42594737_logistic_ease_fo_updates3/logs/RegressionMSR_unbiased_seed2031.log,outputs/benchmark_shapley_estimators/acs_job42594737_logistic_ease_fo_updates3/per_run/RegressionMSR_unbiased_seed2031.json,"{""num_folds"": 2, ""paired_sampling"": null, ""sampling_with_replacement"": true}"
ok,main,LeverageSHAP,LeverageSHAP,LeverageSHAP,5,2031,200,10,500,1,879.6306197880185,879.9595907229814,879.6209413680481,0.3638965309946798,0.08240653009852394,879.1664821450249,0.016870529914740473,0.0008633550023660064,0.0,0.0,0.00010069698328152299,879.6204294040217,0.01019038399681449,0.00967841997044161,0.0005119640263728797,20,['_estimate'],wrapped:_estimate,serial,1,500,9998,500,recompute,9634,-0.6630765353541634,-0.4126858563980782,0.25039067895608524,0.2503906789560853,outputs/benchmark_shapley_estimators/acs_job42594737_logistic_ease_fo_updates3/logs/LeverageSHAP_seed2031.log,outputs/benchmark_shapley_estimators/acs_job42594737_logistic_ease_fo_updates3/per_run/LeverageSHAP_seed2031.json,"{""sampling_with_replacement"": true}"
ok,main,SHAP_IQ,SHAP-IQ,SHAP_IQ,5,2031,200,10,500,1,988.9955406360095,989.2443284610054,988.9955406360095,0.36694220296340063,0.2997948480187915,988.3227257569088,0.005967619072180241,2.3294007405638695e-05,0.0,0.0,8.691503899171948e-05,988.9955406360095,0.0,0.0,0.0,0,[],not_configured,serial,1,500,10000,500,recompute,7585,-0.6630765353541634,-0.4126858563980782,0.25039067895608524,0.2503906789560853,outputs/benchmark_shapley_estimators/acs_job42594737_logistic_ease_fo_updates3/logs/SHAP_IQ_seed2031.log,outputs/benchmark_shapley_estimators/acs_job42594737_logistic_ease_fo_updates3/per_run/SHAP_IQ_seed2031.json,{}
ok,main,complement,Complement,complement,5,2031,200,10,500,1,885.3014073910308,885.6159400449833,885.3014073910308,9.34670097194612e-05,0.06666659307666123,885.0991793081048,0.13537927897414193,6.442016456276178e-06,0.0,0.0,8.230184903368354e-05,885.3014073910308,0.0,0.0,0.0,0,[],not_configured,serial,1,500,5000,250,recompute,9414,-0.6630765353541634,-0.4126858563980782,0.25039067895608524,0.24974667934948563,outputs/benchmark_shapley_estimators/acs_job42594737_logistic_ease_fo_updates3/logs/complement_seed2031.log,outputs/benchmark_shapley_estimators/acs_job42594737_logistic_ease_fo_updates3/per_run/complement_seed2031.json,{}
ok,main,OFA_baseline,OFA baseline,OFA_baseline,6,2032,200,10,500,1,873.2440734929987,873.5521961080376,873.2440734929987,7.690500933676958e-05,0.0014225869672372937,873.2411764999852,0.001343399693723768,4.647998139262199e-06,0.0,0.0,4.9453345127403736e-05,873.2440734929987,0.0,0.0,0.0,0,[],not_configured,serial,1,500,100,5,recompute,9475,-0.6630765353541634,-0.4126858563980782,0.25039067895608524,0.2528001230318347,outputs/benchmark_shapley_estimators/acs_job42594737_logistic_ease_fo_updates3/logs/OFA_baseline_seed2032.log,outputs/benchmark_shapley_estimators/acs_job42594737_logistic_ease_fo_updates3/per_run/OFA_baseline_seed2032.json,{}
ok,main,improved_AME,Improved AME,improved_AME,6,2032,200,10,500,1,831.86270672502,832.1739739800105,831.86270672502,8.805596735328436e-05,0.05121999984839931,831.8059123982093,0.005407318938523531,3.627035766839981e-06,0.0,0.0,7.532502058893442e-05,831.86270672502,0.0,0.0,0.0,0,[],not_configured,serial,1,500,10000,500,recompute,9256,-0.6630765353541634,-0.4126858563980782,0.25039067895608524,0.14556046991292884,outputs/benchmark_shapley_estimators/acs_job42594737_logistic_ease_fo_updates3/logs/improved_AME_seed2032.log,outputs/benchmark_shapley_estimators/acs_job42594737_logistic_ease_fo_updates3/per_run/improved_AME_seed2032.json,{}
ok,main,sampling_lift,Sampling lift,sampling_lift,6,2032,200,10,500,1,902.2732345229597,902.5517568429932,902.2732345229597,3.995496081188321e-05,0.0010196708608418703,902.271511371946,0.0006100609316490591,5.851034075021744e-06,0.0,0.0,4.761322634294629e-05,902.2732345229597,0.0,0.0,0.0,0,[],not_configured,serial,1,500,100,5,recompute,4984,-0.6630765353541634,-0.4126858563980782,0.25039067895608524,0.1761080021868635,outputs/benchmark_shapley_estimators/acs_job42594737_logistic_ease_fo_updates3/logs/sampling_lift_seed2032.log,outputs/benchmark_shapley_estimators/acs_job42594737_logistic_ease_fo_updates3/per_run/sampling_lift_seed2032.json,{}
ok,main,OFA_fixed,OFA,OFA_fixed,6,2032,200,10,500,1,915.9534356560325,916.2417914679972,915.9534356560325,14.36100593698211,0.30078162404242903,900.8024831486982,0.48904291697544977,1.911597792059183e-05,0.0,0.0,0.00010291335638612509,915.9534356560325,0.0,0.0,0.0,0,[],not_configured,serial,1,500,10000,500,recompute,9859,-0.6630765353541634,-0.4126858563980782,0.25039067895608524,0.2503986664187951,outputs/benchmark_shapley_estimators/acs_job42594737_logistic_ease_fo_updates3/logs/OFA_fixed_seed2032.log,outputs/benchmark_shapley_estimators/acs_job42594737_logistic_ease_fo_updates3/per_run/OFA_fixed_seed2032.json,{}
ok,main,group_testing,Group testing,group_testing,5,2031,200,10,500,1,987.8191217369749,988.0944202449755,987.8191217369749,9.722303366288543e-05,0.29515428002923727,987.5223484251765,0.0014462230610661209,3.476976417005062e-06,0.0,0.0,7.210869807749987e-05,987.8191217369749,0.0,0.0,0.0,0,[],not_configured,serial,1,500,10000,500,recompute,7567,-0.6630765353541634,-0.4126858563980782,0.25039067895608524,-0.4037084823408041,outputs/benchmark_shapley_estimators/acs_job42594737_logistic_ease_fo_updates3/logs/group_testing_seed2031.log,outputs/benchmark_shapley_estimators/acs_job42594737_logistic_ease_fo_updates3/per_run/group_testing_seed2031.json,{}
ok,main,kernelSHAP,kernelSHAP,kernelSHAP,5,2031,200,10,500,1,1047.014187557972,1047.2915906690178,1046.9995705751353,0.28762046800693497,0.2964004780515097,1046.4081246519927,0.02190090116346255,2.0738982129842043e-05,0.0,0.0,0.00012031977530568838,1046.9988319241675,0.015355633804574609,0.014616982836741954,0.0007386509678326547,20,['_estimate'],wrapped:_estimate,serial,1,500,10000,500,recompute,7585,-0.6630765353541634,-0.4126858563980782,0.25039067895608524,0.2503906789560856,outputs/benchmark_shapley_estimators/acs_job42594737_logistic_ease_fo_updates3/logs/kernelSHAP_seed2031.log,outputs/benchmark_shapley_estimators/acs_job42594737_logistic_ease_fo_updates3/per_run/kernelSHAP_seed2031.json,{}
ok,main,EaseSHAP_interaction_nonlinear,EASE-FO,EaseSHAP,6,2032,200,10,500,1,990.4059706819826,990.6670858190046,990.3364463571343,16.428272286022548,0.08852037304313853,973.7683173810947,0.1143997460603714,0.006365153007209301,0.0,0.0,9.574275463819504e-05,990.3301593811484,0.0758113008341752,0.06952432484831661,0.006286975985858589,21,['_engine._readout_estimate'],wrapped:_engine._readout_estimate,serial,1,500,9898,500,recompute,9310,-0.6630765353541634,-0.4126858563980782,0.25039067895608524,0.2503906789560853,outputs/benchmark_shapley_estimators/acs_job42594737_logistic_ease_fo_updates3/logs/EaseSHAP_interaction_nonlinear_seed2032.log,outputs/benchmark_shapley_estimators/acs_job42594737_logistic_ease_fo_updates3/per_run/EaseSHAP_interaction_nonlinear_seed2032.json,"{""boundary_order"": 1, ""boundary_policy"": ""fixed"", ""exact_boundary_handling"": true, ""include_nonlinear_size_terms"": true, ""num_folds"": 2, ""pilot_design_updates"": 3, ""pilot_fraction"": 0.2, ""surrogate_basis"": 1, ""surrogate_readout_mode"": ""crossfit"", ""surrogate_ridge_lambda"": 0.01, ""surrogate_ridge_schedule"": ""times_m"", ""use_complement_sampling"": true}"
ok,main,complement,Complement,complement,6,2032,200,10,500,1,792.5952337509952,792.8569038439891,792.5952337509952,6.322801345959306e-05,0.0669509589788504,792.3919457209413,0.13619639904936776,5.409994628280401e-06,0.0,0.0,7.203401764854789e-05,792.5952337509952,0.0,0.0,0.0,0,[],not_configured,serial,1,500,5000,250,recompute,9438,-0.6630765353541634,-0.4126858563980782,0.25039067895608524,0.25338929918638503,outputs/benchmark_shapley_estimators/acs_job42594737_logistic_ease_fo_updates3/logs/complement_seed2032.log,outputs/benchmark_shapley_estimators/acs_job42594737_logistic_ease_fo_updates3/per_run/complement_seed2032.json,{}
ok,main,SHAP_IQ,SHAP-IQ,SHAP_IQ,6,2032,200,10,500,1,1005.0414851059904,1005.2891240529716,1005.0414851059904,0.32699199800845236,0.2971662488998845,1004.4111942040618,0.006017516949214041,1.1470983736217022e-05,0.0,0.0,0.00010366708738729358,1005.0414851059904,0.0,0.0,0.0,0,[],not_configured,serial,1,500,10000,500,recompute,7483,-0.6630765353541634,-0.4126858563980782,0.25039067895608524,0.25039067895608513,outputs/benchmark_shapley_estimators/acs_job42594737_logistic_ease_fo_updates3/logs/SHAP_IQ_seed2032.log,outputs/benchmark_shapley_estimators/acs_job42594737_logistic_ease_fo_updates3/per_run/SHAP_IQ_seed2032.json,{}
ok,main,GELS,GELS,GELS,6,2032,200,10,500,1,1001.7871634910116,1002.0617673330125,1001.7871634910116,0.00017564004519954324,0.30060921591939405,1001.4827283327468,0.003531578928232193,4.248000914230943e-05,0.0,0.0,7.62433628551662e-05,1001.7871634910116,0.0,0.0,0.0,0,[],not_configured,serial,1,500,10000,500,recompute,7488,-0.6630765353541634,-0.4126858563980782,0.25039067895608524,0.17885256627967516,outputs/benchmark_shapley_estimators/acs_job42594737_logistic_ease_fo_updates3/logs/GELS_seed2032.log,outputs/benchmark_shapley_estimators/acs_job42594737_logistic_ease_fo_updates3/per_run/GELS_seed2032.json,{}
ok,main,GELS,GELS,GELS,5,2031,200,10,500,1,1216.5545912070083,1216.8641162169515,1216.5545912070083,0.00016849703388288617,0.29680503287818283,1216.253913276887,0.0036232019774615765,4.928966518491507e-06,0.0,0.0,7.626926526427269e-05,1216.5545912070083,0.0,0.0,0.0,0,[],not_configured,serial,1,500,10000,500,recompute,7567,-0.6630765353541634,-0.4126858563980782,0.25039067895608524,0.21287082433110283,outputs/benchmark_shapley_estimators/acs_job42594737_logistic_ease_fo_updates3/logs/GELS_seed2031.log,outputs/benchmark_shapley_estimators/acs_job42594737_logistic_ease_fo_updates3/per_run/GELS_seed2031.json,{}
ok,main,kernelSHAP,kernelSHAP,kernelSHAP,6,2032,200,10,500,1,1006.1917794629699,1006.4641038390109,1006.1776408380247,0.3086047599790618,0.29378617322072387,1005.5680088649387,0.021238802117295563,1.9175990018993616e-05,0.0,0.0,0.00012168672401458025,1006.1768986210227,0.014880841947160661,0.014138624945189804,0.0007422170019708574,20,['_estimate'],wrapped:_estimate,serial,1,500,10000,500,recompute,7483,-0.6630765353541634,-0.4126858563980782,0.25039067895608524,0.2503906789560869,outputs/benchmark_shapley_estimators/acs_job42594737_logistic_ease_fo_updates3/logs/kernelSHAP_seed2032.log,outputs/benchmark_shapley_estimators/acs_job42594737_logistic_ease_fo_updates3/per_run/kernelSHAP_seed2032.json,{}
ok,main,LeverageSHAP,LeverageSHAP,LeverageSHAP,6,2032,200,10,500,1,976.8121411000029,977.197506046039,976.8020062099677,0.3453257260262035,0.08313291316153482,976.3648093341035,0.017890107759740204,0.000872401986271143,0.0,0.0,0.00011061696568503976,976.8014774949406,0.010663605062291026,0.010134890035260469,0.0005287150270305574,20,['_estimate'],wrapped:_estimate,serial,1,500,9998,500,recompute,9650,-0.6630765353541634,-0.4126858563980782,0.25039067895608524,0.25039067895608524,outputs/benchmark_shapley_estimators/acs_job42594737_logistic_ease_fo_updates3/logs/LeverageSHAP_seed2032.log,outputs/benchmark_shapley_estimators/acs_job42594737_logistic_ease_fo_updates3/per_run/LeverageSHAP_seed2032.json,"{""sampling_with_replacement"": true}"
ok,main,permutation,Permutation,permutation,6,2032,200,10,500,1,950.5422437969828,950.7812910920475,950.5422437969828,7.402902701869607e-05,0.0016292522195726633,950.539715131803,0.0007320261211134493,3.427499905228615e-05,0.0,0.0,5.908281309530139e-05,950.5422437969828,0.0,0.0,0.0,0,[],not_configured,serial,1,500,200,10,recompute,9456,-0.6630765353541634,-0.4126858563980782,0.25039067895608524,0.2503906789560852,outputs/benchmark_shapley_estimators/acs_job42594737_logistic_ease_fo_updates3/logs/permutation_seed2032.log,outputs/benchmark_shapley_estimators/acs_job42594737_logistic_ease_fo_updates3/per_run/permutation_seed2032.json,{}
ok,main,EaseSHAP_size_player,EASE-SP,EaseSHAP,6,2032,200,10,500,1,1154.4776322920225,1154.719882867008,1151.1623877010425,16.6286634359858,0.08921295107575133,1133.979181837116,3.5320144918514416,0.24845897301565856,0.0,0.0,0.00010060297790914774,1150.9139537560404,3.563678535982035,3.315244590980001,0.2484339450020343,21,['_engine._readout_estimate'],wrapped:_engine._readout_estimate,serial,1,500,9898,500,recompute,9146,-0.6630765353541634,-0.4126858563980782,0.25039067895608524,0.25039067895608424,outputs/benchmark_shapley_estimators/acs_job42594737_logistic_ease_fo_updates3/logs/EaseSHAP_size_player_seed2032.log,outputs/benchmark_shapley_estimators/acs_job42594737_logistic_ease_fo_updates3/per_run/EaseSHAP_size_player_seed2032.json,"{""boundary_order"": 1, ""boundary_policy"": ""fixed"", ""exact_boundary_handling"": true, ""include_nonlinear_size_terms"": false, ""num_folds"": 2, ""pilot_fraction"": 0.2, ""surrogate_basis"": ""size_player"", ""surrogate_correction_max_iter"": 10, ""surrogate_correction_solver_mode"": ""matrix_free"", ""surrogate_r_correction_alpha"": 1.0, ""surrogate_readout_mode"": ""crossfit"", ""surrogate_ridge_lambda"": 1.0, ""surrogate_ridge_scaling"": ""size_trace"", ""surrogate_ridge_schedule"": ""fixed"", ""surrogate_solver_mode"": ""size_player"", ""surrogate_stats_backend"": ""exact_conditional"", ""surrogate_u_correction_alpha"": 1.0, ""use_complement_sampling"": true}"
ok,main,RegressionMSR_unbiased,RegressionMSR,RegressionMSR_unbiased,6,2032,200,10,500,1,812.6939942809986,812.9481694070273,812.5177954860264,0.001106692012399435,0.5406640620785765,811.9543639340554,0.19776550924871117,6.732007022947073e-06,0.0,0.0,8.735159644857049e-05,812.4980222340091,0.1959720469894819,0.17619879497215152,0.01977325201733038,20,['_run_kfold'],wrapped:_run_kfold,serial,1,500,10000,500,recompute,9580,-0.6630765353541634,-0.4126858563980782,0.25039067895608524,0.25039067895608563,outputs/benchmark_shapley_estimators/acs_job42594737_logistic_ease_fo_updates3/logs/RegressionMSR_unbiased_seed2032.log,outputs/benchmark_shapley_estimators/acs_job42594737_logistic_ease_fo_updates3/per_run/RegressionMSR_unbiased_seed2032.json,"{""num_folds"": 2, ""paired_sampling"": null, ""sampling_with_replacement"": true}"
ok,main,group_testing,Group testing,group_testing,6,2032,200,10,500,1,845.7340117180138,845.9569426759845,845.7340117180138,9.159301407635212e-05,0.2918931960593909,845.4405285530374,0.0013975331094115973,1.9186001736670732e-05,0.0,0.0,8.165679173544049e-05,845.7340117180138,0.0,0.0,0.0,0,[],not_configured,serial,1,500,10000,500,recompute,7488,-0.6630765353541634,-0.4126858563980782,0.25039067895608524,0.1758323001919444,outputs/benchmark_shapley_estimators/acs_job42594737_logistic_ease_fo_updates3/logs/group_testing_seed2032.log,outputs/benchmark_shapley_estimators/acs_job42594737_logistic_ease_fo_updates3/per_run/group_testing_seed2032.json,{}
ok,main,sampling_lift,Sampling lift,sampling_lift,7,2033,200,10,500,1,795.027315823012,795.339144041005,795.027315823012,4.4744054321199656e-05,0.0010862540220841765,795.0255204360001,0.0006021709414198995,5.170004442334175e-06,0.0,0.0,5.7047989685088396e-05,795.027315823012,0.0,0.0,0.0,0,[],not_configured,serial,1,500,100,5,recompute,4996,-0.6630765353541634,-0.4126858563980782,0.25039067895608524,0.3071663994363966,outputs/benchmark_shapley_estimators/acs_job42594737_logistic_ease_fo_updates3/logs/sampling_lift_seed2033.log,outputs/benchmark_shapley_estimators/acs_job42594737_logistic_ease_fo_updates3/per_run/sampling_lift_seed2033.json,{}
ok,main,OFA_baseline,OFA baseline,OFA_baseline,7,2033,200,10,500,1,843.5913640829967,843.8658707520226,843.5913640829967,9.899603901430964e-05,0.0014528059982694685,843.588408758922,0.0013414861168712378,3.857014235109091e-06,0.0,0.0,5.8178906328976154e-05,843.5913640829967,0.0,0.0,0.0,0,[],not_configured,serial,1,500,100,5,recompute,9468,-0.6630765353541634,-0.4126858563980782,0.25039067895608524,0.26023948918129086,outputs/benchmark_shapley_estimators/acs_job42594737_logistic_ease_fo_updates3/logs/OFA_baseline_seed2033.log,outputs/benchmark_shapley_estimators/acs_job42594737_logistic_ease_fo_updates3/per_run/OFA_baseline_seed2033.json,{}
ok,main,LeverageSHAP,LeverageSHAP,LeverageSHAP,7,2033,200,10,500,1,779.8268461510306,780.087411636021,779.816749915015,0.30482163798296824,0.10077008203370497,779.4028867528541,0.01743712619645521,0.000825032009743154,0.0,0.0,0.00010551995364949107,779.8162425499759,0.010603601054754108,0.010096236015670002,0.0005073650390841067,20,['_estimate'],wrapped:_estimate,serial,1,500,9998,500,recompute,9666,-0.6630765353541634,-0.4126858563980782,0.25039067895608524,0.25039067895608524,outputs/benchmark_shapley_estimators/acs_job42594737_logistic_ease_fo_updates3/logs/LeverageSHAP_seed2033.log,outputs/benchmark_shapley_estimators/acs_job42594737_logistic_ease_fo_updates3/per_run/LeverageSHAP_seed2033.json,"{""sampling_with_replacement"": true}"
ok,main,SHAP_IQ,SHAP-IQ,SHAP_IQ,7,2033,200,10,500,1,868.9748819500091,869.1635527780163,868.9748819500091,0.31439199100714177,0.2981175309396349,868.3562141379225,0.006045229907613248,2.0106963347643614e-05,0.0,0.0,9.295326890423894e-05,868.9748819500091,0.0,0.0,0.0,0,[],not_configured,serial,1,500,10000,500,recompute,7527,-0.6630765353541634,-0.4126858563980782,0.25039067895608524,0.25039067895608513,outputs/benchmark_shapley_estimators/acs_job42594737_logistic_ease_fo_updates3/logs/SHAP_IQ_seed2033.log,outputs/benchmark_shapley_estimators/acs_job42594737_logistic_ease_fo_updates3/per_run/SHAP_IQ_seed2033.json,{}
ok,main,complement,Complement,complement,7,2033,200,10,500,1,783.4460653020069,783.740774601989,783.4460653020069,6.392999785020947e-05,0.06631477497285232,783.2439440689632,0.13565959309926257,6.362039130181074e-06,0.0,0.0,7.657293463125825e-05,783.4460653020069,0.0,0.0,0.0,0,[],not_configured,serial,1,500,5000,250,recompute,9440,-0.6630765353541634,-0.4126858563980782,0.25039067895608524,0.25123643728452927,outputs/benchmark_shapley_estimators/acs_job42594737_logistic_ease_fo_updates3/logs/complement_seed2033.log,outputs/benchmark_shapley_estimators/acs_job42594737_logistic_ease_fo_updates3/per_run/complement_seed2033.json,{}
ok,main,OFA_fixed,OFA,OFA_fixed,7,2033,200,10,500,1,989.1363323580008,989.4872538529453,989.1363323580008,13.521367820969317,0.29609241196885705,974.8315432410454,0.4871994270943105,2.4756998755037785e-05,0.0,0.0,0.00010469992412254214,989.1363323580008,0.0,0.0,0.0,0,[],not_configured,serial,1,500,10000,500,recompute,9845,-0.6630765353541634,-0.4126858563980782,0.25039067895608524,0.2500116941242757,outputs/benchmark_shapley_estimators/acs_job42594737_logistic_ease_fo_updates3/logs/OFA_fixed_seed2033.log,outputs/benchmark_shapley_estimators/acs_job42594737_logistic_ease_fo_updates3/per_run/OFA_fixed_seed2033.json,{}
ok,main,EaseSHAP_size_player,EASE-SP,EaseSHAP,7,2033,200,10,500,1,1042.7256431919523,1042.9549985220074,1037.4326610579155,14.18488953501219,0.0886630899622105,1022.6232322179712,5.580507382052019,0.24825373099884018,0.0,0.0,9.723595576360822e-05,1037.1845106619294,5.541132530022878,5.29298213403672,0.2481503959861584,21,['_engine._readout_estimate'],wrapped:_engine._readout_estimate,serial,1,500,9898,500,recompute,9048,-0.6630765353541634,-0.4126858563980782,0.25039067895608524,0.2503906789560843,outputs/benchmark_shapley_estimators/acs_job42594737_logistic_ease_fo_updates3/logs/EaseSHAP_size_player_seed2033.log,outputs/benchmark_shapley_estimators/acs_job42594737_logistic_ease_fo_updates3/per_run/EaseSHAP_size_player_seed2033.json,"{""boundary_order"": 1, ""boundary_policy"": ""fixed"", ""exact_boundary_handling"": true, ""include_nonlinear_size_terms"": false, ""num_folds"": 2, ""pilot_fraction"": 0.2, ""surrogate_basis"": ""size_player"", ""surrogate_correction_max_iter"": 10, ""surrogate_correction_solver_mode"": ""matrix_free"", ""surrogate_r_correction_alpha"": 1.0, ""surrogate_readout_mode"": ""crossfit"", ""surrogate_ridge_lambda"": 1.0, ""surrogate_ridge_scaling"": ""size_trace"", ""surrogate_ridge_schedule"": ""fixed"", ""surrogate_solver_mode"": ""size_player"", ""surrogate_stats_backend"": ""exact_conditional"", ""surrogate_u_correction_alpha"": 1.0, ""use_complement_sampling"": true}"
ok,main,permutation,Permutation,permutation,7,2033,200,10,500,1,836.0503310440108,836.3560709780431,836.0503310440108,4.44239703938365e-05,0.0015533860423602164,836.0480972299702,0.0005800030194222927,3.5770353861153126e-06,0.0,0.0,5.2423973102122545e-05,836.0503310440108,0.0,0.0,0.0,0,[],not_configured,serial,1,500,200,10,recompute,9463,-0.6630765353541634,-0.4126858563980782,0.25039067895608524,0.25039067895608524,outputs/benchmark_shapley_estimators/acs_job42594737_logistic_ease_fo_updates3/logs/permutation_seed2033.log,outputs/benchmark_shapley_estimators/acs_job42594737_logistic_ease_fo_updates3/per_run/permutation_seed2033.json,{}
ok,main,GELS,GELS,GELS,7,2033,200,10,500,1,912.460405837046,912.7086486280314,912.460405837046,0.00018005899619311094,0.2998558671097271,912.1562869790359,0.003994598926510662,3.7269783206284046e-06,0.0,0.0,8.460599929094315e-05,912.460405837046,0.0,0.0,0.0,0,[],not_configured,serial,1,500,10000,500,recompute,7495,-0.6630765353541634,-0.4126858563980782,0.25039067895608524,0.11672948252891668,outputs/benchmark_shapley_estimators/acs_job42594737_logistic_ease_fo_updates3/logs/GELS_seed2033.log,outputs/benchmark_shapley_estimators/acs_job42594737_logistic_ease_fo_updates3/per_run/GELS_seed2033.json,{}
ok,main,improved_AME,Improved AME,improved_AME,7,2033,200,10,500,1,894.983834980987,895.2645730749937,894.983834980987,3.9354024920612574e-05,0.05124754400458187,894.9272204450681,0.005250616057310253,3.5770353861153126e-06,0.0,0.0,7.34447967261076e-05,894.983834980987,0.0,0.0,0.0,0,[],not_configured,serial,1,500,10000,500,recompute,9292,-0.6630765353541634,-0.4126858563980782,0.25039067895608524,0.16231053012547886,outputs/benchmark_shapley_estimators/acs_job42594737_logistic_ease_fo_updates3/logs/improved_AME_seed2033.log,outputs/benchmark_shapley_estimators/acs_job42594737_logistic_ease_fo_updates3/per_run/improved_AME_seed2033.json,{}
ok,main,EaseSHAP_interaction_nonlinear,EASE-FO,EaseSHAP,7,2033,200,10,500,1,1108.162928110978,1108.431969134952,1108.0944446860813,12.169760691002011,0.0883451149566099,1095.7857001770171,0.11312055273447186,0.005907348997425288,0.0,0.0,9.422627044841647e-05,1108.088627637073,0.07430047390516847,0.06848342489684,0.005817049008328468,21,['_engine._readout_estimate'],wrapped:_engine._readout_estimate,serial,1,500,9898,500,recompute,9164,-0.6630765353541634,-0.4126858563980782,0.25039067895608524,0.2503906789560854,outputs/benchmark_shapley_estimators/acs_job42594737_logistic_ease_fo_updates3/logs/EaseSHAP_interaction_nonlinear_seed2033.log,outputs/benchmark_shapley_estimators/acs_job42594737_logistic_ease_fo_updates3/per_run/EaseSHAP_interaction_nonlinear_seed2033.json,"{""boundary_order"": 1, ""boundary_policy"": ""fixed"", ""exact_boundary_handling"": true, ""include_nonlinear_size_terms"": true, ""num_folds"": 2, ""pilot_design_updates"": 3, ""pilot_fraction"": 0.2, ""surrogate_basis"": 1, ""surrogate_readout_mode"": ""crossfit"", ""surrogate_ridge_lambda"": 0.01, ""surrogate_ridge_schedule"": ""times_m"", ""use_complement_sampling"": true}"
ok,main,RegressionMSR_unbiased,RegressionMSR,RegressionMSR_unbiased,7,2033,200,10,500,1,826.0140227869852,826.2979208339821,825.8435246149893,0.0009090810199268162,0.5898321309359744,825.2340402920381,0.18915708415443078,6.972986739128828e-06,0.0,0.0,7.722584996372461e-05,825.8265949389897,0.18742784799542278,0.1704981719958596,0.016929675999563187,20,['_run_kfold'],wrapped:_run_kfold,serial,1,500,10000,500,recompute,9650,-0.6630765353541634,-0.4126858563980782,0.25039067895608524,0.2503906789560855,outputs/benchmark_shapley_estimators/acs_job42594737_logistic_ease_fo_updates3/logs/RegressionMSR_unbiased_seed2033.log,outputs/benchmark_shapley_estimators/acs_job42594737_logistic_ease_fo_updates3/per_run/RegressionMSR_unbiased_seed2033.json,"{""num_folds"": 2, ""paired_sampling"": null, ""sampling_with_replacement"": true}"
ok,main,kernelSHAP,kernelSHAP,kernelSHAP,7,2033,200,10,500,1,954.3524552189629,954.5653696209774,954.3379395560478,0.3742691650404595,0.2989901098771952,953.6574163321056,0.02166009898064658,1.974700717255473e-05,0.0,0.0,9.976595174521208e-05,954.3371787240612,0.015276494901627302,0.014515662915073335,0.000760831986553967,20,['_estimate'],wrapped:_estimate,serial,1,500,10000,500,recompute,7527,-0.6630765353541634,-0.4126858563980782,0.25039067895608524,0.25039067895608386,outputs/benchmark_shapley_estimators/acs_job42594737_logistic_ease_fo_updates3/logs/kernelSHAP_seed2033.log,outputs/benchmark_shapley_estimators/acs_job42594737_logistic_ease_fo_updates3/per_run/kernelSHAP_seed2033.json,{}
ok,main,OFA_baseline,OFA baseline,OFA_baseline,8,2034,200,10,500,1,843.0322588910349,843.3119627440465,843.0322588910349,9.805499576032162e-05,0.001538504846394062,843.0291714289924,0.0013880960177630186,4.408997483551502e-06,0.0,0.0,5.839718505740166e-05,843.0322588910349,0.0,0.0,0.0,0,[],not_configured,serial,1,500,100,5,recompute,9466,-0.6630765353541634,-0.4126858563980782,0.25039067895608524,0.25034886667896594,outputs/benchmark_shapley_estimators/acs_job42594737_logistic_ease_fo_updates3/logs/OFA_baseline_seed2034.log,outputs/benchmark_shapley_estimators/acs_job42594737_logistic_ease_fo_updates3/per_run/OFA_baseline_seed2034.json,{}
ok,main,improved_AME,Improved AME,improved_AME,8,2034,200,10,500,1,818.0075404600357,818.254365700006,818.0075404600357,7.97300017438829e-05,0.05100765998940915,817.9510082539637,0.005360921786632389,4.168017767369747e-06,0.0,0.0,7.972627645358443e-05,818.0075404600357,0.0,0.0,0.0,0,[],not_configured,serial,1,500,10000,500,recompute,9304,-0.6630765353541634,-0.4126858563980782,0.25039067895608524,0.3199121793683799,outputs/benchmark_shapley_estimators/acs_job42594737_logistic_ease_fo_updates3/logs/improved_AME_seed2034.log,outputs/benchmark_shapley_estimators/acs_job42594737_logistic_ease_fo_updates3/per_run/improved_AME_seed2034.json,{}
ok,main,EaseSHAP_interaction_nonlinear,EASE-FO,EaseSHAP,8,2034,200,10,500,1,953.5976489469758,953.8478618140216,953.4910794781172,12.144140679039992,0.08776610501809046,941.2080182510545,0.15156235417816788,0.006062864034902304,0.0,0.0,9.869365021586418e-05,953.4851076651248,0.11254128185100853,0.10656946885865182,0.005971812992356718,21,['_engine._readout_estimate'],wrapped:_engine._readout_estimate,serial,1,500,9898,500,recompute,9256,-0.6630765353541634,-0.4126858563980782,0.25039067895608524,0.2503906789560851,outputs/benchmark_shapley_estimators/acs_job42594737_logistic_ease_fo_updates3/logs/EaseSHAP_interaction_nonlinear_seed2034.log,outputs/benchmark_shapley_estimators/acs_job42594737_logistic_ease_fo_updates3/per_run/EaseSHAP_interaction_nonlinear_seed2034.json,"{""boundary_order"": 1, ""boundary_policy"": ""fixed"", ""exact_boundary_handling"": true, ""include_nonlinear_size_terms"": true, ""num_folds"": 2, ""pilot_design_updates"": 3, ""pilot_fraction"": 0.2, ""surrogate_basis"": 1, ""surrogate_readout_mode"": ""crossfit"", ""surrogate_ridge_lambda"": 0.01, ""surrogate_ridge_schedule"": ""times_m"", ""use_complement_sampling"": true}"
ok,main,group_testing,Group testing,group_testing,7,2033,200,10,500,1,991.942953661026,992.2311833299464,991.942953661026,5.488400347530842e-05,0.29802148195449263,991.6433079831186,0.001464588101953268,1.8766033463180065e-05,0.0,0.0,8.595781400799751e-05,991.942953661026,0.0,0.0,0.0,0,[],not_configured,serial,1,500,10000,500,recompute,7495,-0.6630765353541634,-0.4126858563980782,0.25039067895608524,-0.1942572610413547,outputs/benchmark_shapley_estimators/acs_job42594737_logistic_ease_fo_updates3/logs/group_testing_seed2033.log,outputs/benchmark_shapley_estimators/acs_job42594737_logistic_ease_fo_updates3/per_run/group_testing_seed2033.json,{}
ok,main,sampling_lift,Sampling lift,sampling_lift,8,2034,200,10,500,1,895.6073343810276,895.8764301369665,895.6073343810276,8.442898979410529e-05,0.007675147091504186,895.598888592911,0.0006265589036047459,3.947003278881311e-06,0.0,0.0,5.570612847805023e-05,895.6073343810276,0.0,0.0,0.0,0,[],not_configured,serial,1,500,100,5,recompute,4942,-0.6630765353541634,-0.4126858563980782,0.25039067895608524,0.24864148159847563,outputs/benchmark_shapley_estimators/acs_job42594737_logistic_ease_fo_updates3/logs/sampling_lift_seed2034.log,outputs/benchmark_shapley_estimators/acs_job42594737_logistic_ease_fo_updates3/per_run/sampling_lift_seed2034.json,{}
ok,main,OFA_fixed,OFA,OFA_fixed,8,2034,200,10,500,1,944.5145911350264,944.7467118509812,944.5145911350264,14.907045155006927,0.310888739884831,928.8061873628758,0.4903504030080512,2.027896698564291e-05,0.0,0.0,9.919528383761644e-05,944.5145911350264,0.0,0.0,0.0,0,[],not_configured,serial,1,500,10000,500,recompute,9852,-0.6630765353541634,-0.4126858563980782,0.25039067895608524,0.2507358495134288,outputs/benchmark_shapley_estimators/acs_job42594737_logistic_ease_fo_updates3/logs/OFA_fixed_seed2034.log,outputs/benchmark_shapley_estimators/acs_job42594737_logistic_ease_fo_updates3/per_run/OFA_fixed_seed2034.json,{}
ok,main,permutation,Permutation,permutation,8,2034,200,10,500,1,862.5339779020287,862.8277224299964,862.5339779020287,8.503999561071396e-05,0.0016202699043788016,862.5315536189592,0.0006574669387191534,3.6070123314857483e-06,0.0,0.0,5.7899218518286943e-05,862.5339779020287,0.0,0.0,0.0,0,[],not_configured,serial,1,500,200,10,recompute,9466,-0.6630765353541634,-0.4126858563980782,0.25039067895608524,0.2503906789560852,outputs/benchmark_shapley_estimators/acs_job42594737_logistic_ease_fo_updates3/logs/permutation_seed2034.log,outputs/benchmark_shapley_estimators/acs_job42594737_logistic_ease_fo_updates3/per_run/permutation_seed2034.json,{}
ok,main,SHAP_IQ,SHAP-IQ,SHAP_IQ,8,2034,200,10,500,1,950.0255600999808,950.2884782239562,950.0255600999808,0.30228528403677046,0.2983482421259396,949.4189802909968,0.005829563131555915,2.275302540510893e-05,0.0,0.0,9.396666428074241e-05,950.0255600999808,0.0,0.0,0.0,0,[],not_configured,serial,1,500,10000,500,recompute,7537,-0.6630765353541634,-0.4126858563980782,0.25039067895608524,0.2503906789560852,outputs/benchmark_shapley_estimators/acs_job42594737_logistic_ease_fo_updates3/logs/SHAP_IQ_seed2034.log,outputs/benchmark_shapley_estimators/acs_job42594737_logistic_ease_fo_updates3/per_run/SHAP_IQ_seed2034.json,{}
ok,main,EaseSHAP_size_player,EASE-SP,EaseSHAP,8,2034,200,10,500,1,1026.7262512759771,1026.986244314001,1023.3325677620596,12.086752225994132,0.08970790094463155,1010.6838329140446,3.619077457988169,0.24676812603138387,0.0,0.0,0.00011265097418799996,1023.085854931036,3.6403963449411094,3.3936835139174946,0.24671283102361485,21,['_engine._readout_estimate'],wrapped:_engine._readout_estimate,serial,1,500,9898,500,recompute,9432,-0.6630765353541634,-0.4126858563980782,0.25039067895608524,0.2503906789560842,outputs/benchmark_shapley_estimators/acs_job42594737_logistic_ease_fo_updates3/logs/EaseSHAP_size_player_seed2034.log,outputs/benchmark_shapley_estimators/acs_job42594737_logistic_ease_fo_updates3/per_run/EaseSHAP_size_player_seed2034.json,"{""boundary_order"": 1, ""boundary_policy"": ""fixed"", ""exact_boundary_handling"": true, ""include_nonlinear_size_terms"": false, ""num_folds"": 2, ""pilot_fraction"": 0.2, ""surrogate_basis"": ""size_player"", ""surrogate_correction_max_iter"": 10, ""surrogate_correction_solver_mode"": ""matrix_free"", ""surrogate_r_correction_alpha"": 1.0, ""surrogate_readout_mode"": ""crossfit"", ""surrogate_ridge_lambda"": 1.0, ""surrogate_ridge_scaling"": ""size_trace"", ""surrogate_ridge_schedule"": ""fixed"", ""surrogate_solver_mode"": ""size_player"", ""surrogate_stats_backend"": ""exact_conditional"", ""surrogate_u_correction_alpha"": 1.0, ""use_complement_sampling"": true}"
ok,main,LeverageSHAP,LeverageSHAP,LeverageSHAP,8,2034,200,10,500,1,899.7508963170112,900.0080714700161,899.7405345940497,0.2954420530004427,0.08342558203730732,899.3529605600052,0.01812963478732854,0.000818669970612973,0.0,0.0,0.0001198172103613615,899.7400290120277,0.01086730498354882,0.010361722961533815,0.0005055820220150054,20,['_estimate'],wrapped:_estimate,serial,1,500,9998,500,recompute,9656,-0.6630765353541634,-0.4126858563980782,0.25039067895608524,0.2503906789560853,outputs/benchmark_shapley_estimators/acs_job42594737_logistic_ease_fo_updates3/logs/LeverageSHAP_seed2034.log,outputs/benchmark_shapley_estimators/acs_job42594737_logistic_ease_fo_updates3/per_run/LeverageSHAP_seed2034.json,"{""sampling_with_replacement"": true}"
ok,main,RegressionMSR_unbiased,RegressionMSR,RegressionMSR_unbiased,8,2034,200,10,500,1,826.8593137970311,827.0853655079845,826.5189815679914,0.0010559579823166132,0.6821519970544614,825.8146791250911,0.3613276168471202,1.649098703637719e-05,0.0,0.0,8.260906906798482e-05,826.499691467965,0.35962232906604186,0.3403322290396318,0.019290100026410073,20,['_run_kfold'],wrapped:_run_kfold,serial,1,500,10000,500,recompute,9670,-0.6630765353541634,-0.4126858563980782,0.25039067895608524,0.2503906789560854,outputs/benchmark_shapley_estimators/acs_job42594737_logistic_ease_fo_updates3/logs/RegressionMSR_unbiased_seed2034.log,outputs/benchmark_shapley_estimators/acs_job42594737_logistic_ease_fo_updates3/per_run/RegressionMSR_unbiased_seed2034.json,"{""num_folds"": 2, ""paired_sampling"": null, ""sampling_with_replacement"": true}"
ok,main,complement,Complement,complement,8,2034,200,10,500,1,894.8635096409707,895.1628476760234,894.8635096409707,3.4936005249619484e-05,0.06730628001969308,894.660856311908,0.1352303682360798,4.657951649278402e-06,0.0,0.0,7.708685006946325e-05,894.8635096409707,0.0,0.0,0.0,0,[],not_configured,serial,1,500,5000,250,recompute,9460,-0.6630765353541634,-0.4126858563980782,0.25039067895608524,0.24951519332882746,outputs/benchmark_shapley_estimators/acs_job42594737_logistic_ease_fo_updates3/logs/complement_seed2034.log,outputs/benchmark_shapley_estimators/acs_job42594737_logistic_ease_fo_updates3/per_run/complement_seed2034.json,{}
ok,main,GELS,GELS,GELS,8,2034,200,10,500,1,1066.0623973259935,1066.3283984630252,1066.0623973259935,0.00013599597150459886,0.3019233549130149,1065.7567417960963,0.0035171471536159515,4.568020813167095e-06,0.0,0.0,7.446383824571967e-05,1066.0623973259935,0.0,0.0,0.0,0,[],not_configured,serial,1,500,10000,500,recompute,7519,-0.6630765353541634,-0.4126858563980782,0.25039067895608524,0.26869638450780253,outputs/benchmark_shapley_estimators/acs_job42594737_logistic_ease_fo_updates3/logs/GELS_seed2034.log,outputs/benchmark_shapley_estimators/acs_job42594737_logistic_ease_fo_updates3/per_run/GELS_seed2034.json,{}
ok,main,kernelSHAP,kernelSHAP,kernelSHAP,8,2034,200,10,500,1,1080.4170209990116,1080.7162409540033,1080.0372152460623,0.2720421390258707,0.2983680618344806,1079.4595288340934,0.38695323222782463,1.887604594230652e-05,0.0,0.0,0.00010985578410327435,1080.0365068320534,0.3805141669581644,0.3798057529493235,0.0007084140088409185,20,['_estimate'],wrapped:_estimate,serial,1,500,10000,500,recompute,7537,-0.6630765353541634,-0.4126858563980782,0.25039067895608524,0.2503906789560859,outputs/benchmark_shapley_estimators/acs_job42594737_logistic_ease_fo_updates3/logs/kernelSHAP_seed2034.log,outputs/benchmark_shapley_estimators/acs_job42594737_logistic_ease_fo_updates3/per_run/kernelSHAP_seed2034.json,{}
ok,main,EaseSHAP_size_player,EASE-SP,EaseSHAP,9,2035,200,10,500,1,949.8447562219808,950.1410598589573,946.0352356509538,12.588577304966748,0.08997911401093006,932.892604200053,4.024729339987971,0.24877260101493448,0.0,0.0,9.36619471758604e-05,945.7864931669901,4.058263054990675,3.809520571026951,0.24874248396372423,21,['_engine._readout_estimate'],wrapped:_engine._readout_estimate,serial,1,500,9898,500,recompute,9512,-0.6630765353541634,-0.4126858563980782,0.25039067895608524,0.25039067895608424,outputs/benchmark_shapley_estimators/acs_job42594737_logistic_ease_fo_updates3/logs/EaseSHAP_size_player_seed2035.log,outputs/benchmark_shapley_estimators/acs_job42594737_logistic_ease_fo_updates3/per_run/EaseSHAP_size_player_seed2035.json,"{""boundary_order"": 1, ""boundary_policy"": ""fixed"", ""exact_boundary_handling"": true, ""include_nonlinear_size_terms"": false, ""num_folds"": 2, ""pilot_fraction"": 0.2, ""surrogate_basis"": ""size_player"", ""surrogate_correction_max_iter"": 10, ""surrogate_correction_solver_mode"": ""matrix_free"", ""surrogate_r_correction_alpha"": 1.0, ""surrogate_readout_mode"": ""crossfit"", ""surrogate_ridge_lambda"": 1.0, ""surrogate_ridge_scaling"": ""size_trace"", ""surrogate_ridge_schedule"": ""fixed"", ""surrogate_solver_mode"": ""size_player"", ""surrogate_stats_backend"": ""exact_conditional"", ""surrogate_u_correction_alpha"": 1.0, ""use_complement_sampling"": true}"
ok,main,group_testing,Group testing,group_testing,8,2034,200,10,500,1,1017.3148231870146,1017.6237408880261,1017.3148231870146,7.910898420959711e-05,0.2965905230375938,1017.0165949691436,0.0014728860696777701,4.437984898686409e-06,0.0,0.0,8.12617945484817e-05,1017.3148231870146,0.0,0.0,0.0,0,[],not_configured,serial,1,500,10000,500,recompute,7519,-0.6630765353541634,-0.4126858563980782,0.25039067895608524,-0.4713254632758792,outputs/benchmark_shapley_estimators/acs_job42594737_logistic_ease_fo_updates3/logs/group_testing_seed2034.log,outputs/benchmark_shapley_estimators/acs_job42594737_logistic_ease_fo_updates3/per_run/group_testing_seed2034.json,{}
ok,main,OFA_baseline,OFA baseline,OFA_baseline,9,2035,200,10,500,1,826.6122714129742,826.8466896460159,826.6122714129742,0.00011302303755655885,0.0015865700552240014,826.609131194069,0.0013798901345580816,4.69904625788331e-06,0.0,0.0,5.60366315767169e-05,826.6122714129742,0.0,0.0,0.0,0,[],not_configured,serial,1,500,100,5,recompute,9478,-0.6630765353541634,-0.4126858563980782,0.25039067895608524,0.2512078864265917,outputs/benchmark_shapley_estimators/acs_job42594737_logistic_ease_fo_updates3/logs/OFA_baseline_seed2035.log,outputs/benchmark_shapley_estimators/acs_job42594737_logistic_ease_fo_updates3/per_run/OFA_baseline_seed2035.json,{}
ok,main,OFA_fixed,OFA,OFA_fixed,9,2035,200,10,500,1,851.5747413930367,851.8755093740183,851.5747413930367,12.10958196100546,0.294445484993048,838.6827761332388,0.48781300603877753,1.4948018360882998e-05,0.0,0.0,0.00010985974222421646,851.5747413930367,0.0,0.0,0.0,0,[],not_configured,serial,1,500,10000,500,recompute,9882,-0.6630765353541634,-0.4126858563980782,0.25039067895608524,0.2495359785580748,outputs/benchmark_shapley_estimators/acs_job42594737_logistic_ease_fo_updates3/logs/OFA_fixed_seed2035.log,outputs/benchmark_shapley_estimators/acs_job42594737_logistic_ease_fo_updates3/per_run/OFA_fixed_seed2035.json,{}
ok,main,EaseSHAP_interaction_nonlinear,EASE-FO,EaseSHAP,9,2035,200,10,500,1,1066.131173029018,1066.4328104340238,1065.9668311349233,15.855489752953872,0.0891736707999371,1049.793042856094,0.38706780911888927,0.006308124051429331,0.0,0.0,9.081600001081824e-05,1065.9605510539259,0.17062197509221733,0.16434189409483224,0.006280080997385085,21,['_engine._readout_estimate'],wrapped:_engine._readout_estimate,serial,1,500,9898,500,recompute,9464,-0.6630765353541634,-0.4126858563980782,0.25039067895608524,0.2503906789560852,outputs/benchmark_shapley_estimators/acs_job42594737_logistic_ease_fo_updates3/logs/EaseSHAP_interaction_nonlinear_seed2035.log,outputs/benchmark_shapley_estimators/acs_job42594737_logistic_ease_fo_updates3/per_run/EaseSHAP_interaction_nonlinear_seed2035.json,"{""boundary_order"": 1, ""boundary_policy"": ""fixed"", ""exact_boundary_handling"": true, ""include_nonlinear_size_terms"": true, ""num_folds"": 2, ""pilot_design_updates"": 3, ""pilot_fraction"": 0.2, ""surrogate_basis"": 1, ""surrogate_readout_mode"": ""crossfit"", ""surrogate_ridge_lambda"": 0.01, ""surrogate_ridge_schedule"": ""times_m"", ""use_complement_sampling"": true}"
ok,main,sampling_lift,Sampling lift,sampling_lift,9,2035,200,10,500,1,833.6759093209985,833.8647809789982,833.6759093209985,4.338199505582452e-05,0.0010258489637635648,833.674195030937,0.0005891779437661171,4.267960321158171e-06,0.0,0.0,5.161319859325886e-05,833.6759093209985,0.0,0.0,0.0,0,[],not_configured,serial,1,500,100,5,recompute,4831,-0.6630765353541634,-0.4126858563980782,0.25039067895608524,0.41076324469943887,outputs/benchmark_shapley_estimators/acs_job42594737_logistic_ease_fo_updates3/logs/sampling_lift_seed2035.log,outputs/benchmark_shapley_estimators/acs_job42594737_logistic_ease_fo_updates3/per_run/sampling_lift_seed2035.json,{}
ok,main,LeverageSHAP,LeverageSHAP,LeverageSHAP,9,2035,200,10,500,1,754.7512328089797,755.0154482390499,754.741093444929,0.2889295630156994,0.08329600602155551,754.3603706489084,0.017650971247348934,0.0008727029780857265,0.0,0.0,0.00011291680857539177,754.7405581469066,0.010674662073142827,0.01013936405070126,0.000535298022441566,20,['_estimate'],wrapped:_estimate,serial,1,500,9998,500,recompute,9648,-0.6630765353541634,-0.4126858563980782,0.25039067895608524,0.2503906789560853,outputs/benchmark_shapley_estimators/acs_job42594737_logistic_ease_fo_updates3/logs/LeverageSHAP_seed2035.log,outputs/benchmark_shapley_estimators/acs_job42594737_logistic_ease_fo_updates3/per_run/LeverageSHAP_seed2035.json,"{""sampling_with_replacement"": true}"
ok,main,improved_AME,Improved AME,improved_AME,9,2035,200,10,500,1,832.8575962759787,833.175457854988,832.8575962759787,7.071299478411674e-05,0.06671044405084103,832.7854152348009,0.005301269062329084,5.891022738069296e-06,0.0,0.0,9.27240471355617e-05,832.8575962759787,0.0,0.0,0.0,0,[],not_configured,serial,1,500,10000,500,recompute,9283,-0.6630765353541634,-0.4126858563980782,0.25039067895608524,0.25887636346610354,outputs/benchmark_shapley_estimators/acs_job42594737_logistic_ease_fo_updates3/logs/improved_AME_seed2035.log,outputs/benchmark_shapley_estimators/acs_job42594737_logistic_ease_fo_updates3/per_run/improved_AME_seed2035.json,{}
ok,main,complement,Complement,complement,9,2035,200,10,500,1,830.3181531809969,830.6369680210482,830.3181531809969,9.680201765149832e-05,0.06784513301681727,830.1143782509607,0.13574471906758845,5.570997018367052e-06,0.0,0.0,8.27049370855093e-05,830.3181531809969,0.0,0.0,0.0,0,[],not_configured,serial,1,500,5000,250,recompute,9414,-0.6630765353541634,-0.4126858563980782,0.25039067895608524,0.2529995107260613,outputs/benchmark_shapley_estimators/acs_job42594737_logistic_ease_fo_updates3/logs/complement_seed2035.log,outputs/benchmark_shapley_estimators/acs_job42594737_logistic_ease_fo_updates3/per_run/complement_seed2035.json,{}
ok,main,RegressionMSR_unbiased,RegressionMSR,RegressionMSR_unbiased,9,2035,200,10,500,1,806.6637257580296,806.9175609640079,806.4895075440872,0.08764342498034239,0.5867071999819018,805.7967364760116,0.19253510201815516,7.0829992182552814e-06,0.0,0.0,9.647203842177987e-05,806.4729231640813,0.19080259394831955,0.17421821394236758,0.01658438000595197,20,['_run_kfold'],wrapped:_run_kfold,serial,1,500,10000,500,recompute,9672,-0.6630765353541634,-0.4126858563980782,0.25039067895608524,0.2503906789560854,outputs/benchmark_shapley_estimators/acs_job42594737_logistic_ease_fo_updates3/logs/RegressionMSR_unbiased_seed2035.log,outputs/benchmark_shapley_estimators/acs_job42594737_logistic_ease_fo_updates3/per_run/RegressionMSR_unbiased_seed2035.json,"{""num_folds"": 2, ""paired_sampling"": null, ""sampling_with_replacement"": true}"
ok,main,permutation,Permutation,permutation,9,2035,200,10,500,1,841.9158050339902,842.1667998819612,841.9158050339902,5.6285993196070194e-05,0.017374401912093163,841.8976305272081,0.000675594958011061,3.556022420525551e-06,0.0,0.0,6.46678963676095e-05,841.9158050339902,0.0,0.0,0.0,0,[],not_configured,serial,1,500,200,10,recompute,9464,-0.6630765353541634,-0.4126858563980782,0.25039067895608524,0.25039067895608524,outputs/benchmark_shapley_estimators/acs_job42594737_logistic_ease_fo_updates3/logs/permutation_seed2035.log,outputs/benchmark_shapley_estimators/acs_job42594737_logistic_ease_fo_updates3/per_run/permutation_seed2035.json,{}
ok,main,SHAP_IQ,SHAP-IQ,SHAP_IQ,9,2035,200,10,500,1,994.2120825010352,994.542084382032,994.2120825010352,0.5012405409943312,0.30242041492601857,993.4021754309069,0.006129169079940766,1.8885009922087193e-05,0.0,0.0,9.8060118034482e-05,994.2120825010352,0.0,0.0,0.0,0,[],not_configured,serial,1,500,10000,500,recompute,7685,-0.6630765353541634,-0.4126858563980782,0.25039067895608524,0.250390678956085,outputs/benchmark_shapley_estimators/acs_job42594737_logistic_ease_fo_updates3/logs/SHAP_IQ_seed2035.log,outputs/benchmark_shapley_estimators/acs_job42594737_logistic_ease_fo_updates3/per_run/SHAP_IQ_seed2035.json,{}
ok,main,kernelSHAP,kernelSHAP,kernelSHAP,9,2035,200,10,500,1,965.1146218829672,965.4344771829783,965.0994988370221,0.27245227800449356,0.29770914698019624,964.5221955462475,0.022115519852377474,1.7862999811768532e-05,0.0,0.0,0.0001315288827754557,965.0987763370504,0.015845545916818082,0.01512304594507441,0.0007224999717436731,20,['_estimate'],wrapped:_estimate,serial,1,500,10000,500,recompute,7685,-0.6630765353541634,-0.4126858563980782,0.25039067895608524,0.25039067895608563,outputs/benchmark_shapley_estimators/acs_job42594737_logistic_ease_fo_updates3/logs/kernelSHAP_seed2035.log,outputs/benchmark_shapley_estimators/acs_job42594737_logistic_ease_fo_updates3/per_run/kernelSHAP_seed2035.json,{}
ok,main,GELS,GELS,GELS,9,2035,200,10,500,1,1028.3712992069777,1028.6806787720416,1028.3712992069777,0.0001285120379179716,0.30345950194168836,1028.0640034220414,0.0036057690158486366,1.9055965822190046e-05,0.0,0.0,8.294597500935197e-05,1028.3712992069777,0.0,0.0,0.0,0,[],not_configured,serial,1,500,10000,500,recompute,7605,-0.6630765353541634,-0.4126858563980782,0.25039067895608524,0.2625320579206569,outputs/benchmark_shapley_estimators/acs_job42594737_logistic_ease_fo_updates3/logs/GELS_seed2035.log,outputs/benchmark_shapley_estimators/acs_job42594737_logistic_ease_fo_updates3/per_run/GELS_seed2035.json,{}
ok,main,OFA_fixed,OFA,OFA_fixed,10,2036,200,10,500,1,863.9611221409868,864.1990289230016,863.9611221409868,14.626198247016873,0.2994991609011777,848.5444594749715,0.4908231910667382,1.9275990780442953e-05,0.0,0.0,0.00012279103975743055,863.9611221409868,0.0,0.0,0.0,0,[],not_configured,serial,1,500,10000,500,recompute,9884,-0.6630765353541634,-0.4126858563980782,0.25039067895608524,0.2507326454551118,outputs/benchmark_shapley_estimators/acs_job42594737_logistic_ease_fo_updates3/logs/OFA_fixed_seed2036.log,outputs/benchmark_shapley_estimators/acs_job42594737_logistic_ease_fo_updates3/per_run/OFA_fixed_seed2036.json,{}
ok,main,group_testing,Group testing,group_testing,9,2035,200,10,500,1,951.582037118962,951.7616607539821,951.582037118962,3.880297299474478e-05,0.2979752879473381,951.2825409169891,0.0013959479983896017,3.697001375257969e-06,0.0,0.0,8.246605284512043e-05,951.582037118962,0.0,0.0,0.0,0,[],not_configured,serial,1,500,10000,500,recompute,7605,-0.6630765353541634,-0.4126858563980782,0.25039067895608524,0.5702196279752537,outputs/benchmark_shapley_estimators/acs_job42594737_logistic_ease_fo_updates3/logs/group_testing_seed2035.log,outputs/benchmark_shapley_estimators/acs_job42594737_logistic_ease_fo_updates3/per_run/group_testing_seed2035.json,{}
ok,main,OFA_baseline,OFA baseline,OFA_baseline,10,2036,200,10,500,1,833.5937149709789,833.8408772450057,833.5937149709789,6.782700074836612e-05,0.0014277839800342917,833.5908156649675,0.0013442200142890215,3.2159732654690742e-06,0.0,0.0,5.625904304906726e-05,833.5937149709789,0.0,0.0,0.0,0,[],not_configured,serial,1,500,100,5,recompute,9469,-0.6630765353541634,-0.4126858563980782,0.25039067895608524,0.24493486176558207,outputs/benchmark_shapley_estimators/acs_job42594737_logistic_ease_fo_updates3/logs/OFA_baseline_seed2036.log,outputs/benchmark_shapley_estimators/acs_job42594737_logistic_ease_fo_updates3/per_run/OFA_baseline_seed2036.json,{}
ok,main,EaseSHAP_interaction_nonlinear,EASE-FO,EaseSHAP,10,2036,200,10,500,1,1000.941858569975,1001.1625389250112,1000.8694598029251,15.845833290019073,0.08928811317309737,984.8828555740183,0.11778705503093079,0.006001427012961358,0.0,0.0,9.311072062700987e-05,1000.8634879119345,0.07837065804051235,0.07239876704989001,0.005971890990622342,21,['_engine._readout_estimate'],wrapped:_engine._readout_estimate,serial,1,500,9898,500,recompute,9508,-0.6630765353541634,-0.4126858563980782,0.25039067895608524,0.25039067895608513,outputs/benchmark_shapley_estimators/acs_job42594737_logistic_ease_fo_updates3/logs/EaseSHAP_interaction_nonlinear_seed2036.log,outputs/benchmark_shapley_estimators/acs_job42594737_logistic_ease_fo_updates3/per_run/EaseSHAP_interaction_nonlinear_seed2036.json,"{""boundary_order"": 1, ""boundary_policy"": ""fixed"", ""exact_boundary_handling"": true, ""include_nonlinear_size_terms"": true, ""num_folds"": 2, ""pilot_design_updates"": 3, ""pilot_fraction"": 0.2, ""surrogate_basis"": 1, ""surrogate_readout_mode"": ""crossfit"", ""surrogate_ridge_lambda"": 0.01, ""surrogate_ridge_schedule"": ""times_m"", ""use_complement_sampling"": true}"
ok,main,improved_AME,Improved AME,improved_AME,10,2036,200,10,500,1,864.8158279960044,865.0596165540046,864.8158279960044,6.326899165287614e-05,0.051385145052336156,864.7590385640506,0.005251446971669793,5.220004823058844e-06,0.0,0.0,8.435093332082033e-05,864.8158279960044,0.0,0.0,0.0,0,[],not_configured,serial,1,500,10000,500,recompute,9292,-0.6630765353541634,-0.4126858563980782,0.25039067895608524,0.25501603499801556,outputs/benchmark_shapley_estimators/acs_job42594737_logistic_ease_fo_updates3/logs/improved_AME_seed2036.log,outputs/benchmark_shapley_estimators/acs_job42594737_logistic_ease_fo_updates3/per_run/improved_AME_seed2036.json,{}
ok,main,EaseSHAP_size_player,EASE-SP,EaseSHAP,10,2036,200,10,500,1,1020.8984773409902,1021.1736595669645,1017.2151661479147,13.157246376038529,0.09093032503733411,1003.4834182549966,3.9115305370651186,0.2552533200359903,0.0,0.0,9.852781658992171e-05,1016.9599595059408,3.9385178350494243,3.6833111930754967,0.2552066419739276,21,['_engine._readout_estimate'],wrapped:_engine._readout_estimate,serial,1,500,9898,500,recompute,9452,-0.6630765353541634,-0.4126858563980782,0.25039067895608524,0.25039067895608424,outputs/benchmark_shapley_estimators/acs_job42594737_logistic_ease_fo_updates3/logs/EaseSHAP_size_player_seed2036.log,outputs/benchmark_shapley_estimators/acs_job42594737_logistic_ease_fo_updates3/per_run/EaseSHAP_size_player_seed2036.json,"{""boundary_order"": 1, ""boundary_policy"": ""fixed"", ""exact_boundary_handling"": true, ""include_nonlinear_size_terms"": false, ""num_folds"": 2, ""pilot_fraction"": 0.2, ""surrogate_basis"": ""size_player"", ""surrogate_correction_max_iter"": 10, ""surrogate_correction_solver_mode"": ""matrix_free"", ""surrogate_r_correction_alpha"": 1.0, ""surrogate_readout_mode"": ""crossfit"", ""surrogate_ridge_lambda"": 1.0, ""surrogate_ridge_scaling"": ""size_trace"", ""surrogate_ridge_schedule"": ""fixed"", ""surrogate_solver_mode"": ""size_player"", ""surrogate_stats_backend"": ""exact_conditional"", ""surrogate_u_correction_alpha"": 1.0, ""use_complement_sampling"": true}"
ok,main,SHAP_IQ,SHAP-IQ,SHAP_IQ,10,2036,200,10,500,1,886.7464613830089,886.9397839199519,886.7464613830089,0.3588952759746462,0.30127506400458515,886.0802139559528,0.005958624999038875,2.3855012841522694e-05,0.0,0.0,9.460706496611238e-05,886.7464613830089,0.0,0.0,0.0,0,[],not_configured,serial,1,500,10000,500,recompute,7562,-0.6630765353541634,-0.4126858563980782,0.25039067895608524,0.25039067895608524,outputs/benchmark_shapley_estimators/acs_job42594737_logistic_ease_fo_updates3/logs/SHAP_IQ_seed2036.log,outputs/benchmark_shapley_estimators/acs_job42594737_logistic_ease_fo_updates3/per_run/SHAP_IQ_seed2036.json,{}
ok,main,sampling_lift,Sampling lift,sampling_lift,10,2036,200,10,500,1,895.7912168460316,896.0387502030353,895.7912168460316,5.445198621600866e-05,0.01943520299391821,895.7710648822831,0.0006015310063958168,3.467022906988859e-06,0.0,0.0,5.731073906645179e-05,895.7912168460316,0.0,0.0,0.0,0,[],not_configured,serial,1,500,100,5,recompute,4985,-0.6630765353541634,-0.4126858563980782,0.25039067895608524,0.22068725489966645,outputs/benchmark_shapley_estimators/acs_job42594737_logistic_ease_fo_updates3/logs/sampling_lift_seed2036.log,outputs/benchmark_shapley_estimators/acs_job42594737_logistic_ease_fo_updates3/per_run/sampling_lift_seed2036.json,{}
ok,main,permutation,Permutation,permutation,10,2036,200,10,500,1,789.3474069749936,789.6317292670137,789.3474069749936,7.650395855307579e-05,0.0015957460273057222,789.3449945650646,0.0006762328557670116,4.258006811141968e-06,0.0,0.0,5.9669080656021833e-05,789.3474069749936,0.0,0.0,0.0,0,[],not_configured,serial,1,500,200,10,recompute,9468,-0.6630765353541634,-0.4126858563980782,0.25039067895608524,0.25039067895608524,outputs/benchmark_shapley_estimators/acs_job42594737_logistic_ease_fo_updates3/logs/permutation_seed2036.log,outputs/benchmark_shapley_estimators/acs_job42594737_logistic_ease_fo_updates3/per_run/permutation_seed2036.json,{}
ok,main,LeverageSHAP,LeverageSHAP,LeverageSHAP,10,2036,200,10,500,1,812.1363541790051,812.367200683977,812.126154559839,0.3752652630209923,0.08465314307250082,811.6577585569466,0.01769221801077947,0.0008693959680385888,0.0,0.0,0.00011560198618099093,812.1256293908227,0.010724788182415068,0.01019961916608736,0.000525169016327709,20,['_estimate'],wrapped:_estimate,serial,1,500,9998,500,recompute,9658,-0.6630765353541634,-0.4126858563980782,0.25039067895608524,0.2503906789560853,outputs/benchmark_shapley_estimators/acs_job42594737_logistic_ease_fo_updates3/logs/LeverageSHAP_seed2036.log,outputs/benchmark_shapley_estimators/acs_job42594737_logistic_ease_fo_updates3/per_run/LeverageSHAP_seed2036.json,"{""sampling_with_replacement"": true}"
ok,main,group_testing,Group testing,group_testing,10,2036,200,10,500,1,849.8319906240213,850.0411879220046,849.8319906240213,6.220798240974545e-05,0.29781563102733344,849.5325207319693,0.001493360847234726,1.696101389825344e-05,0.0,0.0,8.17311811260879e-05,849.8319906240213,0.0,0.0,0.0,0,[],not_configured,serial,1,500,10000,500,recompute,7498,-0.6630765353541634,-0.4126858563980782,0.25039067895608524,0.27027268697216084,outputs/benchmark_shapley_estimators/acs_job42594737_logistic_ease_fo_updates3/logs/group_testing_seed2036.log,outputs/benchmark_shapley_estimators/acs_job42594737_logistic_ease_fo_updates3/per_run/group_testing_seed2036.json,{}
ok,main,GELS,GELS,GELS,10,2036,200,10,500,1,981.3807049510069,981.5961158770369,981.3807049510069,0.0001595810172148049,0.3087527599418536,981.0679209099617,0.00375959713710472,4.197005182504654e-06,0.0,0.0,0.00010790594387799501,981.3807049510069,0.0,0.0,0.0,0,[],not_configured,serial,1,500,10000,500,recompute,7498,-0.6630765353541634,-0.4126858563980782,0.25039067895608524,0.23878707973606428,outputs/benchmark_shapley_estimators/acs_job42594737_logistic_ease_fo_updates3/logs/GELS_seed2036.log,outputs/benchmark_shapley_estimators/acs_job42594737_logistic_ease_fo_updates3/per_run/GELS_seed2036.json,{}
ok,main,RegressionMSR_unbiased,RegressionMSR,RegressionMSR_unbiased,10,2036,200,10,500,1,856.2216052190051,856.4385231420165,855.7755831710529,0.0008700779872015119,0.5526099258568138,855.201766176906,0.4662758511258289,8.726026862859726e-06,0.0,0.0,7.446110248565674e-05,855.7569966230658,0.4646085959393531,0.4460220479522832,0.018586547987069935,20,['_run_kfold'],wrapped:_run_kfold,serial,1,500,10000,500,recompute,9662,-0.6630765353541634,-0.4126858563980782,0.25039067895608524,0.2503906789560856,outputs/benchmark_shapley_estimators/acs_job42594737_logistic_ease_fo_updates3/logs/RegressionMSR_unbiased_seed2036.log,outputs/benchmark_shapley_estimators/acs_job42594737_logistic_ease_fo_updates3/per_run/RegressionMSR_unbiased_seed2036.json,"{""num_folds"": 2, ""paired_sampling"": null, ""sampling_with_replacement"": true}"
ok,main,complement,Complement,complement,10,2036,200,10,500,1,902.6870906130061,902.966504534008,902.6870906130061,5.8420002460479736e-05,0.06783902196912095,902.482739329047,0.13636685791425407,5.24899223819375e-06,0.0,0.0,8.17350810393691e-05,902.6870906130061,0.0,0.0,0.0,0,[],not_configured,serial,1,500,5000,250,recompute,9422,-0.6630765353541634,-0.4126858563980782,0.25039067895608524,0.24698599054535222,outputs/benchmark_shapley_estimators/acs_job42594737_logistic_ease_fo_updates3/logs/complement_seed2036.log,outputs/benchmark_shapley_estimators/acs_job42594737_logistic_ease_fo_updates3/per_run/complement_seed2036.json,{}
ok,main,kernelSHAP,kernelSHAP,kernelSHAP,10,2036,200,10,500,1,988.5725270590046,988.856283185014,988.1870233460213,0.3452740619541146,0.3036988289677538,987.3988632700639,0.5245549300452694,1.6600999515503645e-05,0.0,0.0,0.00011936697410419583,988.1862419350655,0.38628512393916026,0.3855037129833363,0.0007814109558239579,20,['_estimate'],wrapped:_estimate,serial,1,500,10000,500,recompute,7562,-0.6630765353541634,-0.4126858563980782,0.25039067895608524,0.2503906789560853,outputs/benchmark_shapley_estimators/acs_job42594737_logistic_ease_fo_updates3/logs/kernelSHAP_seed2036.log,outputs/benchmark_shapley_estimators/acs_job42594737_logistic_ease_fo_updates3/per_run/kernelSHAP_seed2036.json,{}
ok,main,OFA_baseline,OFA baseline,OFA_baseline,11,2037,200,10,500,1,782.5148470519925,782.7086313870386,782.5148470519925,0.00010044901864603162,0.0015209331177175045,782.5117635880597,0.0014022530522197485,4.066969268023968e-06,0.0,0.0,5.576177500188351e-05,782.5148470519925,0.0,0.0,0.0,0,[],not_configured,serial,1,500,100,5,recompute,9469,-0.6630765353541634,-0.4126858563980782,0.25039067895608524,0.25137163037176735,outputs/benchmark_shapley_estimators/acs_job42594737_logistic_ease_fo_updates3/logs/OFA_baseline_seed2037.log,outputs/benchmark_shapley_estimators/acs_job42594737_logistic_ease_fo_updates3/per_run/OFA_baseline_seed2037.json,{}
ok,main,EaseSHAP_interaction_nonlinear,EASE-FO,EaseSHAP,11,2037,200,10,500,1,924.3284910999937,924.6123272000114,924.2097154150833,13.323027295991778,0.48362239816924557,910.3202729939949,0.1952769299969077,0.0061961449682712555,0.0,0.0,9.533687261864543e-05,924.2036138180993,0.1248772818944417,0.11877568491036072,0.00610159698408097,21,['_engine._readout_estimate'],wrapped:_engine._readout_estimate,serial,1,500,9898,500,recompute,9470,-0.6630765353541634,-0.4126858563980782,0.25039067895608524,0.2503906789560855,outputs/benchmark_shapley_estimators/acs_job42594737_logistic_ease_fo_updates3/logs/EaseSHAP_interaction_nonlinear_seed2037.log,outputs/benchmark_shapley_estimators/acs_job42594737_logistic_ease_fo_updates3/per_run/EaseSHAP_interaction_nonlinear_seed2037.json,"{""boundary_order"": 1, ""boundary_policy"": ""fixed"", ""exact_boundary_handling"": true, ""include_nonlinear_size_terms"": true, ""num_folds"": 2, ""pilot_design_updates"": 3, ""pilot_fraction"": 0.2, ""surrogate_basis"": 1, ""surrogate_readout_mode"": ""crossfit"", ""surrogate_ridge_lambda"": 0.01, ""surrogate_ridge_schedule"": ""times_m"", ""use_complement_sampling"": true}"
ok,main,EaseSHAP_size_player,EASE-SP,EaseSHAP,11,2037,200,10,500,1,959.4630211360054,959.7975793119986,954.9538845150964,11.219163396046497,0.09216742787975818,943.1636501488392,4.732352250022814,0.25558214099146426,0.0,0.0,0.00010577222565189004,954.6983938870835,4.764627248921897,4.509136620908976,0.25549062801292166,21,['_engine._readout_estimate'],wrapped:_engine._readout_estimate,serial,1,500,9898,500,recompute,9564,-0.6630765353541634,-0.4126858563980782,0.25039067895608524,0.25039067895608424,outputs/benchmark_shapley_estimators/acs_job42594737_logistic_ease_fo_updates3/logs/EaseSHAP_size_player_seed2037.log,outputs/benchmark_shapley_estimators/acs_job42594737_logistic_ease_fo_updates3/per_run/EaseSHAP_size_player_seed2037.json,"{""boundary_order"": 1, ""boundary_policy"": ""fixed"", ""exact_boundary_handling"": true, ""include_nonlinear_size_terms"": false, ""num_folds"": 2, ""pilot_fraction"": 0.2, ""surrogate_basis"": ""size_player"", ""surrogate_correction_max_iter"": 10, ""surrogate_correction_solver_mode"": ""matrix_free"", ""surrogate_r_correction_alpha"": 1.0, ""surrogate_readout_mode"": ""crossfit"", ""surrogate_ridge_lambda"": 1.0, ""surrogate_ridge_scaling"": ""size_trace"", ""surrogate_ridge_schedule"": ""fixed"", ""surrogate_solver_mode"": ""size_player"", ""surrogate_stats_backend"": ""exact_conditional"", ""surrogate_u_correction_alpha"": 1.0, ""use_complement_sampling"": true}"
ok,main,OFA_fixed,OFA,OFA_fixed,11,2037,200,10,500,1,900.726869043021,901.0188351980178,900.726869043021,12.4587093720329,0.31197741703363135,887.4646209687344,0.491430415015202,2.2743013687431812e-05,0.0,0.0,0.0001081271911971271,900.726869043021,0.0,0.0,0.0,0,[],not_configured,serial,1,500,10000,500,recompute,9864,-0.6630765353541634,-0.4126858563980782,0.25039067895608524,0.25053064789652685,outputs/benchmark_shapley_estimators/acs_job42594737_logistic_ease_fo_updates3/logs/OFA_fixed_seed2037.log,outputs/benchmark_shapley_estimators/acs_job42594737_logistic_ease_fo_updates3/per_run/OFA_fixed_seed2037.json,{}
ok,main,GELS,GELS,GELS,11,2037,200,10,500,1,914.1813861450064,914.4452966320096,914.1813861450064,0.00018548901425674558,0.30145870900014415,913.8760871790582,0.003568990097846836,4.419009201228619e-06,0.0,0.0,8.135882671922445e-05,914.1813861450064,0.0,0.0,0.0,0,[],not_configured,serial,1,500,10000,500,recompute,7522,-0.6630765353541634,-0.4126858563980782,0.25039067895608524,0.15324665533979598,outputs/benchmark_shapley_estimators/acs_job42594737_logistic_ease_fo_updates3/logs/GELS_seed2037.log,outputs/benchmark_shapley_estimators/acs_job42594737_logistic_ease_fo_updates3/per_run/GELS_seed2037.json,{}
ok,main,improved_AME,Improved AME,improved_AME,11,2037,200,10,500,1,926.3445849270211,926.6411099060206,926.3445849270211,7.409998215734959e-05,0.05145707988413051,926.2877008290379,0.00526711466955021,4.17797127738595e-06,0.0,0.0,8.162547601386905e-05,926.3445849270211,0.0,0.0,0.0,0,[],not_configured,serial,1,500,10000,500,recompute,9291,-0.6630765353541634,-0.4126858563980782,0.25039067895608524,0.2173737520306277,outputs/benchmark_shapley_estimators/acs_job42594737_logistic_ease_fo_updates3/logs/improved_AME_seed2037.log,outputs/benchmark_shapley_estimators/acs_job42594737_logistic_ease_fo_updates3/per_run/improved_AME_seed2037.json,{}
ok,main,sampling_lift,Sampling lift,sampling_lift,11,2037,200,10,500,1,1009.0445567730349,1009.2755806209752,1009.0445567730349,9.204295929521322e-05,0.0011060420656576753,1009.0427634368534,0.0005303258658386767,4.949979484081268e-06,0.0,0.0,5.9975311160087585e-05,1009.0445567730349,0.0,0.0,0.0,0,[],not_configured,serial,1,500,100,5,recompute,4933,-0.6630765353541634,-0.4126858563980782,0.25039067895608524,0.1682273026539164,outputs/benchmark_shapley_estimators/acs_job42594737_logistic_ease_fo_updates3/logs/sampling_lift_seed2037.log,outputs/benchmark_shapley_estimators/acs_job42594737_logistic_ease_fo_updates3/per_run/sampling_lift_seed2037.json,{}
ok,main,LeverageSHAP,LeverageSHAP,LeverageSHAP,11,2037,200,10,500,1,864.5411513429717,864.8903396549867,864.5309636578313,0.3740104699973017,0.09670814301352948,864.0515564639354,0.01785602403106168,0.0009095930145122111,0.0,0.0,0.00011064897989854217,864.5304211468319,0.010730196139775217,0.010187685140408576,0.000542510999366641,20,['_estimate'],wrapped:_estimate,serial,1,500,9998,500,recompute,9610,-0.6630765353541634,-0.4126858563980782,0.25039067895608524,0.25039067895608524,outputs/benchmark_shapley_estimators/acs_job42594737_logistic_ease_fo_updates3/logs/LeverageSHAP_seed2037.log,outputs/benchmark_shapley_estimators/acs_job42594737_logistic_ease_fo_updates3/per_run/LeverageSHAP_seed2037.json,"{""sampling_with_replacement"": true}"
ok,main,complement,Complement,complement,11,2037,200,10,500,1,831.5589105649851,831.8280813119491,831.5589105649851,3.6718964111059904e-05,0.06772172794444486,831.3551354229567,0.13592910690931603,5.23001654073596e-06,0.0,0.0,8.235819404944777e-05,831.5589105649851,0.0,0.0,0.0,0,[],not_configured,serial,1,500,5000,250,recompute,9396,-0.6630765353541634,-0.4126858563980782,0.25039067895608524,0.24696108653021023,outputs/benchmark_shapley_estimators/acs_job42594737_logistic_ease_fo_updates3/logs/complement_seed2037.log,outputs/benchmark_shapley_estimators/acs_job42594737_logistic_ease_fo_updates3/per_run/complement_seed2037.json,{}
ok,main,sampling_lift,Sampling lift,sampling_lift,12,2038,200,10,500,1,719.3713941510068,719.6210523649934,719.3713941510068,6.0093007050454617e-05,0.0010571492020972073,719.3696057560155,0.000614246993791312,3.5070115700364113e-06,0.0,0.0,5.3398776799440384e-05,719.3713941510068,0.0,0.0,0.0,0,[],not_configured,serial,1,500,100,5,recompute,5094,-0.6630765353541634,-0.4126858563980782,0.25039067895608524,0.08345235133724865,outputs/benchmark_shapley_estimators/acs_job42594737_logistic_ease_fo_updates3/logs/sampling_lift_seed2038.log,outputs/benchmark_shapley_estimators/acs_job42594737_logistic_ease_fo_updates3/per_run/sampling_lift_seed2038.json,{}
ok,main,SHAP_IQ,SHAP-IQ,SHAP_IQ,11,2037,200,10,500,1,1164.0752174169756,1164.4553927810048,1164.0752174169756,0.3522334529552609,0.3058406069758348,1163.410909524071,0.0061319859814830124,1.224299194291234e-05,0.0,0.0,8.960400009527802e-05,1164.0752174169756,0.0,0.0,0.0,0,[],not_configured,serial,1,500,10000,500,recompute,7541,-0.6630765353541634,-0.4126858563980782,0.25039067895608524,0.25039067895608524,outputs/benchmark_shapley_estimators/acs_job42594737_logistic_ease_fo_updates3/logs/SHAP_IQ_seed2037.log,outputs/benchmark_shapley_estimators/acs_job42594737_logistic_ease_fo_updates3/per_run/SHAP_IQ_seed2037.json,{}
ok,main,RegressionMSR_unbiased,RegressionMSR,RegressionMSR_unbiased,11,2037,200,10,500,1,892.9833030790323,893.2455399330356,892.7702686680714,0.0009123579948209226,0.5764322258764878,892.1753559259232,0.23051587992813438,5.9710000641644e-06,0.0,0.0,8.071830961853266e-05,892.754484478035,0.22881860099732876,0.2130344109609723,0.01578419003635645,20,['_run_kfold'],wrapped:_run_kfold,serial,1,500,10000,500,recompute,9644,-0.6630765353541634,-0.4126858563980782,0.25039067895608524,0.2503906789560853,outputs/benchmark_shapley_estimators/acs_job42594737_logistic_ease_fo_updates3/logs/RegressionMSR_unbiased_seed2037.log,outputs/benchmark_shapley_estimators/acs_job42594737_logistic_ease_fo_updates3/per_run/RegressionMSR_unbiased_seed2037.json,"{""num_folds"": 2, ""paired_sampling"": null, ""sampling_with_replacement"": true}"
ok,main,permutation,Permutation,permutation,11,2037,200,10,500,1,948.1063825790188,948.3594472780242,948.1063825790188,9.115197462961078e-05,0.0016298160189762712,948.1039789149654,0.0006254059844650328,3.576977178454399e-06,0.0,0.0,5.371309816837311e-05,948.1063825790188,0.0,0.0,0.0,0,[],not_configured,serial,1,500,200,10,recompute,9471,-0.6630765353541634,-0.4126858563980782,0.25039067895608524,0.25039067895608524,outputs/benchmark_shapley_estimators/acs_job42594737_logistic_ease_fo_updates3/logs/permutation_seed2037.log,outputs/benchmark_shapley_estimators/acs_job42594737_logistic_ease_fo_updates3/per_run/permutation_seed2037.json,{}
ok,main,OFA_baseline,OFA baseline,OFA_baseline,12,2038,200,10,500,1,822.3426244750153,822.6028826470138,822.3426244750153,7.70650221966207e-05,0.0015056539559736848,822.3395945119555,0.0013835152494721115,4.80900052934885e-06,0.0,0.0,5.891983164474368e-05,822.3426244750153,0.0,0.0,0.0,0,[],not_configured,serial,1,500,100,5,recompute,9464,-0.6630765353541634,-0.4126858563980782,0.25039067895608524,0.24778606038501916,outputs/benchmark_shapley_estimators/acs_job42594737_logistic_ease_fo_updates3/logs/OFA_baseline_seed2038.log,outputs/benchmark_shapley_estimators/acs_job42594737_logistic_ease_fo_updates3/per_run/OFA_baseline_seed2038.json,{}
ok,main,OFA_fixed,OFA,OFA_fixed,12,2038,200,10,500,1,841.0727681830176,841.3480483599706,841.0727681830176,11.577592192974407,0.2983468850143254,828.7079978028196,0.48870995605830103,2.1440035197883844e-05,0.0,0.0,9.990611579269171e-05,841.0727681830176,0.0,0.0,0.0,0,[],not_configured,serial,1,500,10000,500,recompute,9863,-0.6630765353541634,-0.4126858563980782,0.25039067895608524,0.24955134721286693,outputs/benchmark_shapley_estimators/acs_job42594737_logistic_ease_fo_updates3/logs/OFA_fixed_seed2038.log,outputs/benchmark_shapley_estimators/acs_job42594737_logistic_ease_fo_updates3/per_run/OFA_fixed_seed2038.json,{}
ok,main,group_testing,Group testing,group_testing,11,2037,200,10,500,1,992.6619186599855,992.894552746031,992.6619186599855,5.729799158871174e-05,0.2977399082155898,992.3626109870384,0.001430401171091944,3.496999852359295e-06,0.0,0.0,7.656856905668974e-05,992.6619186599855,0.0,0.0,0.0,0,[],not_configured,serial,1,500,10000,500,recompute,7522,-0.6630765353541634,-0.4126858563980782,0.25039067895608524,-1.4552401561041517,outputs/benchmark_shapley_estimators/acs_job42594737_logistic_ease_fo_updates3/logs/group_testing_seed2037.log,outputs/benchmark_shapley_estimators/acs_job42594737_logistic_ease_fo_updates3/per_run/group_testing_seed2037.json,{}
ok,main,kernelSHAP,kernelSHAP,kernelSHAP,11,2037,200,10,500,1,1129.2379712510156,1129.5378145319992,1129.2234208408045,0.26084388297749683,0.30325492506381124,1128.652038580156,0.02169790689367801,1.9736995454877615e-05,0.0,0.0,0.00011621892917901278,1129.2226724028005,0.015298848215024918,0.014550410211086273,0.0007484380039386451,20,['_estimate'],wrapped:_estimate,serial,1,500,10000,500,recompute,7541,-0.6630765353541634,-0.4126858563980782,0.25039067895608524,0.2503906789560857,outputs/benchmark_shapley_estimators/acs_job42594737_logistic_ease_fo_updates3/logs/kernelSHAP_seed2037.log,outputs/benchmark_shapley_estimators/acs_job42594737_logistic_ease_fo_updates3/per_run/kernelSHAP_seed2037.json,{}
ok,main,EaseSHAP_interaction_nonlinear,EASE-FO,EaseSHAP,12,2038,200,10,500,1,946.588173517026,946.8347427249537,946.5209585271659,11.13711767498171,0.08989200193900615,935.2436033407575,0.11136037105461583,0.0061021060100756586,0.0,0.0,9.802228305488825e-05,946.5149205021444,0.0732530148816295,0.06721498986007646,0.0060380250215530396,21,['_engine._readout_estimate'],wrapped:_engine._readout_estimate,serial,1,500,9898,500,recompute,9280,-0.6630765353541634,-0.4126858563980782,0.25039067895608524,0.2503906789560852,outputs/benchmark_shapley_estimators/acs_job42594737_logistic_ease_fo_updates3/logs/EaseSHAP_interaction_nonlinear_seed2038.log,outputs/benchmark_shapley_estimators/acs_job42594737_logistic_ease_fo_updates3/per_run/EaseSHAP_interaction_nonlinear_seed2038.json,"{""boundary_order"": 1, ""boundary_policy"": ""fixed"", ""exact_boundary_handling"": true, ""include_nonlinear_size_terms"": true, ""num_folds"": 2, ""pilot_design_updates"": 3, ""pilot_fraction"": 0.2, ""surrogate_basis"": 1, ""surrogate_readout_mode"": ""crossfit"", ""surrogate_ridge_lambda"": 0.01, ""surrogate_ridge_schedule"": ""times_m"", ""use_complement_sampling"": true}"
ok,main,LeverageSHAP,LeverageSHAP,LeverageSHAP,12,2038,200,10,500,1,788.9007172749843,789.177023213997,788.8905594630633,0.3939676269656047,0.08437690313439816,788.4037613590481,0.017568714974913746,0.000899642996955663,0.0,0.0,0.0001430278643965721,788.8900317400694,0.010685534914955497,0.010157811921089888,0.0005277229938656092,20,['_estimate'],wrapped:_estimate,serial,1,500,9998,500,recompute,9706,-0.6630765353541634,-0.4126858563980782,0.25039067895608524,0.25039067895608524,outputs/benchmark_shapley_estimators/acs_job42594737_logistic_ease_fo_updates3/logs/LeverageSHAP_seed2038.log,outputs/benchmark_shapley_estimators/acs_job42594737_logistic_ease_fo_updates3/per_run/LeverageSHAP_seed2038.json,"{""sampling_with_replacement"": true}"
ok,main,complement,Complement,complement,12,2038,200,10,500,1,803.6381488969782,803.8801225750358,803.6381488969782,6.643496453762054e-05,0.06818882306106389,803.4339549809229,0.13584995782002807,6.351969204843044e-06,0.0,0.0,8.234824053943157e-05,803.6381488969782,0.0,0.0,0.0,0,[],not_configured,serial,1,500,5000,250,recompute,9470,-0.6630765353541634,-0.4126858563980782,0.25039067895608524,0.25076101520244953,outputs/benchmark_shapley_estimators/acs_job42594737_logistic_ease_fo_updates3/logs/complement_seed2038.log,outputs/benchmark_shapley_estimators/acs_job42594737_logistic_ease_fo_updates3/per_run/complement_seed2038.json,{}
ok,main,permutation,Permutation,permutation,12,2038,200,10,500,1,824.0105323600001,824.2186002340168,824.0105323600001,4.534499021247029e-05,0.001605070719961077,824.0083010589588,0.0005163510795682669,5.300040356814861e-06,0.0,0.0,5.923421122133732e-05,824.0105323600001,0.0,0.0,0.0,0,[],not_configured,serial,1,500,200,10,recompute,9469,-0.6630765353541634,-0.4126858563980782,0.25039067895608524,0.25039067895608524,outputs/benchmark_shapley_estimators/acs_job42594737_logistic_ease_fo_updates3/logs/permutation_seed2038.log,outputs/benchmark_shapley_estimators/acs_job42594737_logistic_ease_fo_updates3/per_run/permutation_seed2038.json,{}
ok,main,improved_AME,Improved AME,improved_AME,12,2038,200,10,500,1,844.0995968859643,844.3878718899796,844.0995968859643,3.361399285495281e-05,0.05108581902459264,844.0431440430693,0.005250918969977647,5.110050551593304e-06,0.0,0.0,7.738085696473718e-05,844.0995968859643,0.0,0.0,0.0,0,[],not_configured,serial,1,500,10000,500,recompute,9310,-0.6630765353541634,-0.4126858563980782,0.25039067895608524,0.17067595199570498,outputs/benchmark_shapley_estimators/acs_job42594737_logistic_ease_fo_updates3/logs/improved_AME_seed2038.log,outputs/benchmark_shapley_estimators/acs_job42594737_logistic_ease_fo_updates3/per_run/improved_AME_seed2038.json,{}
ok,main,sampling_lift,Sampling lift,sampling_lift,13,2039,200,10,500,1,678.098862846964,678.3908255220158,678.098862846964,4.1988969314843416e-05,0.0010415889555588365,678.0971626759856,0.0005609369836747646,3.7580030038952827e-06,0.0,0.0,5.189806688576937e-05,678.098862846964,0.0,0.0,0.0,0,[],not_configured,serial,1,500,100,5,recompute,5040,-0.6630765353541634,-0.4126858563980782,0.25039067895608524,0.2604576887887718,outputs/benchmark_shapley_estimators/acs_job42594737_logistic_ease_fo_updates3/logs/sampling_lift_seed2039.log,outputs/benchmark_shapley_estimators/acs_job42594737_logistic_ease_fo_updates3/per_run/sampling_lift_seed2039.json,{}
ok,main,RegressionMSR_unbiased,RegressionMSR,RegressionMSR_unbiased,12,2038,200,10,500,1,820.0363719970337,820.2718170130393,819.8580983742722,0.001106862968299538,0.5270692551275715,819.3097497559502,0.19834786094725132,1.038901973515749e-05,0.0,0.0,8.787302067503333e-05,819.8397004642757,0.19667153275804594,0.1782736227614805,0.01839790999656543,20,['_run_kfold'],wrapped:_run_kfold,serial,1,500,10000,500,recompute,9648,-0.6630765353541634,-0.4126858563980782,0.25039067895608524,0.25039067895608513,outputs/benchmark_shapley_estimators/acs_job42594737_logistic_ease_fo_updates3/logs/RegressionMSR_unbiased_seed2038.log,outputs/benchmark_shapley_estimators/acs_job42594737_logistic_ease_fo_updates3/per_run/RegressionMSR_unbiased_seed2038.json,"{""num_folds"": 2, ""paired_sampling"": null, ""sampling_with_replacement"": true}"
ok,main,GELS,GELS,GELS,12,2038,200,10,500,1,942.261699152994,942.5562187950127,942.261699152994,0.0001336219720542431,0.30355920194415376,941.9543353997869,0.003590355860069394,3.847002517431974e-06,0.0,0.0,7.672642823308706e-05,942.261699152994,0.0,0.0,0.0,0,[],not_configured,serial,1,500,10000,500,recompute,7534,-0.6630765353541634,-0.4126858563980782,0.25039067895608524,0.29655531039974625,outputs/benchmark_shapley_estimators/acs_job42594737_logistic_ease_fo_updates3/logs/GELS_seed2038.log,outputs/benchmark_shapley_estimators/acs_job42594737_logistic_ease_fo_updates3/per_run/GELS_seed2038.json,{}
ok,main,SHAP_IQ,SHAP-IQ,SHAP_IQ,12,2038,200,10,500,1,1027.0897045049933,1027.3436362590292,1027.0897045049933,0.38936236599693075,0.30626616306835786,1026.3879467070801,0.006009289994835854,2.5868997909128666e-05,0.0,0.0,9.410985512658954e-05,1027.0897045049933,0.0,0.0,0.0,0,[],not_configured,serial,1,500,10000,500,recompute,7519,-0.6630765353541634,-0.4126858563980782,0.25039067895608524,0.25039067895608513,outputs/benchmark_shapley_estimators/acs_job42594737_logistic_ease_fo_updates3/logs/SHAP_IQ_seed2038.log,outputs/benchmark_shapley_estimators/acs_job42594737_logistic_ease_fo_updates3/per_run/SHAP_IQ_seed2038.json,{}
ok,main,EaseSHAP_size_player,EASE-SP,EaseSHAP,12,2038,200,10,500,1,1099.6217698280234,1099.8583136860398,1095.4999249188695,12.115373249980621,0.09123266907408834,1082.8207235729787,4.342818345001433,0.2515223210211843,0.0,0.0,9.966996731236577e-05,1095.2484941298608,4.373275698162615,4.121844909153879,0.2514307890087366,21,['_engine._readout_estimate'],wrapped:_engine._readout_estimate,serial,1,500,9898,500,recompute,9116,-0.6630765353541634,-0.4126858563980782,0.25039067895608524,0.250390678956084,outputs/benchmark_shapley_estimators/acs_job42594737_logistic_ease_fo_updates3/logs/EaseSHAP_size_player_seed2038.log,outputs/benchmark_shapley_estimators/acs_job42594737_logistic_ease_fo_updates3/per_run/EaseSHAP_size_player_seed2038.json,"{""boundary_order"": 1, ""boundary_policy"": ""fixed"", ""exact_boundary_handling"": true, ""include_nonlinear_size_terms"": false, ""num_folds"": 2, ""pilot_fraction"": 0.2, ""surrogate_basis"": ""size_player"", ""surrogate_correction_max_iter"": 10, ""surrogate_correction_solver_mode"": ""matrix_free"", ""surrogate_r_correction_alpha"": 1.0, ""surrogate_readout_mode"": ""crossfit"", ""surrogate_ridge_lambda"": 1.0, ""surrogate_ridge_scaling"": ""size_trace"", ""surrogate_ridge_schedule"": ""fixed"", ""surrogate_solver_mode"": ""size_player"", ""surrogate_stats_backend"": ""exact_conditional"", ""surrogate_u_correction_alpha"": 1.0, ""use_complement_sampling"": true}"
ok,main,OFA_baseline,OFA baseline,OFA_baseline,13,2039,200,10,500,1,838.6378007280291,838.8315976010053,838.6378007280291,8.647399954497814e-05,0.0014950440963730216,838.6347754669259,0.0013858280144631863,4.497996997088194e-06,0.0,0.0,5.34169957973063e-05,838.6378007280291,0.0,0.0,0.0,0,[],not_configured,serial,1,500,100,5,recompute,9473,-0.6630765353541634,-0.4126858563980782,0.25039067895608524,0.24315164304079318,outputs/benchmark_shapley_estimators/acs_job42594737_logistic_ease_fo_updates3/logs/OFA_baseline_seed2039.log,outputs/benchmark_shapley_estimators/acs_job42594737_logistic_ease_fo_updates3/per_run/OFA_baseline_seed2039.json,{}
ok,main,group_testing,Group testing,group_testing,12,2038,200,10,500,1,973.4114733510069,973.6665614980157,973.4114733510069,6.454100366681814e-05,0.3009093991131522,973.1089272099198,0.0014652188983745873,1.900602364912629e-05,0.0,0.0,8.797604823485017e-05,973.4114733510069,0.0,0.0,0.0,0,[],not_configured,serial,1,500,10000,500,recompute,7534,-0.6630765353541634,-0.4126858563980782,0.25039067895608524,-0.9141666860499652,outputs/benchmark_shapley_estimators/acs_job42594737_logistic_ease_fo_updates3/logs/group_testing_seed2038.log,outputs/benchmark_shapley_estimators/acs_job42594737_logistic_ease_fo_updates3/per_run/group_testing_seed2038.json,{}
ok,main,kernelSHAP,kernelSHAP,kernelSHAP,12,2038,200,10,500,1,1011.7149360429612,1011.8992091480177,1011.7006392420153,0.4040642640320584,0.3072125251055695,1010.9821095291991,0.021426224964670837,1.4527991879731417e-05,0.0,0.0,0.00010897166794165969,1011.6998975860188,0.015038456942420453,0.01429680094588548,0.0007416559965349734,20,['_estimate'],wrapped:_estimate,serial,1,500,10000,500,recompute,7519,-0.6630765353541634,-0.4126858563980782,0.25039067895608524,0.25039067895608447,outputs/benchmark_shapley_estimators/acs_job42594737_logistic_ease_fo_updates3/logs/kernelSHAP_seed2038.log,outputs/benchmark_shapley_estimators/acs_job42594737_logistic_ease_fo_updates3/per_run/kernelSHAP_seed2038.json,{}
ok,main,EaseSHAP_interaction_nonlinear,EASE-FO,EaseSHAP,13,2039,200,10,500,1,960.4711652339902,960.7605386289652,960.3981384470244,11.008000197994988,0.09084916301071644,949.2477904640837,0.1184838258777745,0.005936654983088374,0.0,0.0,0.00010492803994566202,960.3922919210163,0.078873312973883,0.07302678696578369,0.0058465260080993176,21,['_engine._readout_estimate'],wrapped:_engine._readout_estimate,serial,1,500,9898,500,recompute,9488,-0.6630765353541634,-0.4126858563980782,0.25039067895608524,0.25039067895608547,outputs/benchmark_shapley_estimators/acs_job42594737_logistic_ease_fo_updates3/logs/EaseSHAP_interaction_nonlinear_seed2039.log,outputs/benchmark_shapley_estimators/acs_job42594737_logistic_ease_fo_updates3/per_run/EaseSHAP_interaction_nonlinear_seed2039.json,"{""boundary_order"": 1, ""boundary_policy"": ""fixed"", ""exact_boundary_handling"": true, ""include_nonlinear_size_terms"": true, ""num_folds"": 2, ""pilot_design_updates"": 3, ""pilot_fraction"": 0.2, ""surrogate_basis"": 1, ""surrogate_readout_mode"": ""crossfit"", ""surrogate_ridge_lambda"": 0.01, ""surrogate_ridge_schedule"": ""times_m"", ""use_complement_sampling"": true}"
ok,main,EaseSHAP_size_player,EASE-SP,EaseSHAP,13,2039,200,10,500,1,988.8830012929975,989.2996842020075,985.43998916907,13.090153497993015,0.09197524021146819,971.7885091321659,3.667315168015193,0.2449494919856079,0.0,0.0,9.876262629404664e-05,985.1950961430557,3.6879051499417983,3.443012123927474,0.24489302601432428,21,['_engine._readout_estimate'],wrapped:_engine._readout_estimate,serial,1,500,9898,500,recompute,9728,-0.6630765353541634,-0.4126858563980782,0.25039067895608524,0.2503906789560841,outputs/benchmark_shapley_estimators/acs_job42594737_logistic_ease_fo_updates3/logs/EaseSHAP_size_player_seed2039.log,outputs/benchmark_shapley_estimators/acs_job42594737_logistic_ease_fo_updates3/per_run/EaseSHAP_size_player_seed2039.json,"{""boundary_order"": 1, ""boundary_policy"": ""fixed"", ""exact_boundary_handling"": true, ""include_nonlinear_size_terms"": false, ""num_folds"": 2, ""pilot_fraction"": 0.2, ""surrogate_basis"": ""size_player"", ""surrogate_correction_max_iter"": 10, ""surrogate_correction_solver_mode"": ""matrix_free"", ""surrogate_r_correction_alpha"": 1.0, ""surrogate_readout_mode"": ""crossfit"", ""surrogate_ridge_lambda"": 1.0, ""surrogate_ridge_scaling"": ""size_trace"", ""surrogate_ridge_schedule"": ""fixed"", ""surrogate_solver_mode"": ""size_player"", ""surrogate_stats_backend"": ""exact_conditional"", ""surrogate_u_correction_alpha"": 1.0, ""use_complement_sampling"": true}"
ok,main,OFA_fixed,OFA,OFA_fixed,13,2039,200,10,500,1,974.9552796749631,975.2837097229785,974.9552796749631,13.603533231012989,0.30095509509555995,960.5546465200023,0.4960141949704848,2.0369014237076044e-05,0.0,0.0,0.0001102648675441742,974.9552796749631,0.0,0.0,0.0,0,[],not_configured,serial,1,500,10000,500,recompute,9882,-0.6630765353541634,-0.4126858563980782,0.25039067895608524,0.25013791915186284,outputs/benchmark_shapley_estimators/acs_job42594737_logistic_ease_fo_updates3/logs/OFA_fixed_seed2039.log,outputs/benchmark_shapley_estimators/acs_job42594737_logistic_ease_fo_updates3/per_run/OFA_fixed_seed2039.json,{}
ok,main,improved_AME,Improved AME,improved_AME,13,2039,200,10,500,1,823.0641166140558,823.3353862800286,823.0641166140558,7.627299055457115e-05,0.051623368985019624,823.0069955451763,0.005334604938980192,5.099049303680658e-06,0.0,0.0,8.172291563823819e-05,823.0641166140558,0.0,0.0,0.0,0,[],not_configured,serial,1,500,10000,500,recompute,9327,-0.6630765353541634,-0.4126858563980782,0.25039067895608524,0.38126996461151746,outputs/benchmark_shapley_estimators/acs_job42594737_logistic_ease_fo_updates3/logs/improved_AME_seed2039.log,outputs/benchmark_shapley_estimators/acs_job42594737_logistic_ease_fo_updates3/per_run/improved_AME_seed2039.json,{}
ok,main,SHAP_IQ,SHAP-IQ,SHAP_IQ,13,2039,200,10,500,1,961.1642627900001,961.3654534610105,961.1642627900001,0.39837925299070776,0.3022761907777749,960.4575600860408,0.005937505920883268,1.9215978682041168e-05,0.0,0.0,9.053829126060009e-05,961.1642627900001,0.0,0.0,0.0,0,[],not_configured,serial,1,500,10000,500,recompute,7611,-0.6630765353541634,-0.4126858563980782,0.25039067895608524,0.25039067895608513,outputs/benchmark_shapley_estimators/acs_job42594737_logistic_ease_fo_updates3/logs/SHAP_IQ_seed2039.log,outputs/benchmark_shapley_estimators/acs_job42594737_logistic_ease_fo_updates3/per_run/SHAP_IQ_seed2039.json,{}
ok,main,LeverageSHAP,LeverageSHAP,LeverageSHAP,13,2039,200,10,500,1,917.4260696099955,917.7422710109968,917.4160295790061,0.38226142997154966,0.08562420500675216,916.9396866429597,0.017526212031953037,0.0008600190049037337,0.0,0.0,0.00011110102059319615,917.4155243079877,0.010545302007813007,0.010040030989330262,0.0005052710184827447,20,['_estimate'],wrapped:_estimate,serial,1,500,9998,500,recompute,9628,-0.6630765353541634,-0.4126858563980782,0.25039067895608524,0.25039067895608524,outputs/benchmark_shapley_estimators/acs_job42594737_logistic_ease_fo_updates3/logs/LeverageSHAP_seed2039.log,outputs/benchmark_shapley_estimators/acs_job42594737_logistic_ease_fo_updates3/per_run/LeverageSHAP_seed2039.json,"{""sampling_with_replacement"": true}"
ok,main,RegressionMSR_unbiased,RegressionMSR,RegressionMSR_unbiased,13,2039,200,10,500,1,788.3693099700031,788.6643757539568,788.1883373278542,0.0010978970094583929,0.5326988220331259,787.6316341530182,0.20375675812829286,2.717104507610202e-05,0.0,0.0,9.516876889392734e-05,788.1673227899009,0.2019871801021509,0.1809726421488449,0.02101453795330599,20,['_run_kfold'],wrapped:_run_kfold,serial,1,500,10000,500,recompute,9572,-0.6630765353541634,-0.4126858563980782,0.25039067895608524,0.2503906789560854,outputs/benchmark_shapley_estimators/acs_job42594737_logistic_ease_fo_updates3/logs/RegressionMSR_unbiased_seed2039.log,outputs/benchmark_shapley_estimators/acs_job42594737_logistic_ease_fo_updates3/per_run/RegressionMSR_unbiased_seed2039.json,"{""num_folds"": 2, ""paired_sampling"": null, ""sampling_with_replacement"": true}"
ok,main,OFA_fixed,OFA,OFA_fixed,14,2040,200,10,500,1,738.7841457250179,739.0267076370073,738.7841457250179,11.2475218269974,0.2997265658923425,726.741650276992,0.4951087702065706,4.1087972931563854e-05,0.0,0.0,9.71969566307962e-05,738.7841457250179,0.0,0.0,0.0,0,[],not_configured,serial,1,500,10000,500,recompute,9862,-0.6630765353541634,-0.4126858563980782,0.25039067895608524,0.24940168101639004,outputs/benchmark_shapley_estimators/acs_job42594737_logistic_ease_fo_updates3/logs/OFA_fixed_seed2040.log,outputs/benchmark_shapley_estimators/acs_job42594737_logistic_ease_fo_updates3/per_run/OFA_fixed_seed2040.json,{}
ok,main,kernelSHAP,kernelSHAP,kernelSHAP,13,2039,200,10,500,1,1028.8944542210083,1029.1455621299683,1028.880202383094,0.28250644699437544,0.300463221850805,1028.2902211988694,0.021126116917002946,2.5897985324263573e-05,0.0,0.0,0.00011133839143440127,1028.8794213330839,0.015032887924462557,0.014251837914343923,0.0007810500101186335,20,['_estimate'],wrapped:_estimate,serial,1,500,10000,500,recompute,7611,-0.6630765353541634,-0.4126858563980782,0.25039067895608524,0.2503906789560847,outputs/benchmark_shapley_estimators/acs_job42594737_logistic_ease_fo_updates3/logs/kernelSHAP_seed2039.log,outputs/benchmark_shapley_estimators/acs_job42594737_logistic_ease_fo_updates3/per_run/kernelSHAP_seed2039.json,{}
ok,main,permutation,Permutation,permutation,13,2039,200,10,500,1,963.523423364968,963.8238582640188,963.523423364968,6.825802847743034e-05,0.0015922249876894057,963.5211040080758,0.0006007811171002686,3.5370467230677605e-06,0.0,0.0,5.455571226775646e-05,963.523423364968,0.0,0.0,0.0,0,[],not_configured,serial,1,500,200,10,recompute,9468,-0.6630765353541634,-0.4126858563980782,0.25039067895608524,0.25039067895608524,outputs/benchmark_shapley_estimators/acs_job42594737_logistic_ease_fo_updates3/logs/permutation_seed2039.log,outputs/benchmark_shapley_estimators/acs_job42594737_logistic_ease_fo_updates3/per_run/permutation_seed2039.json,{}
ok,main,GELS,GELS,GELS,13,2039,200,10,500,1,1123.488542180974,1123.7553880010382,1123.488542180974,9.344599675387144e-05,0.30896862904774025,1123.1759192720056,0.00347787793725729,4.237983375787735e-06,0.0,0.0,7.871800335124135e-05,1123.488542180974,0.0,0.0,0.0,0,[],not_configured,serial,1,500,10000,500,recompute,7523,-0.6630765353541634,-0.4126858563980782,0.25039067895608524,0.2839702745090431,outputs/benchmark_shapley_estimators/acs_job42594737_logistic_ease_fo_updates3/logs/GELS_seed2039.log,outputs/benchmark_shapley_estimators/acs_job42594737_logistic_ease_fo_updates3/per_run/GELS_seed2039.json,{}
ok,main,complement,Complement,complement,13,2039,200,10,500,1,915.6354105270002,915.852611934999,915.6354105270002,8.914701174944639e-05,0.0687248210888356,915.430210221908,0.13627311028540134,2.748199040070176e-05,0.0,0.0,8.574471576139331e-05,915.6354105270002,0.0,0.0,0.0,0,[],not_configured,serial,1,500,5000,250,recompute,9486,-0.6630765353541634,-0.4126858563980782,0.25039067895608524,0.25610836298999606,outputs/benchmark_shapley_estimators/acs_job42594737_logistic_ease_fo_updates3/logs/complement_seed2039.log,outputs/benchmark_shapley_estimators/acs_job42594737_logistic_ease_fo_updates3/per_run/complement_seed2039.json,{}
ok,main,EaseSHAP_interaction_nonlinear,EASE-FO,EaseSHAP,14,2040,200,10,500,1,883.3419997660094,883.5934076450067,883.2737408289686,11.29073484102264,0.09043960698181763,871.8416554389405,0.11304908699821681,0.006015434046275914,0.0,0.0,0.0001053580199368298,883.2678131409339,0.07418662507552654,0.06825893704080954,0.005927688034716994,21,['_engine._readout_estimate'],wrapped:_engine._readout_estimate,serial,1,500,9898,500,recompute,9330,-0.6630765353541634,-0.4126858563980782,0.25039067895608524,0.250390678956085,outputs/benchmark_shapley_estimators/acs_job42594737_logistic_ease_fo_updates3/logs/EaseSHAP_interaction_nonlinear_seed2040.log,outputs/benchmark_shapley_estimators/acs_job42594737_logistic_ease_fo_updates3/per_run/EaseSHAP_interaction_nonlinear_seed2040.json,"{""boundary_order"": 1, ""boundary_policy"": ""fixed"", ""exact_boundary_handling"": true, ""include_nonlinear_size_terms"": true, ""num_folds"": 2, ""pilot_design_updates"": 3, ""pilot_fraction"": 0.2, ""surrogate_basis"": 1, ""surrogate_readout_mode"": ""crossfit"", ""surrogate_ridge_lambda"": 0.01, ""surrogate_ridge_schedule"": ""times_m"", ""use_complement_sampling"": true}"
ok,main,OFA_baseline,OFA baseline,OFA_baseline,14,2040,200,10,500,1,829.8000611959724,829.9831406149897,829.8000611959724,5.696702282875776e-05,0.0014201141893863678,829.7972173948656,0.0013031610287725925,5.199981387704611e-06,0.0,0.0,5.8358884416520596e-05,829.8000611959724,0.0,0.0,0.0,0,[],not_configured,serial,1,500,100,5,recompute,9465,-0.6630765353541634,-0.4126858563980782,0.25039067895608524,0.2515401984347741,outputs/benchmark_shapley_estimators/acs_job42594737_logistic_ease_fo_updates3/logs/OFA_baseline_seed2040.log,outputs/benchmark_shapley_estimators/acs_job42594737_logistic_ease_fo_updates3/per_run/OFA_baseline_seed2040.json,{}
ok,main,sampling_lift,Sampling lift,sampling_lift,14,2040,200,10,500,1,821.808812186995,822.1305751840118,821.808812186995,6.674497853964567e-05,0.0010843678610399365,821.8069914090447,0.000612058094702661,6.32100272923708e-06,0.0,0.0,5.128601333126426e-05,821.808812186995,0.0,0.0,0.0,0,[],not_configured,serial,1,500,100,5,recompute,4841,-0.6630765353541634,-0.4126858563980782,0.25039067895608524,0.14478604118431174,outputs/benchmark_shapley_estimators/acs_job42594737_logistic_ease_fo_updates3/logs/sampling_lift_seed2040.log,outputs/benchmark_shapley_estimators/acs_job42594737_logistic_ease_fo_updates3/per_run/sampling_lift_seed2040.json,{}
ok,main,GELS,GELS,GELS,14,2040,200,10,500,1,785.0902843819931,785.2866303939954,785.0902843819931,0.00014019402442499995,0.3010083729750477,784.7855284719844,0.003498634963762015,3.478501457720995e-05,0.0,0.0,7.392303086817265e-05,785.0902843819931,0.0,0.0,0.0,0,[],not_configured,serial,1,500,10000,500,recompute,7523,-0.6630765353541634,-0.4126858563980782,0.25039067895608524,0.20973333655548188,outputs/benchmark_shapley_estimators/acs_job42594737_logistic_ease_fo_updates3/logs/GELS_seed2040.log,outputs/benchmark_shapley_estimators/acs_job42594737_logistic_ease_fo_updates3/per_run/GELS_seed2040.json,{}
ok,main,improved_AME,Improved AME,improved_AME,14,2040,200,10,500,1,794.7719303109916,795.0849288789905,794.7719303109916,9.499804582446814e-05,0.05117348796920851,794.7153108640341,0.0052676230552606285,3.656023181974888e-06,0.0,0.0,7.968186400830746e-05,794.7719303109916,0.0,0.0,0.0,0,[],not_configured,serial,1,500,10000,500,recompute,9315,-0.6630765353541634,-0.4126858563980782,0.25039067895608524,0.3122285353284609,outputs/benchmark_shapley_estimators/acs_job42594737_logistic_ease_fo_updates3/logs/improved_AME_seed2040.log,outputs/benchmark_shapley_estimators/acs_job42594737_logistic_ease_fo_updates3/per_run/improved_AME_seed2040.json,{}
ok,main,group_testing,Group testing,group_testing,13,2039,200,10,500,1,984.2364124070155,984.5048306870158,984.2364124070155,8.235499262809753e-05,0.29844216420315206,983.9362161179888,0.001571257074829191,2.2743013687431812e-05,0.0,0.0,7.776974234730005e-05,984.2364124070155,0.0,0.0,0.0,0,[],not_configured,serial,1,500,10000,500,recompute,7523,-0.6630765353541634,-0.4126858563980782,0.25039067895608524,0.3545600008669481,outputs/benchmark_shapley_estimators/acs_job42594737_logistic_ease_fo_updates3/logs/group_testing_seed2039.log,outputs/benchmark_shapley_estimators/acs_job42594737_logistic_ease_fo_updates3/per_run/group_testing_seed2039.json,{}
ok,main,LeverageSHAP,LeverageSHAP,LeverageSHAP,14,2040,200,10,500,1,777.8172065200051,778.0897095300024,777.8071407029638,0.29165453801397234,0.0839495838736184,777.4230959530687,0.017513927828986198,0.0008800270152278244,0.0,0.0,0.00011249020462855697,777.8066136409761,0.010592879028990865,0.010065817041322589,0.0005270619876682758,20,['_estimate'],wrapped:_estimate,serial,1,500,9998,500,recompute,9674,-0.6630765353541634,-0.4126858563980782,0.25039067895608524,0.2503906789560853,outputs/benchmark_shapley_estimators/acs_job42594737_logistic_ease_fo_updates3/logs/LeverageSHAP_seed2040.log,outputs/benchmark_shapley_estimators/acs_job42594737_logistic_ease_fo_updates3/per_run/LeverageSHAP_seed2040.json,"{""sampling_with_replacement"": true}"
ok,main,complement,Complement,complement,14,2040,200,10,500,1,819.8418025599676,820.1349745769985,819.8418025599676,7.411901606246829e-05,0.06884048297069967,819.6363600951736,0.13643685285933316,5.540030542761087e-06,0.0,0.0,8.546991739422083e-05,819.8418025599676,0.0,0.0,0.0,0,[],not_configured,serial,1,500,5000,250,recompute,9492,-0.6630765353541634,-0.4126858563980782,0.25039067895608524,0.2503211492539227,outputs/benchmark_shapley_estimators/acs_job42594737_logistic_ease_fo_updates3/logs/complement_seed2040.log,outputs/benchmark_shapley_estimators/acs_job42594737_logistic_ease_fo_updates3/per_run/complement_seed2040.json,{}
ok,main,permutation,Permutation,permutation,14,2040,200,10,500,1,830.1015946539701,830.34732368798,830.1015946539701,4.5576016418635845e-05,0.001574347901623696,830.0993720139377,0.0005387641722336411,4.1380408219993114e-06,0.0,0.0,5.981390131637454e-05,830.1015946539701,0.0,0.0,0.0,0,[],not_configured,serial,1,500,200,10,recompute,9467,-0.6630765353541634,-0.4126858563980782,0.25039067895608524,0.25039067895608524,outputs/benchmark_shapley_estimators/acs_job42594737_logistic_ease_fo_updates3/logs/permutation_seed2040.log,outputs/benchmark_shapley_estimators/acs_job42594737_logistic_ease_fo_updates3/per_run/permutation_seed2040.json,{}
ok,main,OFA_fixed,OFA,OFA_fixed,15,2041,200,10,500,1,747.4011891069822,747.607600763964,747.4011891069822,13.498340388003271,0.3002174198627472,733.1094312710338,0.4930801190203056,2.090900670737028e-05,0.0,0.0,9.900005534291267e-05,747.4011891069822,0.0,0.0,0.0,0,[],not_configured,serial,1,500,10000,500,recompute,9889,-0.6630765353541634,-0.4126858563980782,0.25039067895608524,0.2500473309699722,outputs/benchmark_shapley_estimators/acs_job42594737_logistic_ease_fo_updates3/logs/OFA_fixed_seed2041.log,outputs/benchmark_shapley_estimators/acs_job42594737_logistic_ease_fo_updates3/per_run/OFA_fixed_seed2041.json,{}
ok,main,RegressionMSR_unbiased,RegressionMSR,RegressionMSR_unbiased,14,2040,200,10,500,1,800.7805154759553,801.0137812509784,800.5982500339742,0.0008972379728220403,0.5496688379207626,800.0276409260696,0.2022197869955562,8.735980372875929e-06,0.0,0.0,7.995101623237133e-05,800.5800714349607,0.20044404099462554,0.18226544198114425,0.01817859901348129,20,['_run_kfold'],wrapped:_run_kfold,serial,1,500,10000,500,recompute,9666,-0.6630765353541634,-0.4126858563980782,0.25039067895608524,0.25039067895608574,outputs/benchmark_shapley_estimators/acs_job42594737_logistic_ease_fo_updates3/logs/RegressionMSR_unbiased_seed2040.log,outputs/benchmark_shapley_estimators/acs_job42594737_logistic_ease_fo_updates3/per_run/RegressionMSR_unbiased_seed2040.json,"{""num_folds"": 2, ""paired_sampling"": null, ""sampling_with_replacement"": true}"
ok,main,EaseSHAP_size_player,EASE-SP,EaseSHAP,14,2040,200,10,500,1,1052.6699318640167,1052.9021376859746,1049.343759635929,14.18955085502239,0.09109934995649382,1034.5978263309225,3.5439437328022905,0.2474100409890525,0.0,0.0,0.00010155432391911745,1049.0963828879758,3.573548976040911,3.326172228087671,0.24737674795323983,21,['_engine._readout_estimate'],wrapped:_engine._readout_estimate,serial,1,500,9898,500,recompute,8844,-0.6630765353541634,-0.4126858563980782,0.25039067895608524,0.2503906789560842,outputs/benchmark_shapley_estimators/acs_job42594737_logistic_ease_fo_updates3/logs/EaseSHAP_size_player_seed2040.log,outputs/benchmark_shapley_estimators/acs_job42594737_logistic_ease_fo_updates3/per_run/EaseSHAP_size_player_seed2040.json,"{""boundary_order"": 1, ""boundary_policy"": ""fixed"", ""exact_boundary_handling"": true, ""include_nonlinear_size_terms"": false, ""num_folds"": 2, ""pilot_fraction"": 0.2, ""surrogate_basis"": ""size_player"", ""surrogate_correction_max_iter"": 10, ""surrogate_correction_solver_mode"": ""matrix_free"", ""surrogate_r_correction_alpha"": 1.0, ""surrogate_readout_mode"": ""crossfit"", ""surrogate_ridge_lambda"": 1.0, ""surrogate_ridge_scaling"": ""size_trace"", ""surrogate_ridge_schedule"": ""fixed"", ""surrogate_solver_mode"": ""size_player"", ""surrogate_stats_backend"": ""exact_conditional"", ""surrogate_u_correction_alpha"": 1.0, ""use_complement_sampling"": true}"
ok,main,kernelSHAP,kernelSHAP,kernelSHAP,14,2040,200,10,500,1,926.9045903530205,927.1373823480099,926.8900509151281,0.3261583420098759,0.300657722982578,926.2561121419421,0.02151371503714472,2.2712978534400463e-05,0.0,0.0,0.00012571807019412518,926.8892765481141,0.015313804906327277,0.014539437892381102,0.0007743670139461756,20,['_estimate'],wrapped:_estimate,serial,1,500,10000,500,recompute,7587,-0.6630765353541634,-0.4126858563980782,0.25039067895608524,0.25039067895608397,outputs/benchmark_shapley_estimators/acs_job42594737_logistic_ease_fo_updates3/logs/kernelSHAP_seed2040.log,outputs/benchmark_shapley_estimators/acs_job42594737_logistic_ease_fo_updates3/per_run/kernelSHAP_seed2040.json,{}
ok,main,group_testing,Group testing,group_testing,14,2040,200,10,500,1,843.7250428699772,843.9618247750332,843.7250428699772,7.111398736014962e-05,0.2982197498786263,843.4252815160435,0.001390014251228422,3.926979843527079e-06,0.0,0.0,7.654883665964007e-05,843.7250428699772,0.0,0.0,0.0,0,[],not_configured,serial,1,500,10000,500,recompute,7523,-0.6630765353541634,-0.4126858563980782,0.25039067895608524,0.5578162115350708,outputs/benchmark_shapley_estimators/acs_job42594737_logistic_ease_fo_updates3/logs/group_testing_seed2040.log,outputs/benchmark_shapley_estimators/acs_job42594737_logistic_ease_fo_updates3/per_run/group_testing_seed2040.json,{}
ok,main,sampling_lift,Sampling lift,sampling_lift,15,2041,200,10,500,1,726.3207198300515,726.519979063014,726.3207198300515,7.140496745705605e-05,0.0010485740494914353,726.3189535659621,0.0005867360159754753,4.058005288243294e-06,0.0,0.0,5.549105117097497e-05,726.3207198300515,0.0,0.0,0.0,0,[],not_configured,serial,1,500,100,5,recompute,5093,-0.6630765353541634,-0.4126858563980782,0.25039067895608524,0.14655940152367536,outputs/benchmark_shapley_estimators/acs_job42594737_logistic_ease_fo_updates3/logs/sampling_lift_seed2041.log,outputs/benchmark_shapley_estimators/acs_job42594737_logistic_ease_fo_updates3/per_run/sampling_lift_seed2041.json,{}
ok,main,SHAP_IQ,SHAP-IQ,SHAP_IQ,14,2040,200,10,500,1,1007.8207309660502,1008.1126964810537,1007.8207309660502,0.3343255859799683,0.3005580250755884,1007.1795254558674,0.006190552900079638,3.780203405767679e-05,0.0,0.0,9.354419307783246e-05,1007.8207309660502,0.0,0.0,0.0,0,[],not_configured,serial,1,500,10000,500,recompute,7587,-0.6630765353541634,-0.4126858563980782,0.25039067895608524,0.25039067895608497,outputs/benchmark_shapley_estimators/acs_job42594737_logistic_ease_fo_updates3/logs/SHAP_IQ_seed2040.log,outputs/benchmark_shapley_estimators/acs_job42594737_logistic_ease_fo_updates3/per_run/SHAP_IQ_seed2040.json,{}
ok,main,OFA_baseline,OFA baseline,OFA_baseline,15,2041,200,10,500,1,840.3959165889537,840.621735394001,840.3959165889537,7.15850037522614e-05,0.0014389349962584674,840.3930345748086,0.0013035099836997688,4.2790197767317295e-06,0.0,0.0,6.370514165610075e-05,840.3959165889537,0.0,0.0,0.0,0,[],not_configured,serial,1,500,100,5,recompute,9466,-0.6630765353541634,-0.4126858563980782,0.25039067895608524,0.25225917936918413,outputs/benchmark_shapley_estimators/acs_job42594737_logistic_ease_fo_updates3/logs/OFA_baseline_seed2041.log,outputs/benchmark_shapley_estimators/acs_job42594737_logistic_ease_fo_updates3/per_run/OFA_baseline_seed2041.json,{}
ok,main,EaseSHAP_interaction_nonlinear,EASE-FO,EaseSHAP,15,2041,200,10,500,1,907.5830322919646,907.8222681949846,907.5124546799343,12.246510358992964,0.08996682497672737,895.1265430588974,0.1137818320421502,0.006127884960733354,0.0,0.0,0.0001023320946842432,907.5063640949666,0.07666819699807093,0.07057761203031987,0.006090584967751056,21,['_engine._readout_estimate'],wrapped:_engine._readout_estimate,serial,1,500,9898,500,recompute,9384,-0.6630765353541634,-0.4126858563980782,0.25039067895608524,0.2503906789560854,outputs/benchmark_shapley_estimators/acs_job42594737_logistic_ease_fo_updates3/logs/EaseSHAP_interaction_nonlinear_seed2041.log,outputs/benchmark_shapley_estimators/acs_job42594737_logistic_ease_fo_updates3/per_run/EaseSHAP_interaction_nonlinear_seed2041.json,"{""boundary_order"": 1, ""boundary_policy"": ""fixed"", ""exact_boundary_handling"": true, ""include_nonlinear_size_terms"": true, ""num_folds"": 2, ""pilot_design_updates"": 3, ""pilot_fraction"": 0.2, ""surrogate_basis"": 1, ""surrogate_readout_mode"": ""crossfit"", ""surrogate_ridge_lambda"": 0.01, ""surrogate_ridge_schedule"": ""times_m"", ""use_complement_sampling"": true}"
ok,main,EaseSHAP_size_player,EASE-SP,EaseSHAP,15,2041,200,10,500,1,1006.0528125910205,1006.272680944996,1002.7000256219762,16.184720086981542,0.0913845140603371,985.9527365901158,3.569570687075611,0.2542939700069837,0.0,0.0,0.0001067427801899612,1002.4457876380184,3.60702495300211,3.352786969044246,0.25423798395786434,21,['_engine._readout_estimate'],wrapped:_engine._readout_estimate,serial,1,500,9898,500,recompute,9092,-0.6630765353541634,-0.4126858563980782,0.25039067895608524,0.2503906789560843,outputs/benchmark_shapley_estimators/acs_job42594737_logistic_ease_fo_updates3/logs/EaseSHAP_size_player_seed2041.log,outputs/benchmark_shapley_estimators/acs_job42594737_logistic_ease_fo_updates3/per_run/EaseSHAP_size_player_seed2041.json,"{""boundary_order"": 1, ""boundary_policy"": ""fixed"", ""exact_boundary_handling"": true, ""include_nonlinear_size_terms"": false, ""num_folds"": 2, ""pilot_fraction"": 0.2, ""surrogate_basis"": ""size_player"", ""surrogate_correction_max_iter"": 10, ""surrogate_correction_solver_mode"": ""matrix_free"", ""surrogate_r_correction_alpha"": 1.0, ""surrogate_readout_mode"": ""crossfit"", ""surrogate_ridge_lambda"": 1.0, ""surrogate_ridge_scaling"": ""size_trace"", ""surrogate_ridge_schedule"": ""fixed"", ""surrogate_solver_mode"": ""size_player"", ""surrogate_stats_backend"": ""exact_conditional"", ""surrogate_u_correction_alpha"": 1.0, ""use_complement_sampling"": true}"
ok,main,permutation,Permutation,permutation,15,2041,200,10,500,1,822.0958776120096,822.361272279988,822.0958776120096,5.6818011216819286e-05,0.001563744037412107,822.0936145209125,0.0005845229024998844,4.338973667472601e-06,0.0,0.0,5.366717232391238e-05,822.0958776120096,0.0,0.0,0.0,0,[],not_configured,serial,1,500,200,10,recompute,9468,-0.6630765353541634,-0.4126858563980782,0.25039067895608524,0.2503906789560852,outputs/benchmark_shapley_estimators/acs_job42594737_logistic_ease_fo_updates3/logs/permutation_seed2041.log,outputs/benchmark_shapley_estimators/acs_job42594737_logistic_ease_fo_updates3/per_run/permutation_seed2041.json,{}
ok,main,SHAP_IQ,SHAP-IQ,SHAP_IQ,15,2041,200,10,500,1,993.1186610730365,993.4458283249987,993.1186610730365,0.27632177696796134,0.3065384469809942,992.529946272145,0.005737799045164138,2.180103911086917e-05,0.0,0.0,9.497685823589563e-05,993.1186610730365,0.0,0.0,0.0,0,[],not_configured,serial,1,500,10000,500,recompute,7647,-0.6630765353541634,-0.4126858563980782,0.25039067895608524,0.2503906789560852,outputs/benchmark_shapley_estimators/acs_job42594737_logistic_ease_fo_updates3/logs/SHAP_IQ_seed2041.log,outputs/benchmark_shapley_estimators/acs_job42594737_logistic_ease_fo_updates3/per_run/SHAP_IQ_seed2041.json,{}
ok,main,improved_AME,Improved AME,improved_AME,15,2041,200,10,500,1,909.7293121530092,910.0353160260129,909.7293121530092,5.0986011046916246e-05,0.05172194290207699,909.6721243810025,0.005319264892023057,4.9889786168932915e-06,0.0,0.0,9.058922296389937e-05,909.7293121530092,0.0,0.0,0.0,0,[],not_configured,serial,1,500,10000,500,recompute,9319,-0.6630765353541634,-0.4126858563980782,0.25039067895608524,0.17221649226049454,outputs/benchmark_shapley_estimators/acs_job42594737_logistic_ease_fo_updates3/logs/improved_AME_seed2041.log,outputs/benchmark_shapley_estimators/acs_job42594737_logistic_ease_fo_updates3/per_run/improved_AME_seed2041.json,{}
ok,main,GELS,GELS,GELS,15,2041,200,10,500,1,991.4079474229948,991.6389709310024,991.4079474229948,0.00011852302122861147,0.30981930217240006,991.0943968269276,0.003530724032316357,3.6169658415019512e-06,0.0,0.0,7.842987542971969e-05,991.4079474229948,0.0,0.0,0.0,0,[],not_configured,serial,1,500,10000,500,recompute,7555,-0.6630765353541634,-0.4126858563980782,0.25039067895608524,0.30357410182289724,outputs/benchmark_shapley_estimators/acs_job42594737_logistic_ease_fo_updates3/logs/GELS_seed2041.log,outputs/benchmark_shapley_estimators/acs_job42594737_logistic_ease_fo_updates3/per_run/GELS_seed2041.json,{}
ok,main,LeverageSHAP,LeverageSHAP,LeverageSHAP,15,2041,200,10,500,1,931.7283261290286,932.0413682259968,931.7180871671299,0.2557134730159305,0.08507331612054259,931.3687195670791,0.017830653057899326,0.000864788016770035,0.0,0.0,0.00012433173833414912,931.7175722671091,0.01075386191951111,0.010238961898721755,0.000514900020789355,20,['_estimate'],wrapped:_estimate,serial,1,500,9998,500,recompute,9698,-0.6630765353541634,-0.4126858563980782,0.25039067895608524,0.25039067895608524,outputs/benchmark_shapley_estimators/acs_job42594737_logistic_ease_fo_updates3/logs/LeverageSHAP_seed2041.log,outputs/benchmark_shapley_estimators/acs_job42594737_logistic_ease_fo_updates3/per_run/LeverageSHAP_seed2041.json,"{""sampling_with_replacement"": true}"
ok,main,kernelSHAP,kernelSHAP,kernelSHAP,15,2041,200,10,500,1,1118.9502032150049,1119.2030623159953,1118.935483446985,0.3000896130106412,0.3027745480649173,1118.3255170460907,0.02169622987275943,1.9987986888736486e-05,0.0,0.0,0.00010578997898846865,1118.9346869879519,0.015516227053012699,0.014719768019858748,0.0007964590331539512,20,['_estimate'],wrapped:_estimate,serial,1,500,10000,500,recompute,7647,-0.6630765353541634,-0.4126858563980782,0.25039067895608524,0.2503906789560847,outputs/benchmark_shapley_estimators/acs_job42594737_logistic_ease_fo_updates3/logs/kernelSHAP_seed2041.log,outputs/benchmark_shapley_estimators/acs_job42594737_logistic_ease_fo_updates3/per_run/kernelSHAP_seed2041.json,{}
ok,main,RegressionMSR_unbiased,RegressionMSR,RegressionMSR_unbiased,15,2041,200,10,500,1,827.8417521120282,828.0630203409819,827.6639238860225,0.0011177039705216885,0.5883804929326288,827.0529271519626,0.19923446705797687,6.152025889605284e-06,0.0,0.0,8.614407852292061e-05,827.6442498550168,0.19750225701136515,0.1778282260056585,0.019674031005706638,20,['_run_kfold'],wrapped:_run_kfold,serial,1,500,10000,500,recompute,9720,-0.6630765353541634,-0.4126858563980782,0.25039067895608524,0.25039067895608536,outputs/benchmark_shapley_estimators/acs_job42594737_logistic_ease_fo_updates3/logs/RegressionMSR_unbiased_seed2041.log,outputs/benchmark_shapley_estimators/acs_job42594737_logistic_ease_fo_updates3/per_run/RegressionMSR_unbiased_seed2041.json,"{""num_folds"": 2, ""paired_sampling"": null, ""sampling_with_replacement"": true}"
ok,main,complement,Complement,complement,15,2041,200,10,500,1,879.0186004260322,879.3761468529701,879.0186004260322,8.348800474777818e-05,0.06908613088307902,878.8133728988469,0.13595359801547602,1.92360021173954e-05,0.0,0.0,8.507427992299199e-05,879.0186004260322,0.0,0.0,0.0,0,[],not_configured,serial,1,500,5000,250,recompute,9488,-0.6630765353541634,-0.4126858563980782,0.25039067895608524,0.24974670160013068,outputs/benchmark_shapley_estimators/acs_job42594737_logistic_ease_fo_updates3/logs/complement_seed2041.log,outputs/benchmark_shapley_estimators/acs_job42594737_logistic_ease_fo_updates3/per_run/complement_seed2041.json,{}
ok,main,sampling_lift,Sampling lift,sampling_lift,16,2042,200,10,500,1,788.5773406949593,788.7923721249681,788.5773406949593,5.440204404294491e-05,0.0011103110737167299,788.5754768571351,0.0006425569881685078,3.657012712210417e-06,0.0,0.0,5.291070556268096e-05,788.5773406949593,0.0,0.0,0.0,0,[],not_configured,serial,1,500,100,5,recompute,4882,-0.6630765353541634,-0.4126858563980782,0.25039067895608524,0.33895465008448167,outputs/benchmark_shapley_estimators/acs_job42594737_logistic_ease_fo_updates3/logs/sampling_lift_seed2042.log,outputs/benchmark_shapley_estimators/acs_job42594737_logistic_ease_fo_updates3/per_run/sampling_lift_seed2042.json,{}
ok,main,OFA_fixed,OFA,OFA_fixed,16,2042,200,10,500,1,878.258294483996,878.5230978790205,878.258294483996,10.234316338959616,0.30012343486305326,867.2332003578776,0.4905295532080345,2.0248000510036945e-05,0.0,0.0,0.0001045510871335864,878.258294483996,0.0,0.0,0.0,0,[],not_configured,serial,1,500,10000,500,recompute,9850,-0.6630765353541634,-0.4126858563980782,0.25039067895608524,0.2500170523069312,outputs/benchmark_shapley_estimators/acs_job42594737_logistic_ease_fo_updates3/logs/OFA_fixed_seed2042.log,outputs/benchmark_shapley_estimators/acs_job42594737_logistic_ease_fo_updates3/per_run/OFA_fixed_seed2042.json,{}
ok,main,EaseSHAP_interaction_nonlinear,EASE-FO,EaseSHAP,16,2042,200,10,500,1,922.0057919700048,922.2247796200099,921.9367928550928,12.0821056549903,0.09081406274344772,909.711768055975,0.11484544782433659,0.006164374004583806,0.0,0.0,9.437446715310216e-05,921.9306975821382,0.07509438786655664,0.06899911491200328,0.006095272954553366,21,['_engine._readout_estimate'],wrapped:_engine._readout_estimate,serial,1,500,9898,500,recompute,9410,-0.6630765353541634,-0.4126858563980782,0.25039067895608524,0.2503906789560853,outputs/benchmark_shapley_estimators/acs_job42594737_logistic_ease_fo_updates3/logs/EaseSHAP_interaction_nonlinear_seed2042.log,outputs/benchmark_shapley_estimators/acs_job42594737_logistic_ease_fo_updates3/per_run/EaseSHAP_interaction_nonlinear_seed2042.json,"{""boundary_order"": 1, ""boundary_policy"": ""fixed"", ""exact_boundary_handling"": true, ""include_nonlinear_size_terms"": true, ""num_folds"": 2, ""pilot_design_updates"": 3, ""pilot_fraction"": 0.2, ""surrogate_basis"": 1, ""surrogate_readout_mode"": ""crossfit"", ""surrogate_ridge_lambda"": 0.01, ""surrogate_ridge_schedule"": ""times_m"", ""use_complement_sampling"": true}"
ok,main,improved_AME,Improved AME,improved_AME,16,2042,200,10,500,1,783.321024090983,783.5348684600322,783.321024090983,5.748803960159421e-05,0.0508966013439931,783.2648370011011,0.005148164287675172,3.8869911804795265e-06,0.0,0.0,8.094921940937638e-05,783.321024090983,0.0,0.0,0.0,0,[],not_configured,serial,1,500,10000,500,recompute,9321,-0.6630765353541634,-0.4126858563980782,0.25039067895608524,0.37993352948380815,outputs/benchmark_shapley_estimators/acs_job42594737_logistic_ease_fo_updates3/logs/improved_AME_seed2042.log,outputs/benchmark_shapley_estimators/acs_job42594737_logistic_ease_fo_updates3/per_run/improved_AME_seed2042.json,{}
ok,main,OFA_baseline,OFA baseline,OFA_baseline,16,2042,200,10,500,1,896.2452921150252,896.5896838969784,896.2452921150252,8.040096145123243e-05,0.0014663329347968102,896.2423152329866,0.0013661300181411207,4.0879822336137295e-06,0.0,0.0,5.9930142015218735e-05,896.2452921150252,0.0,0.0,0.0,0,[],not_configured,serial,1,500,100,5,recompute,9462,-0.6630765353541634,-0.4126858563980782,0.25039067895608524,0.2664380374198976,outputs/benchmark_shapley_estimators/acs_job42594737_logistic_ease_fo_updates3/logs/OFA_baseline_seed2042.log,outputs/benchmark_shapley_estimators/acs_job42594737_logistic_ease_fo_updates3/per_run/OFA_baseline_seed2042.json,{}
ok,main,group_testing,Group testing,group_testing,15,2041,200,10,500,1,948.7309601990273,949.0495980450069,948.7309601990273,5.583500023931265e-05,0.30164684500778094,948.4277482430916,0.0014197330456227064,3.597000613808632e-06,0.0,0.0,8.594588143751025e-05,948.7309601990273,0.0,0.0,0.0,0,[],not_configured,serial,1,500,10000,500,recompute,7555,-0.6630765353541634,-0.4126858563980782,0.25039067895608524,0.0052272903914478116,outputs/benchmark_shapley_estimators/acs_job42594737_logistic_ease_fo_updates3/logs/group_testing_seed2041.log,outputs/benchmark_shapley_estimators/acs_job42594737_logistic_ease_fo_updates3/per_run/group_testing_seed2041.json,{}
ok,main,LeverageSHAP,LeverageSHAP,LeverageSHAP,16,2042,200,10,500,1,811.1543991629733,811.407353534014,811.1440441021114,0.26609297399409115,0.08419753692578524,810.7850922170328,0.017999482981394976,0.0008873899932950735,0.0,0.0,0.00012956204591318965,811.1435101771494,0.010888985823839903,0.010355060861911625,0.0005339249619282782,20,['_estimate'],wrapped:_estimate,serial,1,500,9998,500,recompute,9626,-0.6630765353541634,-0.4126858563980782,0.25039067895608524,0.25039067895608524,outputs/benchmark_shapley_estimators/acs_job42594737_logistic_ease_fo_updates3/logs/LeverageSHAP_seed2042.log,outputs/benchmark_shapley_estimators/acs_job42594737_logistic_ease_fo_updates3/per_run/LeverageSHAP_seed2042.json,"{""sampling_with_replacement"": true}"
ok,main,RegressionMSR_unbiased,RegressionMSR,RegressionMSR_unbiased,16,2042,200,10,500,1,692.5311620780267,692.7636197310057,692.3707277840585,0.0009309320012107491,0.5447109659435228,691.8090882350807,0.17634041799465194,5.309993866831064e-06,0.0,0.0,8.621701272204518e-05,692.3564400820178,0.17472199600888416,0.16043429396813735,0.014287702040746808,20,['_run_kfold'],wrapped:_run_kfold,serial,1,500,10000,500,recompute,9654,-0.6630765353541634,-0.4126858563980782,0.25039067895608524,0.2503906789560853,outputs/benchmark_shapley_estimators/acs_job42594737_logistic_ease_fo_updates3/logs/RegressionMSR_unbiased_seed2042.log,outputs/benchmark_shapley_estimators/acs_job42594737_logistic_ease_fo_updates3/per_run/RegressionMSR_unbiased_seed2042.json,"{""num_folds"": 2, ""paired_sampling"": null, ""sampling_with_replacement"": true}"
ok,main,permutation,Permutation,permutation,16,2042,200,10,500,1,821.0850970490137,821.3351604700438,821.0850970490137,5.669699748978019e-05,0.00161615083925426,821.0827240340295,0.0006168910185806453,2.0117033272981644e-05,0.0,0.0,6.315909558907151e-05,821.0850970490137,0.0,0.0,0.0,0,[],not_configured,serial,1,500,200,10,recompute,9465,-0.6630765353541634,-0.4126858563980782,0.25039067895608524,0.2503906789560852,outputs/benchmark_shapley_estimators/acs_job42594737_logistic_ease_fo_updates3/logs/permutation_seed2042.log,outputs/benchmark_shapley_estimators/acs_job42594737_logistic_ease_fo_updates3/per_run/permutation_seed2042.json,{}
ok,main,EaseSHAP_size_player,EASE-SP,EaseSHAP,16,2042,200,10,500,1,1020.2710613560048,1020.5290354840108,1016.8026552450028,10.1633276680368,0.092579132062383,1006.0725148770143,3.6917115109972656,0.2508055969956331,0.0,0.0,0.00012257089838385582,1016.5519456890179,3.7191156669869088,3.4684061110019684,0.2507095559849404,21,['_engine._readout_estimate'],wrapped:_engine._readout_estimate,serial,1,500,9898,500,recompute,9380,-0.6630765353541634,-0.4126858563980782,0.25039067895608524,0.2503906789560842,outputs/benchmark_shapley_estimators/acs_job42594737_logistic_ease_fo_updates3/logs/EaseSHAP_size_player_seed2042.log,outputs/benchmark_shapley_estimators/acs_job42594737_logistic_ease_fo_updates3/per_run/EaseSHAP_size_player_seed2042.json,"{""boundary_order"": 1, ""boundary_policy"": ""fixed"", ""exact_boundary_handling"": true, ""include_nonlinear_size_terms"": false, ""num_folds"": 2, ""pilot_fraction"": 0.2, ""surrogate_basis"": ""size_player"", ""surrogate_correction_max_iter"": 10, ""surrogate_correction_solver_mode"": ""matrix_free"", ""surrogate_r_correction_alpha"": 1.0, ""surrogate_readout_mode"": ""crossfit"", ""surrogate_ridge_lambda"": 1.0, ""surrogate_ridge_scaling"": ""size_trace"", ""surrogate_ridge_schedule"": ""fixed"", ""surrogate_solver_mode"": ""size_player"", ""surrogate_stats_backend"": ""exact_conditional"", ""surrogate_u_correction_alpha"": 1.0, ""use_complement_sampling"": true}"
ok,main,OFA_baseline,OFA baseline,OFA_baseline,17,2043,200,10,500,1,723.6228777960059,723.839601685002,723.6228777960059,7.995101623237133e-05,0.0014232696848921478,723.6200225729262,0.0012859610724262893,6.101035978645086e-06,0.0,0.0,5.994027014821768e-05,723.6228777960059,0.0,0.0,0.0,0,[],not_configured,serial,1,500,100,5,recompute,9467,-0.6630765353541634,-0.4126858563980782,0.25039067895608524,0.2493047533312412,outputs/benchmark_shapley_estimators/acs_job42594737_logistic_ease_fo_updates3/logs/OFA_baseline_seed2043.log,outputs/benchmark_shapley_estimators/acs_job42594737_logistic_ease_fo_updates3/per_run/OFA_baseline_seed2043.json,{}
ok,main,sampling_lift,Sampling lift,sampling_lift,17,2043,200,10,500,1,739.9755518609891,740.2679158420069,739.9755518609891,3.824202576652169e-05,0.0009686590055935085,739.9739334029146,0.0005470109754242003,4.689034540206194e-06,0.0,0.0,5.985703319311142e-05,739.9755518609891,0.0,0.0,0.0,0,[],not_configured,serial,1,500,100,5,recompute,4885,-0.6630765353541634,-0.4126858563980782,0.25039067895608524,0.38207147661091695,outputs/benchmark_shapley_estimators/acs_job42594737_logistic_ease_fo_updates3/logs/sampling_lift_seed2043.log,outputs/benchmark_shapley_estimators/acs_job42594737_logistic_ease_fo_updates3/per_run/sampling_lift_seed2043.json,{}
ok,main,complement,Complement,complement,16,2042,200,10,500,1,831.9861523789586,832.276704998978,831.9861523789586,5.5916025303304195e-05,0.06838201102800667,831.7813775649993,0.13621631398564205,3.292202018201351e-05,0.0,0.0,8.765090024098754e-05,831.9861523789586,0.0,0.0,0.0,0,[],not_configured,serial,1,500,5000,250,recompute,9476,-0.6630765353541634,-0.4126858563980782,0.25039067895608524,0.25128177303881744,outputs/benchmark_shapley_estimators/acs_job42594737_logistic_ease_fo_updates3/logs/complement_seed2042.log,outputs/benchmark_shapley_estimators/acs_job42594737_logistic_ease_fo_updates3/per_run/complement_seed2042.json,{}
ok,main,SHAP_IQ,SHAP-IQ,SHAP_IQ,16,2042,200,10,500,1,990.7115947480197,990.9068930019857,990.7115947480197,0.2826923909597099,0.3052307867910713,990.1176422890858,0.005897431110497564,4.0014972910284996e-05,0.0,0.0,9.183509973809123e-05,990.7115947480197,0.0,0.0,0.0,0,[],not_configured,serial,1,500,10000,500,recompute,7501,-0.6630765353541634,-0.4126858563980782,0.25039067895608524,0.2503906789560852,outputs/benchmark_shapley_estimators/acs_job42594737_logistic_ease_fo_updates3/logs/SHAP_IQ_seed2042.log,outputs/benchmark_shapley_estimators/acs_job42594737_logistic_ease_fo_updates3/per_run/SHAP_IQ_seed2042.json,{}
ok,main,OFA_fixed,OFA,OFA_fixed,17,2043,200,10,500,1,832.4557723869802,832.7421373749967,832.4557723869802,13.472296188003384,0.2994907650281675,818.1915184939862,0.49232936097541824,2.226204378530383e-05,0.0,0.0,0.00011531694326549768,832.4557723869802,0.0,0.0,0.0,0,[],not_configured,serial,1,500,10000,500,recompute,9876,-0.6630765353541634,-0.4126858563980782,0.25039067895608524,0.25009003436507177,outputs/benchmark_shapley_estimators/acs_job42594737_logistic_ease_fo_updates3/logs/OFA_fixed_seed2043.log,outputs/benchmark_shapley_estimators/acs_job42594737_logistic_ease_fo_updates3/per_run/OFA_fixed_seed2043.json,{}
ok,main,kernelSHAP,kernelSHAP,kernelSHAP,16,2042,200,10,500,1,987.9701280430309,988.2189491330064,987.9556338809198,0.3563378700055182,0.30098673718748614,987.2914382801391,0.021209884085692465,3.998499596491456e-05,0.0,0.0,0.00011528661707416177,987.9548757838784,0.015252259152475744,0.014494162111077458,0.0007580970413982868,20,['_estimate'],wrapped:_estimate,serial,1,500,10000,500,recompute,7501,-0.6630765353541634,-0.4126858563980782,0.25039067895608524,0.25039067895608524,outputs/benchmark_shapley_estimators/acs_job42594737_logistic_ease_fo_updates3/logs/kernelSHAP_seed2042.log,outputs/benchmark_shapley_estimators/acs_job42594737_logistic_ease_fo_updates3/per_run/kernelSHAP_seed2042.json,{}
ok,main,group_testing,Group testing,group_testing,16,2042,200,10,500,1,908.0236487109796,908.2154431710369,908.0236487109796,7.393001578748226e-05,0.3022758148727007,907.7197928241221,0.0013847521622665226,3.657903289422393e-05,0.0,0.0,8.481077384203672e-05,908.0236487109796,0.0,0.0,0.0,0,[],not_configured,serial,1,500,10000,500,recompute,7494,-0.6630765353541634,-0.4126858563980782,0.25039067895608524,-0.7093551765511594,outputs/benchmark_shapley_estimators/acs_job42594737_logistic_ease_fo_updates3/logs/group_testing_seed2042.log,outputs/benchmark_shapley_estimators/acs_job42594737_logistic_ease_fo_updates3/per_run/group_testing_seed2042.json,{}
ok,main,EaseSHAP_interaction_nonlinear,EASE-FO,EaseSHAP,17,2043,200,10,500,1,885.6646915310412,885.9164666900178,885.59492650209,11.8973606020445,0.09053233597660437,873.5555182069656,0.11501545977080241,0.006165194965433329,0.0,0.0,9.973131818696856e-05,885.5888606340741,0.07583089696709067,0.06976502895122394,0.006065868015866727,21,['_engine._readout_estimate'],wrapped:_engine._readout_estimate,serial,1,500,9898,500,recompute,9176,-0.6630765353541634,-0.4126858563980782,0.25039067895608524,0.2503906789560853,outputs/benchmark_shapley_estimators/acs_job42594737_logistic_ease_fo_updates3/logs/EaseSHAP_interaction_nonlinear_seed2043.log,outputs/benchmark_shapley_estimators/acs_job42594737_logistic_ease_fo_updates3/per_run/EaseSHAP_interaction_nonlinear_seed2043.json,"{""boundary_order"": 1, ""boundary_policy"": ""fixed"", ""exact_boundary_handling"": true, ""include_nonlinear_size_terms"": true, ""num_folds"": 2, ""pilot_design_updates"": 3, ""pilot_fraction"": 0.2, ""surrogate_basis"": 1, ""surrogate_readout_mode"": ""crossfit"", ""surrogate_ridge_lambda"": 0.01, ""surrogate_ridge_schedule"": ""times_m"", ""use_complement_sampling"": true}"
ok,main,GELS,GELS,GELS,16,2042,200,10,500,1,1058.1578180729994,1058.430056081037,1058.1578180729994,0.00014027301222085953,0.3064320932608098,1057.8475263559958,0.0036368528963066638,3.636989276856184e-06,0.0,0.0,7.8860844951123e-05,1058.1578180729994,0.0,0.0,0.0,0,[],not_configured,serial,1,500,10000,500,recompute,7494,-0.6630765353541634,-0.4126858563980782,0.25039067895608524,0.25285134724213276,outputs/benchmark_shapley_estimators/acs_job42594737_logistic_ease_fo_updates3/logs/GELS_seed2042.log,outputs/benchmark_shapley_estimators/acs_job42594737_logistic_ease_fo_updates3/per_run/GELS_seed2042.json,{}
ok,main,EaseSHAP_size_player,EASE-SP,EaseSHAP,17,2043,200,10,500,1,895.9368908329634,896.2277840679744,892.4525690671871,11.599636189988814,0.16948010603664443,880.1670464131166,3.7464172389591113,0.25420652696629986,0.0,0.0,0.00010435789590701461,892.1983913851436,3.738499447819777,3.484321765776258,0.25417768204351887,21,['_engine._readout_estimate'],wrapped:_engine._readout_estimate,serial,1,500,9898,500,recompute,9108,-0.6630765353541634,-0.4126858563980782,0.25039067895608524,0.25039067895608413,outputs/benchmark_shapley_estimators/acs_job42594737_logistic_ease_fo_updates3/logs/EaseSHAP_size_player_seed2043.log,outputs/benchmark_shapley_estimators/acs_job42594737_logistic_ease_fo_updates3/per_run/EaseSHAP_size_player_seed2043.json,"{""boundary_order"": 1, ""boundary_policy"": ""fixed"", ""exact_boundary_handling"": true, ""include_nonlinear_size_terms"": false, ""num_folds"": 2, ""pilot_fraction"": 0.2, ""surrogate_basis"": ""size_player"", ""surrogate_correction_max_iter"": 10, ""surrogate_correction_solver_mode"": ""matrix_free"", ""surrogate_r_correction_alpha"": 1.0, ""surrogate_readout_mode"": ""crossfit"", ""surrogate_ridge_lambda"": 1.0, ""surrogate_ridge_scaling"": ""size_trace"", ""surrogate_ridge_schedule"": ""fixed"", ""surrogate_solver_mode"": ""size_player"", ""surrogate_stats_backend"": ""exact_conditional"", ""surrogate_u_correction_alpha"": 1.0, ""use_complement_sampling"": true}"
ok,main,improved_AME,Improved AME,improved_AME,17,2043,200,10,500,1,832.1372644560179,832.3885348060285,832.1372644560179,5.324999801814556e-05,0.0518164491513744,832.0799847980961,0.00531291397055611,6.101035978645086e-06,0.0,0.0,9.09437658265233e-05,832.1372644560179,0.0,0.0,0.0,0,[],not_configured,serial,1,500,10000,500,recompute,9291,-0.6630765353541634,-0.4126858563980782,0.25039067895608524,0.34032398607737635,outputs/benchmark_shapley_estimators/acs_job42594737_logistic_ease_fo_updates3/logs/improved_AME_seed2043.log,outputs/benchmark_shapley_estimators/acs_job42594737_logistic_ease_fo_updates3/per_run/improved_AME_seed2043.json,{}
ok,main,SHAP_IQ,SHAP-IQ,SHAP_IQ,17,2043,200,10,500,1,945.5185909160064,945.8190317480476,945.5185909160064,0.3257771270000376,0.30210040108067915,944.8843175879447,0.006287486932706088,1.1982978321611881e-05,0.0,0.0,9.633006993681192e-05,945.5185909160064,0.0,0.0,0.0,0,[],not_configured,serial,1,500,10000,500,recompute,7572,-0.6630765353541634,-0.4126858563980782,0.25039067895608524,0.2503906789560853,outputs/benchmark_shapley_estimators/acs_job42594737_logistic_ease_fo_updates3/logs/SHAP_IQ_seed2043.log,outputs/benchmark_shapley_estimators/acs_job42594737_logistic_ease_fo_updates3/per_run/SHAP_IQ_seed2043.json,{}
ok,main,GELS,GELS,GELS,17,2043,200,10,500,1,979.0368109479896,979.307145387982,979.0368109479896,0.00013583601685240865,0.3066012378549203,978.7263594690012,0.0035999949323013425,3.625795943662524e-05,0.0,0.0,7.815222488716245e-05,979.0368109479896,0.0,0.0,0.0,0,[],not_configured,serial,1,500,10000,500,recompute,7540,-0.6630765353541634,-0.4126858563980782,0.25039067895608524,0.1645894683524971,outputs/benchmark_shapley_estimators/acs_job42594737_logistic_ease_fo_updates3/logs/GELS_seed2043.log,outputs/benchmark_shapley_estimators/acs_job42594737_logistic_ease_fo_updates3/per_run/GELS_seed2043.json,{}
ok,main,LeverageSHAP,LeverageSHAP,LeverageSHAP,17,2043,200,10,500,1,800.9878535650205,801.249973743048,800.9775777341565,0.3528617199626751,0.08483870793133974,800.5313668238814,0.017800336878281087,0.0008670419920235872,0.0,0.0,0.00011893437476828694,800.9770579051692,0.010795659851282835,0.010275830863974988,0.0005198289873078465,20,['_estimate'],wrapped:_estimate,serial,1,500,9998,500,recompute,9676,-0.6630765353541634,-0.4126858563980782,0.25039067895608524,0.2503906789560853,outputs/benchmark_shapley_estimators/acs_job42594737_logistic_ease_fo_updates3/logs/LeverageSHAP_seed2043.log,outputs/benchmark_shapley_estimators/acs_job42594737_logistic_ease_fo_updates3/per_run/LeverageSHAP_seed2043.json,"{""sampling_with_replacement"": true}"
ok,main,RegressionMSR_unbiased,RegressionMSR,RegressionMSR_unbiased,17,2043,200,10,500,1,827.3968277699896,827.6257824780187,827.2195275659324,0.0010713660158216953,0.5655594260897487,826.6313384280656,0.19874730019364506,3.052799729630351e-05,0.0,0.0,8.072162745520473e-05,827.1998234139173,0.19700435607228428,0.17730020405724645,0.019704152015037835,20,['_run_kfold'],wrapped:_run_kfold,serial,1,500,10000,500,recompute,9678,-0.6630765353541634,-0.4126858563980782,0.25039067895608524,0.250390678956085,outputs/benchmark_shapley_estimators/acs_job42594737_logistic_ease_fo_updates3/logs/RegressionMSR_unbiased_seed2043.log,outputs/benchmark_shapley_estimators/acs_job42594737_logistic_ease_fo_updates3/per_run/RegressionMSR_unbiased_seed2043.json,"{""num_folds"": 2, ""paired_sampling"": null, ""sampling_with_replacement"": true}"
ok,main,permutation,Permutation,permutation,17,2043,200,10,500,1,903.7276794979698,904.0261304990272,903.7276794979698,7.095403270795941e-05,0.0016711348434910178,903.7251979692373,0.0006782371201552451,3.797002136707306e-06,0.0,0.0,5.740573396906257e-05,903.7276794979698,0.0,0.0,0.0,0,[],not_configured,serial,1,500,200,10,recompute,9464,-0.6630765353541634,-0.4126858563980782,0.25039067895608524,0.25039067895608524,outputs/benchmark_shapley_estimators/acs_job42594737_logistic_ease_fo_updates3/logs/permutation_seed2043.log,outputs/benchmark_shapley_estimators/acs_job42594737_logistic_ease_fo_updates3/per_run/permutation_seed2043.json,{}
ok,main,complement,Complement,complement,17,2043,200,10,500,1,910.2998582539731,910.608095566975,910.2998582539731,6.292900070548058e-05,0.06917462102137506,910.0935613968759,0.13697142794262618,5.078967660665512e-06,0.0,0.0,8.280016481876373e-05,910.2998582539731,0.0,0.0,0.0,0,[],not_configured,serial,1,500,5000,250,recompute,9586,-0.6630765353541634,-0.4126858563980782,0.25039067895608524,0.24907162936182325,outputs/benchmark_shapley_estimators/acs_job42594737_logistic_ease_fo_updates3/logs/complement_seed2043.log,outputs/benchmark_shapley_estimators/acs_job42594737_logistic_ease_fo_updates3/per_run/complement_seed2043.json,{}
ok,main,kernelSHAP,kernelSHAP,kernelSHAP,17,2043,200,10,500,1,989.9863661380368,990.1547871479997,989.9720542300493,0.32204780395841226,0.30293743789661676,989.3398896289873,0.021344278007745743,2.0527979359030724e-05,0.0,0.0,0.00012646120740100741,989.9713310090592,0.015035128977615386,0.014311907987575978,0.0007232209900394082,20,['_estimate'],wrapped:_estimate,serial,1,500,10000,500,recompute,7572,-0.6630765353541634,-0.4126858563980782,0.25039067895608524,0.25039067895608413,outputs/benchmark_shapley_estimators/acs_job42594737_logistic_ease_fo_updates3/logs/kernelSHAP_seed2043.log,outputs/benchmark_shapley_estimators/acs_job42594737_logistic_ease_fo_updates3/per_run/kernelSHAP_seed2043.json,{}
ok,main,group_testing,Group testing,group_testing,17,2043,200,10,500,1,913.8548155140015,914.0198441190296,913.8548155140015,4.896201426163316e-05,0.30405106698162854,913.5492202282185,0.0014051100588403642,6.772985216230154e-06,0.0,0.0,8.337374310940504e-05,913.8548155140015,0.0,0.0,0.0,0,[],not_configured,serial,1,500,10000,500,recompute,7540,-0.6630765353541634,-0.4126858563980782,0.25039067895608524,-0.45612281323086756,outputs/benchmark_shapley_estimators/acs_job42594737_logistic_ease_fo_updates3/logs/group_testing_seed2043.log,outputs/benchmark_shapley_estimators/acs_job42594737_logistic_ease_fo_updates3/per_run/group_testing_seed2043.json,{}
ok,main,OFA_baseline,OFA baseline,OFA_baseline,18,2044,200,10,500,1,682.8791531409952,683.0507328580134,682.8791531409952,7.575296331197023e-05,0.0014673539553768933,682.8762116719736,0.0013237199163995683,2.4806009605526924e-05,0.0,0.0,4.983617691323161e-05,682.8791531409952,0.0,0.0,0.0,0,[],not_configured,serial,1,500,100,5,recompute,9473,-0.6630765353541634,-0.4126858563980782,0.25039067895608524,0.24552207175424864,outputs/benchmark_shapley_estimators/acs_job42594737_logistic_ease_fo_updates3/logs/OFA_baseline_seed2044.log,outputs/benchmark_shapley_estimators/acs_job42594737_logistic_ease_fo_updates3/per_run/OFA_baseline_seed2044.json,{}
ok,main,LeverageSHAP,LeverageSHAP,LeverageSHAP,18,2044,200,10,500,1,753.8883652799996,754.0872060579713,753.8784890669631,0.29896519100293517,0.08359667717013508,753.4876977739623,0.01719579892233014,0.0008141019497998059,0.0,0.0,9.57369920797646e-05,753.8780043449951,0.010360935004428029,0.009876213036477566,0.0004847219679504633,20,['_estimate'],wrapped:_estimate,serial,1,500,9998,500,recompute,9708,-0.6630765353541634,-0.4126858563980782,0.25039067895608524,0.2503906789560853,outputs/benchmark_shapley_estimators/acs_job42594737_logistic_ease_fo_updates3/logs/LeverageSHAP_seed2044.log,outputs/benchmark_shapley_estimators/acs_job42594737_logistic_ease_fo_updates3/per_run/LeverageSHAP_seed2044.json,"{""sampling_with_replacement"": true}"
ok,main,complement,Complement,complement,18,2044,200,10,500,1,746.1329522139858,746.2994292459916,746.1329522139858,6.229698192328215e-05,0.0678202920826152,745.9292193700094,0.13573928602272645,3.495503915473819e-05,0.0,0.0,7.60138500481844e-05,746.1329522139858,0.0,0.0,0.0,0,[],not_configured,serial,1,500,5000,250,recompute,9420,-0.6630765353541634,-0.4126858563980782,0.25039067895608524,0.24614291778473132,outputs/benchmark_shapley_estimators/acs_job42594737_logistic_ease_fo_updates3/logs/complement_seed2044.log,outputs/benchmark_shapley_estimators/acs_job42594737_logistic_ease_fo_updates3/per_run/complement_seed2044.json,{}
ok,main,permutation,Permutation,permutation,18,2044,200,10,500,1,765.2250810879632,765.4508145410218,765.2250810879632,4.391302354633808e-05,0.0016163221444003284,765.2226632251404,0.0006761420518159866,3.2651994843035936e-05,0.0,0.0,4.883360816165805e-05,765.2250810879632,0.0,0.0,0.0,0,[],not_configured,serial,1,500,200,10,recompute,9464,-0.6630765353541634,-0.4126858563980782,0.25039067895608524,0.2503906789560852,outputs/benchmark_shapley_estimators/acs_job42594737_logistic_ease_fo_updates3/logs/permutation_seed2044.log,outputs/benchmark_shapley_estimators/acs_job42594737_logistic_ease_fo_updates3/per_run/permutation_seed2044.json,{}
ok,main,OFA_fixed,OFA,OFA_fixed,18,2044,200,10,500,1,928.153439325979,928.3598931930028,928.153439325979,10.897002656012774,0.30059962102677673,916.4671426971327,0.48856500088004395,1.7112004570662975e-05,0.0,0.0,0.00011223892215639353,928.153439325979,0.0,0.0,0.0,0,[],not_configured,serial,1,500,10000,500,recompute,9868,-0.6630765353541634,-0.4126858563980782,0.25039067895608524,0.25074326160686955,outputs/benchmark_shapley_estimators/acs_job42594737_logistic_ease_fo_updates3/logs/OFA_fixed_seed2044.log,outputs/benchmark_shapley_estimators/acs_job42594737_logistic_ease_fo_updates3/per_run/OFA_fixed_seed2044.json,{}
ok,main,improved_AME,Improved AME,improved_AME,18,2044,200,10,500,1,840.8892256380059,841.1161019750289,840.8892256380059,7.238599937409163e-05,0.05090267409104854,840.8329053242342,0.005266743013635278,3.3469987101852894e-06,0.0,0.0,7.516366895288229e-05,840.8892256380059,0.0,0.0,0.0,0,[],not_configured,serial,1,500,10000,500,recompute,9269,-0.6630765353541634,-0.4126858563980782,0.25039067895608524,0.31552987605904076,outputs/benchmark_shapley_estimators/acs_job42594737_logistic_ease_fo_updates3/logs/improved_AME_seed2044.log,outputs/benchmark_shapley_estimators/acs_job42594737_logistic_ease_fo_updates3/per_run/improved_AME_seed2044.json,{}
ok,main,RegressionMSR_unbiased,RegressionMSR,RegressionMSR_unbiased,18,2044,200,10,500,1,744.9064256909769,745.0815080709872,744.7412358531728,0.0010081070358864963,0.5420302249840461,744.1824654189404,0.1808320740237832,5.420006345957518e-06,0.0,0.0,8.444598643109202e-05,744.7272528542089,0.17917283676797524,0.16518983780406415,0.013982998963911086,20,['_run_kfold'],wrapped:_run_kfold,serial,1,500,10000,500,recompute,9692,-0.6630765353541634,-0.4126858563980782,0.25039067895608524,0.2503906789560851,outputs/benchmark_shapley_estimators/acs_job42594737_logistic_ease_fo_updates3/logs/RegressionMSR_unbiased_seed2044.log,outputs/benchmark_shapley_estimators/acs_job42594737_logistic_ease_fo_updates3/per_run/RegressionMSR_unbiased_seed2044.json,"{""num_folds"": 2, ""paired_sampling"": null, ""sampling_with_replacement"": true}"
ok,main,SHAP_IQ,SHAP-IQ,SHAP_IQ,18,2044,200,10,500,1,872.7558714959887,872.9139220759971,872.7558714959887,0.3625323459855281,0.3017371540190652,872.0720883499598,0.01940938306506723,1.9315979443490505e-05,0.0,0.0,8.494697976857424e-05,872.7558714959887,0.0,0.0,0.0,0,[],not_configured,serial,1,500,10000,500,recompute,7598,-0.6630765353541634,-0.4126858563980782,0.25039067895608524,0.2503906789560852,outputs/benchmark_shapley_estimators/acs_job42594737_logistic_ease_fo_updates3/logs/SHAP_IQ_seed2044.log,outputs/benchmark_shapley_estimators/acs_job42594737_logistic_ease_fo_updates3/per_run/SHAP_IQ_seed2044.json,{}
ok,main,sampling_lift,Sampling lift,sampling_lift,18,2044,200,10,500,1,907.9782658619806,908.1222266420373,907.9782658619806,6.476097041741014e-05,0.0015661868965253234,907.9758772760397,0.0006681180093437433,3.1839997973293066e-05,0.0,0.0,5.768006667494774e-05,907.9782658619806,0.0,0.0,0.0,0,[],not_configured,serial,1,500,100,5,recompute,5097,-0.6630765353541634,-0.4126858563980782,0.25039067895608524,0.14206764538359898,outputs/benchmark_shapley_estimators/acs_job42594737_logistic_ease_fo_updates3/logs/sampling_lift_seed2044.log,outputs/benchmark_shapley_estimators/acs_job42594737_logistic_ease_fo_updates3/per_run/sampling_lift_seed2044.json,{}
ok,main,EaseSHAP_size_player,EASE-SP,EaseSHAP,18,2044,200,10,500,1,983.3782154900255,983.5281286730315,979.0067580399918,12.267056451993994,0.09158370015211403,966.1602420869749,4.6314749889425,0.22774872003355995,0.0,0.0,0.00010954192839562893,978.7790743919904,4.599141098035034,4.371457450033631,0.22768364800140262,21,['_engine._readout_estimate'],wrapped:_engine._readout_estimate,serial,1,500,9898,500,recompute,9248,-0.6630765353541634,-0.4126858563980782,0.25039067895608524,0.2503906789560843,outputs/benchmark_shapley_estimators/acs_job42594737_logistic_ease_fo_updates3/logs/EaseSHAP_size_player_seed2044.log,outputs/benchmark_shapley_estimators/acs_job42594737_logistic_ease_fo_updates3/per_run/EaseSHAP_size_player_seed2044.json,"{""boundary_order"": 1, ""boundary_policy"": ""fixed"", ""exact_boundary_handling"": true, ""include_nonlinear_size_terms"": false, ""num_folds"": 2, ""pilot_fraction"": 0.2, ""surrogate_basis"": ""size_player"", ""surrogate_correction_max_iter"": 10, ""surrogate_correction_solver_mode"": ""matrix_free"", ""surrogate_r_correction_alpha"": 1.0, ""surrogate_readout_mode"": ""crossfit"", ""surrogate_ridge_lambda"": 1.0, ""surrogate_ridge_scaling"": ""size_trace"", ""surrogate_ridge_schedule"": ""fixed"", ""surrogate_solver_mode"": ""size_player"", ""surrogate_stats_backend"": ""exact_conditional"", ""surrogate_u_correction_alpha"": 1.0, ""use_complement_sampling"": true}"
ok,main,EaseSHAP_interaction_nonlinear,EASE-FO,EaseSHAP,19,2045,200,10,500,1,759.0242085650098,759.1584264370031,758.9357885151403,13.176899792975746,0.09015759616158903,745.6001885010046,0.15186422399710864,0.005008187028579414,0.0,0.0,9.026384213939309e-05,758.9308268761961,0.09338168881367892,0.0884200498694554,0.004961638944223523,21,['_engine._readout_estimate'],wrapped:_engine._readout_estimate,serial,1,500,9898,500,recompute,9498,-0.6630765353541634,-0.4126858563980782,0.25039067895608524,0.2503906789560856,outputs/benchmark_shapley_estimators/acs_job42594737_logistic_ease_fo_updates3/logs/EaseSHAP_interaction_nonlinear_seed2045.log,outputs/benchmark_shapley_estimators/acs_job42594737_logistic_ease_fo_updates3/per_run/EaseSHAP_interaction_nonlinear_seed2045.json,"{""boundary_order"": 1, ""boundary_policy"": ""fixed"", ""exact_boundary_handling"": true, ""include_nonlinear_size_terms"": true, ""num_folds"": 2, ""pilot_design_updates"": 3, ""pilot_fraction"": 0.2, ""surrogate_basis"": 1, ""surrogate_readout_mode"": ""crossfit"", ""surrogate_ridge_lambda"": 0.01, ""surrogate_ridge_schedule"": ""times_m"", ""use_complement_sampling"": true}"
ok,main,GELS,GELS,GELS,18,2044,200,10,500,1,888.1687237739679,888.2999959309818,888.1687237739679,0.00011485599679872394,0.30068428616505116,887.8637986519025,0.004056884965393692,2.8249924071133137e-06,0.0,0.0,6.626994581893086e-05,888.1687237739679,0.0,0.0,0.0,0,[],not_configured,serial,1,500,10000,500,recompute,7526,-0.6630765353541634,-0.4126858563980782,0.25039067895608524,0.2683858029905877,outputs/benchmark_shapley_estimators/acs_job42594737_logistic_ease_fo_updates3/logs/GELS_seed2044.log,outputs/benchmark_shapley_estimators/acs_job42594737_logistic_ease_fo_updates3/per_run/GELS_seed2044.json,{}
ok,main,OFA_baseline,OFA baseline,OFA_baseline,19,2045,200,10,500,1,681.2417081440217,681.3697288310505,681.2417081440217,9.877502452582121e-05,0.00153670075815171,681.238541172992,0.0014566319296136498,2.6239024009555578e-05,0.0,0.0,4.862429341301322e-05,681.2417081440217,0.0,0.0,0.0,0,[],not_configured,serial,1,500,100,5,recompute,9478,-0.6630765353541634,-0.4126858563980782,0.25039067895608524,0.24552121069818766,outputs/benchmark_shapley_estimators/acs_job42594737_logistic_ease_fo_updates3/logs/OFA_baseline_seed2045.log,outputs/benchmark_shapley_estimators/acs_job42594737_logistic_ease_fo_updates3/per_run/OFA_baseline_seed2045.json,{}
ok,main,EaseSHAP_interaction_nonlinear,EASE-FO,EaseSHAP,18,2044,200,10,500,1,1014.31876061199,1014.4521101959981,1014.2540922798798,14.349435560987331,0.08973010099725798,999.7657093319576,0.10900053894147277,0.004797790956217796,0.0,0.0,8.728815009817481e-05,1014.2493316498585,0.06942896213149652,0.0646683321101591,0.00476063002133742,21,['_engine._readout_estimate'],wrapped:_engine._readout_estimate,serial,1,500,9898,500,recompute,9328,-0.6630765353541634,-0.4126858563980782,0.25039067895608524,0.2503906789560854,outputs/benchmark_shapley_estimators/acs_job42594737_logistic_ease_fo_updates3/logs/EaseSHAP_interaction_nonlinear_seed2044.log,outputs/benchmark_shapley_estimators/acs_job42594737_logistic_ease_fo_updates3/per_run/EaseSHAP_interaction_nonlinear_seed2044.json,"{""boundary_order"": 1, ""boundary_policy"": ""fixed"", ""exact_boundary_handling"": true, ""include_nonlinear_size_terms"": true, ""num_folds"": 2, ""pilot_design_updates"": 3, ""pilot_fraction"": 0.2, ""surrogate_basis"": 1, ""surrogate_readout_mode"": ""crossfit"", ""surrogate_ridge_lambda"": 0.01, ""surrogate_ridge_schedule"": ""times_m"", ""use_complement_sampling"": true}"
ok,main,kernelSHAP,kernelSHAP,kernelSHAP,18,2044,200,10,500,1,892.2961400179775,892.4347803590354,892.2814426220721,0.3422037629643455,0.302162230014801,891.6303138230578,0.021332186937797815,1.7493031919002533e-05,0.0,0.0,0.00011052197078242898,892.280782299058,0.015357718919403851,0.014697395905386657,0.0006603230140171945,20,['_estimate'],wrapped:_estimate,serial,1,500,10000,500,recompute,7598,-0.6630765353541634,-0.4126858563980782,0.25039067895608524,0.25039067895608447,outputs/benchmark_shapley_estimators/acs_job42594737_logistic_ease_fo_updates3/logs/kernelSHAP_seed2044.log,outputs/benchmark_shapley_estimators/acs_job42594737_logistic_ease_fo_updates3/per_run/kernelSHAP_seed2044.json,{}
ok,main,OFA_fixed,OFA,OFA_fixed,19,2045,200,10,500,1,733.5598155559856,733.6829447310301,733.5598155559856,12.472258359019179,0.29615614988142624,720.3082609278499,0.48303704417776316,1.0508985724300146e-05,0.0,0.0,9.256607154384255e-05,733.5598155559856,0.0,0.0,0.0,0,[],not_configured,serial,1,500,10000,500,recompute,9890,-0.6630765353541634,-0.4126858563980782,0.25039067895608524,0.25095107606497524,outputs/benchmark_shapley_estimators/acs_job42594737_logistic_ease_fo_updates3/logs/OFA_fixed_seed2045.log,outputs/benchmark_shapley_estimators/acs_job42594737_logistic_ease_fo_updates3/per_run/OFA_fixed_seed2045.json,{}
ok,main,sampling_lift,Sampling lift,sampling_lift,19,2045,200,10,500,1,744.86129742302,744.9855883599957,744.86129742302,5.739805055782199e-05,0.0009887520573101938,744.8595961619285,0.0006051181699149311,3.4060212783515453e-06,0.0,0.0,4.658679245039821e-05,744.86129742302,0.0,0.0,0.0,0,[],not_configured,serial,1,500,100,5,recompute,4981,-0.6630765353541634,-0.4126858563980782,0.25039067895608524,0.334963457333875,outputs/benchmark_shapley_estimators/acs_job42594737_logistic_ease_fo_updates3/logs/sampling_lift_seed2045.log,outputs/benchmark_shapley_estimators/acs_job42594737_logistic_ease_fo_updates3/per_run/sampling_lift_seed2045.json,{}
ok,main,EaseSHAP_size_player,EASE-SP,EaseSHAP,19,2045,200,10,500,1,827.8182523950236,827.9462813290302,824.1821440950152,10.649940281000454,0.08989847294287756,813.0136028960114,3.8459252279717475,0.21879924304084852,0.0,0.0,8.627405622974038e-05,823.9633730549831,3.8548793400404975,3.6361083000083454,0.2187710400321521,21,['_engine._readout_estimate'],wrapped:_engine._readout_estimate,serial,1,500,9898,500,recompute,9392,-0.6630765353541634,-0.4126858563980782,0.25039067895608524,0.25039067895608447,outputs/benchmark_shapley_estimators/acs_job42594737_logistic_ease_fo_updates3/logs/EaseSHAP_size_player_seed2045.log,outputs/benchmark_shapley_estimators/acs_job42594737_logistic_ease_fo_updates3/per_run/EaseSHAP_size_player_seed2045.json,"{""boundary_order"": 1, ""boundary_policy"": ""fixed"", ""exact_boundary_handling"": true, ""include_nonlinear_size_terms"": false, ""num_folds"": 2, ""pilot_fraction"": 0.2, ""surrogate_basis"": ""size_player"", ""surrogate_correction_max_iter"": 10, ""surrogate_correction_solver_mode"": ""matrix_free"", ""surrogate_r_correction_alpha"": 1.0, ""surrogate_readout_mode"": ""crossfit"", ""surrogate_ridge_lambda"": 1.0, ""surrogate_ridge_scaling"": ""size_trace"", ""surrogate_ridge_schedule"": ""fixed"", ""surrogate_solver_mode"": ""size_player"", ""surrogate_stats_backend"": ""exact_conditional"", ""surrogate_u_correction_alpha"": 1.0, ""use_complement_sampling"": true}"
ok,main,group_testing,Group testing,group_testing,18,2044,200,10,500,1,891.7145540280035,891.8435839840095,891.7145540280035,4.9983966164290905e-05,0.29710951424203813,891.4158697649837,0.0014134180382825434,3.076699795201421e-05,0.0,0.0,8.05797753855586e-05,891.7145540280035,0.0,0.0,0.0,0,[],not_configured,serial,1,500,10000,500,recompute,7526,-0.6630765353541634,-0.4126858563980782,0.25039067895608524,-0.36499500278525887,outputs/benchmark_shapley_estimators/acs_job42594737_logistic_ease_fo_updates3/logs/group_testing_seed2044.log,outputs/benchmark_shapley_estimators/acs_job42594737_logistic_ease_fo_updates3/per_run/group_testing_seed2044.json,{}
ok,main,LeverageSHAP,LeverageSHAP,LeverageSHAP,19,2045,200,10,500,1,697.1003523599938,697.2209895989508,697.0906899429392,0.3117368959938176,0.08308475074591115,696.6879813469714,0.016691017954144627,0.0007493100129067898,0.0,0.0,0.00010903831571340561,697.0902045589755,0.010147801018320024,0.009662417054641992,0.00048538396367803216,20,['_estimate'],wrapped:_estimate,serial,1,500,9998,500,recompute,9644,-0.6630765353541634,-0.4126858563980782,0.25039067895608524,0.2503906789560853,outputs/benchmark_shapley_estimators/acs_job42594737_logistic_ease_fo_updates3/logs/LeverageSHAP_seed2045.log,outputs/benchmark_shapley_estimators/acs_job42594737_logistic_ease_fo_updates3/per_run/LeverageSHAP_seed2045.json,"{""sampling_with_replacement"": true}"
ok,main,improved_AME,Improved AME,improved_AME,19,2045,200,10,500,1,753.2959095260012,753.4176833339734,753.2959095260012,5.1476992666721344e-05,0.06422143499366939,753.2264964658534,0.005048475984949619,2.7161964680999517e-05,0.0,0.0,6.451021181419492e-05,753.2959095260012,0.0,0.0,0.0,0,[],not_configured,serial,1,500,10000,500,recompute,9259,-0.6630765353541634,-0.4126858563980782,0.25039067895608524,0.0018451998584080864,outputs/benchmark_shapley_estimators/acs_job42594737_logistic_ease_fo_updates3/logs/improved_AME_seed2045.log,outputs/benchmark_shapley_estimators/acs_job42594737_logistic_ease_fo_updates3/per_run/improved_AME_seed2045.json,{}
ok,main,GELS,GELS,GELS,19,2045,200,10,500,1,758.8611698109889,758.9815276739537,758.8611698109889,0.00011746201198548079,0.3006451941328123,758.5569979427964,0.003322082047816366,2.585799666121602e-05,0.0,0.0,6.12720032222569e-05,758.8611698109889,0.0,0.0,0.0,0,[],not_configured,serial,1,500,10000,500,recompute,7523,-0.6630765353541634,-0.4126858563980782,0.25039067895608524,0.1845830942800466,outputs/benchmark_shapley_estimators/acs_job42594737_logistic_ease_fo_updates3/logs/GELS_seed2045.log,outputs/benchmark_shapley_estimators/acs_job42594737_logistic_ease_fo_updates3/per_run/GELS_seed2045.json,{}
ok,main,SHAP_IQ,SHAP-IQ,SHAP_IQ,19,2045,200,10,500,1,802.0566200259491,802.1774218560313,802.0566200259491,0.2787801109952852,0.3335428008576855,801.4385355749982,0.005664171185344458,1.5168043319135904e-05,0.0,0.0,8.219986921176314e-05,802.0566200259491,0.0,0.0,0.0,0,[],not_configured,serial,1,500,10000,500,recompute,7592,-0.6630765353541634,-0.4126858563980782,0.25039067895608524,0.2503906789560853,outputs/benchmark_shapley_estimators/acs_job42594737_logistic_ease_fo_updates3/logs/SHAP_IQ_seed2045.log,outputs/benchmark_shapley_estimators/acs_job42594737_logistic_ease_fo_updates3/per_run/SHAP_IQ_seed2045.json,{}
ok,main,permutation,Permutation,permutation,19,2045,200,10,500,1,679.6545086620026,679.7771861219662,679.6545086620026,6.01339852437377e-05,0.0016599030932411551,679.6520062841009,0.0007278880220837891,2.6850029826164246e-06,0.0,0.0,5.176779814064503e-05,679.6545086620026,0.0,0.0,0.0,0,[],not_configured,serial,1,500,200,10,recompute,9469,-0.6630765353541634,-0.4126858563980782,0.25039067895608524,0.25039067895608524,outputs/benchmark_shapley_estimators/acs_job42594737_logistic_ease_fo_updates3/logs/permutation_seed2045.log,outputs/benchmark_shapley_estimators/acs_job42594737_logistic_ease_fo_updates3/per_run/permutation_seed2045.json,{}
ok,main,complement,Complement,complement,19,2045,200,10,500,1,615.4836553049972,615.6036393049872,615.4836553049972,7.429003017023206e-05,0.06873864692170173,615.2818586819922,0.13291795912664384,3.4259865060448647e-06,0.0,0.0,6.230094004422426e-05,615.4836553049972,0.0,0.0,0.0,0,[],not_configured,serial,1,500,5000,250,recompute,9564,-0.6630765353541634,-0.4126858563980782,0.25039067895608524,0.2530824889345345,outputs/benchmark_shapley_estimators/acs_job42594737_logistic_ease_fo_updates3/logs/complement_seed2045.log,outputs/benchmark_shapley_estimators/acs_job42594737_logistic_ease_fo_updates3/per_run/complement_seed2045.json,{}
ok,main,kernelSHAP,kernelSHAP,kernelSHAP,19,2045,200,10,500,1,808.0494972200249,808.170865927008,807.9471130601014,0.29891721898457035,0.29631035606143996,807.3454815600999,0.10866580408765003,1.8574995920062065e-05,0.0,0.0,0.00010370579548180103,807.9465001870994,0.10299703292548656,0.10238415992353112,0.0006128730019554496,20,['_estimate'],wrapped:_estimate,serial,1,500,10000,500,recompute,7592,-0.6630765353541634,-0.4126858563980782,0.25039067895608524,0.2503906789560846,outputs/benchmark_shapley_estimators/acs_job42594737_logistic_ease_fo_updates3/logs/kernelSHAP_seed2045.log,outputs/benchmark_shapley_estimators/acs_job42594737_logistic_ease_fo_updates3/per_run/kernelSHAP_seed2045.json,{}
ok,main,RegressionMSR_unbiased,RegressionMSR,RegressionMSR_unbiased,19,2045,200,10,500,1,596.1095275690313,596.2325624620426,595.926774771011,0.03865929297171533,0.6420426130644046,595.2331255339086,0.19563603802816942,3.6170240491628647e-06,0.0,0.0,6.0474034398794174e-05,595.9151431869832,0.1943843820481561,0.18275279802037403,0.011631584027782083,20,['_run_kfold'],wrapped:_run_kfold,serial,1,500,10000,500,recompute,9642,-0.6630765353541634,-0.4126858563980782,0.25039067895608524,0.2503906789560848,outputs/benchmark_shapley_estimators/acs_job42594737_logistic_ease_fo_updates3/logs/RegressionMSR_unbiased_seed2045.log,outputs/benchmark_shapley_estimators/acs_job42594737_logistic_ease_fo_updates3/per_run/RegressionMSR_unbiased_seed2045.json,"{""num_folds"": 2, ""paired_sampling"": null, ""sampling_with_replacement"": true}"
ok,main,group_testing,Group testing,group_testing,19,2045,200,10,500,1,734.522366329038,734.6438580880058,734.522366329038,3.9645005017519e-05,0.3056044030818157,734.2153457389213,0.0012895161053165793,2.8454000130295753e-05,0.0,0.0,5.8571924455463886e-05,734.522366329038,0.0,0.0,0.0,0,[],not_configured,serial,1,500,10000,500,recompute,7523,-0.6630765353541634,-0.4126858563980782,0.25039067895608524,-0.9279028905504328,outputs/benchmark_shapley_estimators/acs_job42594737_logistic_ease_fo_updates3/logs/group_testing_seed2045.log,outputs/benchmark_shapley_estimators/acs_job42594737_logistic_ease_fo_updates3/per_run/group_testing_seed2045.json,{}
