status,role,method,method_label,estimator,seed_index,estimator_seed,nue_avg,nue_track_avg,nue_per_proc,estimator_processes,estimate_sec,total_sec,paper_runtime_sec,setup_sec,sampling_sec,utility_eval_sec,aggregate_sec,finalize_sec,worker_pool_setup_sec,worker_pool_teardown_sec,orchestration_sec,regular_elapsed_sec,readout_elapsed_sec,checkpoint_readout_elapsed_sec,final_readout_elapsed_sec,readout_call_count,readout_methods,readout_hook_status,timing_mode,effective_estimator_processes,nue_per_proc_run,num_sample,batch_size,utility_cache_mode,utility_cache_size,empty_utility,grand_utility,total_gain,sum_estimated_values,log_path,per_run_path,estimator_kwargs_json
ok,main,kernelSHAP,kernelSHAP,kernelSHAP,0,2026,200,10,500,1,260.94778362999205,260.9915242959978,260.9337820052169,0.09888265799963847,0.294966395071242,260.5328127979883,0.020974988990928978,2.6850029826164246e-05,0.0,0.0,0.00011993991211056709,260.93301503220573,0.014768597786314785,0.014001624775119126,0.0007669730111956596,20,['_estimate'],wrapped:_estimate,serial,1,500,10000,500,recompute,7587,-0.6630765353541634,-0.5735442090275902,0.08953232632657326,0.08953232632657346,outputs/benchmark_shapley_estimators/acs_job42594737_xgboost_ease_fo_updates3/logs/kernelSHAP_seed2026.log,outputs/benchmark_shapley_estimators/acs_job42594737_xgboost_ease_fo_updates3/per_run/kernelSHAP_seed2026.json,{}
ok,main,SHAP_IQ,SHAP-IQ,SHAP_IQ,0,2026,200,10,500,1,261.0686858849949,261.11199862498324,261.0686858849949,0.09760194696718827,0.29439078009454533,260.67051777709275,0.006042159104254097,2.783199306577444e-05,0.0,0.0,0.00010538974311202765,261.0686858849949,0.0,0.0,0.0,0,[],not_configured,serial,1,500,10000,500,recompute,7587,-0.6630765353541634,-0.5735442090275902,0.08953232632657326,0.08953232632657332,outputs/benchmark_shapley_estimators/acs_job42594737_xgboost_ease_fo_updates3/logs/SHAP_IQ_seed2026.log,outputs/benchmark_shapley_estimators/acs_job42594737_xgboost_ease_fo_updates3/per_run/SHAP_IQ_seed2026.json,{}
ok,main,improved_AME,Improved AME,improved_AME,0,2026,200,10,500,1,261.8150817989954,261.85845391097246,261.8150817989954,0.00020498601952567697,0.05033414805075154,261.7589037679136,0.005509472219273448,2.6138965040445328e-05,0.0,0.0,0.00010328582720831037,261.8150817989954,0.0,0.0,0.0,0,[],not_configured,serial,1,500,10000,500,recompute,9283,-0.6630765353541634,-0.5735442090275902,0.08953232632657326,0.0338460241284463,outputs/benchmark_shapley_estimators/acs_job42594737_xgboost_ease_fo_updates3/logs/improved_AME_seed2026.log,outputs/benchmark_shapley_estimators/acs_job42594737_xgboost_ease_fo_updates3/per_run/improved_AME_seed2026.json,{}
ok,main,GELS,GELS,GELS,0,2026,200,10,500,1,261.87806045700563,261.9215936330147,261.87806045700563,0.0005575990071520209,0.2961746270302683,261.5775319620152,0.0036486568860709667,2.7101021260023117e-05,0.0,0.0,0.00012051104567945004,261.87806045700563,0.0,0.0,0.0,0,[],not_configured,serial,1,500,10000,500,recompute,7565,-0.6630765353541634,-0.5735442090275902,0.08953232632657326,0.06101141478907168,outputs/benchmark_shapley_estimators/acs_job42594737_xgboost_ease_fo_updates3/logs/GELS_seed2026.log,outputs/benchmark_shapley_estimators/acs_job42594737_xgboost_ease_fo_updates3/per_run/GELS_seed2026.json,{}
ok,main,group_testing,Group testing,group_testing,0,2026,200,10,500,1,262.1120597079862,262.15517455595545,262.1120597079862,0.0002057270030491054,0.29658555815694854,261.8136010210146,0.0015308329602703452,2.580898581072688e-05,0.0,0.0,0.00011075986549258232,262.1120597079862,0.0,0.0,0.0,0,[],not_configured,serial,1,500,10000,500,recompute,7565,-0.6630765353541634,-0.5735442090275902,0.08953232632657326,-0.005251355077125555,outputs/benchmark_shapley_estimators/acs_job42594737_xgboost_ease_fo_updates3/logs/group_testing_seed2026.log,outputs/benchmark_shapley_estimators/acs_job42594737_xgboost_ease_fo_updates3/per_run/group_testing_seed2026.json,{}
ok,main,improved_AME,Improved AME,improved_AME,1,2027,200,10,500,1,262.2521371120238,262.2947460670257,262.2521371120238,0.00021622702479362488,0.05005438200896606,262.1962485459517,0.005486015055794269,2.585799666121602e-05,0.0,0.0,0.00010608398588374257,262.2521371120238,0.0,0.0,0.0,0,[],not_configured,serial,1,500,10000,500,recompute,9308,-0.6630765353541634,-0.5735442090275902,0.08953232632657326,-0.12861517576402398,outputs/benchmark_shapley_estimators/acs_job42594737_xgboost_ease_fo_updates3/logs/improved_AME_seed2027.log,outputs/benchmark_shapley_estimators/acs_job42594737_xgboost_ease_fo_updates3/per_run/improved_AME_seed2027.json,{}
ok,main,SHAP_IQ,SHAP-IQ,SHAP_IQ,1,2027,200,10,500,1,262.3096755639999,262.3532857230166,262.3096755639999,0.10459157300647348,0.29293282702565193,261.90607493108837,0.005941081850323826,2.9475020710378885e-05,0.0,0.0,0.00010567600838840008,262.3096755639999,0.0,0.0,0.0,0,[],not_configured,serial,1,500,10000,500,recompute,7652,-0.6630765353541634,-0.5735442090275902,0.08953232632657326,0.08953232632657333,outputs/benchmark_shapley_estimators/acs_job42594737_xgboost_ease_fo_updates3/logs/SHAP_IQ_seed2027.log,outputs/benchmark_shapley_estimators/acs_job42594737_xgboost_ease_fo_updates3/per_run/SHAP_IQ_seed2027.json,{}
ok,main,kernelSHAP,kernelSHAP,kernelSHAP,1,2027,200,10,500,1,262.3229701820528,262.36707431200193,262.30886981415097,0.09507649298757315,0.29255656589521095,261.91408916405635,0.021101073012687266,2.090900670737028e-05,0.0,0.0,0.0001259770942851901,262.30816600914113,0.014804172911681235,0.014100367901846766,0.0007038050098344684,20,['_estimate'],wrapped:_estimate,serial,1,500,10000,500,recompute,7652,-0.6630765353541634,-0.5735442090275902,0.08953232632657326,0.08953232632657346,outputs/benchmark_shapley_estimators/acs_job42594737_xgboost_ease_fo_updates3/logs/kernelSHAP_seed2027.log,outputs/benchmark_shapley_estimators/acs_job42594737_xgboost_ease_fo_updates3/per_run/kernelSHAP_seed2027.json,{}
ok,main,group_testing,Group testing,group_testing,1,2027,200,10,500,1,263.34408491902286,263.38745669001946,263.34408491902286,0.0002404020051471889,0.3064928558887914,263.035736579739,0.0014807650004513562,2.611899981275201e-05,0.0,0.0,0.00010819738963618875,263.34408491902286,0.0,0.0,0.0,0,[],not_configured,serial,1,500,10000,500,recompute,7593,-0.6630765353541634,-0.5735442090275902,0.08953232632657326,-1.1236474103285596,outputs/benchmark_shapley_estimators/acs_job42594737_xgboost_ease_fo_updates3/logs/group_testing_seed2027.log,outputs/benchmark_shapley_estimators/acs_job42594737_xgboost_ease_fo_updates3/per_run/group_testing_seed2027.json,{}
ok,main,GELS,GELS,GELS,1,2027,200,10,500,1,263.3463765910128,263.38969208701747,263.3463765910128,0.000469042977783829,0.29713435284793377,263.0448865792132,0.0037494160351343453,1.1811964213848114e-05,0.0,0.0,0.0001253879745490849,263.3463765910128,0.0,0.0,0.0,0,[],not_configured,serial,1,500,10000,500,recompute,7593,-0.6630765353541634,-0.5735442090275902,0.08953232632657326,0.0897922145623129,outputs/benchmark_shapley_estimators/acs_job42594737_xgboost_ease_fo_updates3/logs/GELS_seed2027.log,outputs/benchmark_shapley_estimators/acs_job42594737_xgboost_ease_fo_updates3/per_run/GELS_seed2027.json,{}
ok,main,OFA_baseline,OFA baseline,OFA_baseline,2,2028,200,10,500,1,263.57492842001375,263.61867917404743,263.57492842001375,0.00032583397114649415,0.0015649239649064839,263.5713858109084,0.0015345299616456032,2.7913018129765987e-05,0.0,0.0,8.940818952396512e-05,263.57492842001375,0.0,0.0,0.0,0,[],not_configured,serial,1,500,100,5,recompute,9468,-0.6630765353541634,-0.5735442090275902,0.08953232632657326,0.08930540708423487,outputs/benchmark_shapley_estimators/acs_job42594737_xgboost_ease_fo_updates3/logs/OFA_baseline_seed2028.log,outputs/benchmark_shapley_estimators/acs_job42594737_xgboost_ease_fo_updates3/per_run/OFA_baseline_seed2028.json,{}
ok,main,OFA_baseline,OFA baseline,OFA_baseline,1,2027,200,10,500,1,263.5962251240271,263.63917564199073,263.5962251240271,0.00031958200270310044,0.0015963349142111838,263.5926673062495,0.0015283060492947698,2.690096152946353e-05,0.0,0.0,8.669384988024831e-05,263.5962251240271,0.0,0.0,0.0,0,[],not_configured,serial,1,500,100,5,recompute,9468,-0.6630765353541634,-0.5735442090275902,0.08953232632657326,0.08619642547642531,outputs/benchmark_shapley_estimators/acs_job42594737_xgboost_ease_fo_updates3/logs/OFA_baseline_seed2027.log,outputs/benchmark_shapley_estimators/acs_job42594737_xgboost_ease_fo_updates3/per_run/OFA_baseline_seed2027.json,{}
ok,main,EaseSHAP_interaction_nonlinear,EASE-FO,EaseSHAP,2,2028,200,10,500,1,263.64319904503645,263.6875232590246,263.5792508897721,2.6768639299552888,0.0870694390614517,260.75175321399,0.12177792907459661,0.005628695013001561,0.0,0.0,0.00010583794210106134,263.57371965778293,0.06947938725352287,0.06394815526437014,0.0055312319891527295,21,['_engine._readout_estimate'],wrapped:_engine._readout_estimate,serial,1,500,9898,500,recompute,9280,-0.6630765353541634,-0.5735442090275902,0.08953232632657326,0.08953232632657306,outputs/benchmark_shapley_estimators/acs_job42594737_xgboost_ease_fo_updates3/logs/EaseSHAP_interaction_nonlinear_seed2028.log,outputs/benchmark_shapley_estimators/acs_job42594737_xgboost_ease_fo_updates3/per_run/EaseSHAP_interaction_nonlinear_seed2028.json,"{""boundary_order"": 1, ""boundary_policy"": ""fixed"", ""exact_boundary_handling"": true, ""include_nonlinear_size_terms"": true, ""num_folds"": 2, ""pilot_design_updates"": 3, ""pilot_fraction"": 0.2, ""surrogate_basis"": 1, ""surrogate_readout_mode"": ""crossfit"", ""surrogate_ridge_lambda"": 0.01, ""surrogate_ridge_schedule"": ""times_m"", ""use_complement_sampling"": true}"
ok,main,EaseSHAP_interaction_nonlinear,EASE-FO,EaseSHAP,0,2026,200,10,500,1,263.65158440801315,263.69495298404945,263.5889739911072,2.6305139659671113,0.08712429297156632,260.82089804584393,0.1074318791506812,0.00550692604156211,0.0,0.0,0.0001092980382964015,263.58354319812497,0.06804120988817886,0.06261041690595448,0.005430792982224375,21,['_engine._readout_estimate'],wrapped:_engine._readout_estimate,serial,1,500,9898,500,recompute,9258,-0.6630765353541634,-0.5735442090275902,0.08953232632657326,0.089532326326573,outputs/benchmark_shapley_estimators/acs_job42594737_xgboost_ease_fo_updates3/logs/EaseSHAP_interaction_nonlinear_seed2026.log,outputs/benchmark_shapley_estimators/acs_job42594737_xgboost_ease_fo_updates3/per_run/EaseSHAP_interaction_nonlinear_seed2026.json,"{""boundary_order"": 1, ""boundary_policy"": ""fixed"", ""exact_boundary_handling"": true, ""include_nonlinear_size_terms"": true, ""num_folds"": 2, ""pilot_design_updates"": 3, ""pilot_fraction"": 0.2, ""surrogate_basis"": 1, ""surrogate_readout_mode"": ""crossfit"", ""surrogate_ridge_lambda"": 0.01, ""surrogate_ridge_schedule"": ""times_m"", ""use_complement_sampling"": true}"
ok,main,OFA_baseline,OFA baseline,OFA_baseline,0,2026,200,10,500,1,263.82097823900403,263.86336136900354,263.82097823900403,0.00034571101423352957,0.0015709609142504632,263.8174095439608,0.001540627854410559,2.8332986403256655e-05,0.0,0.0,8.306227391585708e-05,263.82097823900403,0.0,0.0,0.0,0,[],not_configured,serial,1,500,100,5,recompute,9464,-0.6630765353541634,-0.5735442090275902,0.08953232632657326,0.08790583324859644,outputs/benchmark_shapley_estimators/acs_job42594737_xgboost_ease_fo_updates3/logs/OFA_baseline_seed2026.log,outputs/benchmark_shapley_estimators/acs_job42594737_xgboost_ease_fo_updates3/per_run/OFA_baseline_seed2026.json,{}
ok,main,EaseSHAP_interaction_nonlinear,EASE-FO,EaseSHAP,1,2027,200,10,500,1,263.88579334603855,263.9284445500234,263.8070249899756,2.673765017010737,0.08754931302974,260.9944681029883,0.12437245185719803,0.005528687033802271,0.0,0.0,0.00010977411875501275,263.80155949201435,0.08423385402420536,0.07876835606293753,0.005465497961267829,21,['_engine._readout_estimate'],wrapped:_engine._readout_estimate,serial,1,500,9898,500,recompute,9276,-0.6630765353541634,-0.5735442090275902,0.08953232632657326,0.08953232632657322,outputs/benchmark_shapley_estimators/acs_job42594737_xgboost_ease_fo_updates3/logs/EaseSHAP_interaction_nonlinear_seed2027.log,outputs/benchmark_shapley_estimators/acs_job42594737_xgboost_ease_fo_updates3/per_run/EaseSHAP_interaction_nonlinear_seed2027.json,"{""boundary_order"": 1, ""boundary_policy"": ""fixed"", ""exact_boundary_handling"": true, ""include_nonlinear_size_terms"": true, ""num_folds"": 2, ""pilot_design_updates"": 3, ""pilot_fraction"": 0.2, ""surrogate_basis"": 1, ""surrogate_readout_mode"": ""crossfit"", ""surrogate_ridge_lambda"": 0.01, ""surrogate_ridge_schedule"": ""times_m"", ""use_complement_sampling"": true}"
ok,main,complement,Complement,complement,1,2027,200,10,500,1,264.0126336689573,264.05594685900724,264.0126336689573,0.0002564030000939965,0.0679469050373882,263.8091628419352,0.13512801611796021,2.567801857367158e-05,0.0,0.0,0.00011382484808564186,264.0126336689573,0.0,0.0,0.0,0,[],not_configured,serial,1,500,5000,250,recompute,9422,-0.6630765353541634,-0.5735442090275902,0.08953232632657326,0.09066915922054347,outputs/benchmark_shapley_estimators/acs_job42594737_xgboost_ease_fo_updates3/logs/complement_seed2027.log,outputs/benchmark_shapley_estimators/acs_job42594737_xgboost_ease_fo_updates3/per_run/complement_seed2027.json,{}
ok,main,complement,Complement,complement,0,2026,200,10,500,1,264.06522858701646,264.1090688999975,264.06522858701646,0.00024163501802831888,0.06708323094062507,263.86327682895353,0.13447525090305135,2.9274960979819298e-05,0.0,0.0,0.00012236624024808407,264.06522858701646,0.0,0.0,0.0,0,[],not_configured,serial,1,500,5000,250,recompute,9444,-0.6630765353541634,-0.5735442090275902,0.08953232632657326,0.08996446754698116,outputs/benchmark_shapley_estimators/acs_job42594737_xgboost_ease_fo_updates3/logs/complement_seed2026.log,outputs/benchmark_shapley_estimators/acs_job42594737_xgboost_ease_fo_updates3/per_run/complement_seed2026.json,{}
ok,main,LeverageSHAP,LeverageSHAP,LeverageSHAP,1,2027,200,10,500,1,264.8044736959855,264.8474138950114,264.79468070314033,0.10716022702399641,0.08200842491351068,264.5968128301902,0.01746053487295285,0.0009021179866977036,0.0,0.0,0.0001295609981752932,264.7941635091556,0.010310186829883605,0.00979299284517765,0.0005171939847059548,20,['_estimate'],wrapped:_estimate,serial,1,500,9998,500,recompute,9690,-0.6630765353541634,-0.5735442090275902,0.08953232632657326,0.08953232632657326,outputs/benchmark_shapley_estimators/acs_job42594737_xgboost_ease_fo_updates3/logs/LeverageSHAP_seed2027.log,outputs/benchmark_shapley_estimators/acs_job42594737_xgboost_ease_fo_updates3/per_run/LeverageSHAP_seed2027.json,"{""sampling_with_replacement"": true}"
ok,main,LeverageSHAP,LeverageSHAP,LeverageSHAP,0,2026,200,10,500,1,264.92672584496904,264.9702953089727,264.9170024160412,0.09952677000546828,0.08222196390852332,264.72648703004234,0.017501623078715056,0.0008663009502924979,0.0,0.0,0.00012215698370710015,264.916513615055,0.010212229914031923,0.009723428927827626,0.0004888009862042964,20,['_estimate'],wrapped:_estimate,serial,1,500,9998,500,recompute,9658,-0.6630765353541634,-0.5735442090275902,0.08953232632657326,0.08953232632657325,outputs/benchmark_shapley_estimators/acs_job42594737_xgboost_ease_fo_updates3/logs/LeverageSHAP_seed2026.log,outputs/benchmark_shapley_estimators/acs_job42594737_xgboost_ease_fo_updates3/per_run/LeverageSHAP_seed2026.json,"{""sampling_with_replacement"": true}"
ok,main,RegressionMSR_unbiased,RegressionMSR,RegressionMSR_unbiased,1,2027,200,10,500,1,265.50376069697086,265.5482533290051,265.3407461430761,0.0018126509967260063,0.36555639997823164,264.9544414388947,0.18182487110607326,1.8163991626352072e-05,0.0,0.0,0.0001071720034815371,265.3239294370869,0.17983125988394022,0.1630145538947545,0.01681670598918572,20,['_run_kfold'],wrapped:_run_kfold,serial,1,500,10000,500,recompute,9714,-0.6630765353541634,-0.5735442090275902,0.08953232632657326,0.08953232632657322,outputs/benchmark_shapley_estimators/acs_job42594737_xgboost_ease_fo_updates3/logs/RegressionMSR_unbiased_seed2027.log,outputs/benchmark_shapley_estimators/acs_job42594737_xgboost_ease_fo_updates3/per_run/RegressionMSR_unbiased_seed2027.json,"{""num_folds"": 2, ""paired_sampling"": null, ""sampling_with_replacement"": true}"
ok,main,RegressionMSR_unbiased,RegressionMSR,RegressionMSR_unbiased,0,2026,200,10,500,1,265.59442580799805,265.638146896963,265.4309943849803,0.0018064800533466041,0.3689126491663046,265.0415856488398,0.1819951640209183,1.836405135691166e-05,0.0,0.0,0.00010750186629593372,265.4142042400199,0.18022156797815114,0.16343142301775515,0.016790144960395992,20,['_run_kfold'],wrapped:_run_kfold,serial,1,500,10000,500,recompute,9688,-0.6630765353541634,-0.5735442090275902,0.08953232632657326,0.08953232632657329,outputs/benchmark_shapley_estimators/acs_job42594737_xgboost_ease_fo_updates3/logs/RegressionMSR_unbiased_seed2026.log,outputs/benchmark_shapley_estimators/acs_job42594737_xgboost_ease_fo_updates3/per_run/RegressionMSR_unbiased_seed2026.json,"{""num_folds"": 2, ""paired_sampling"": null, ""sampling_with_replacement"": true}"
ok,main,sampling_lift,Sampling lift,sampling_lift,1,2027,200,10,500,1,266.2114831029903,266.25500062899664,266.2114831029903,0.00021459499839693308,0.001242416852619499,266.20917973225005,0.0007395540014840662,2.8403999749571085e-05,0.0,0.0,7.840088801458478e-05,266.2114831029903,0.0,0.0,0.0,0,[],not_configured,serial,1,500,100,5,recompute,5082,-0.6630765353541634,-0.5735442090275902,0.08953232632657326,0.06761400726143733,outputs/benchmark_shapley_estimators/acs_job42594737_xgboost_ease_fo_updates3/logs/sampling_lift_seed2027.log,outputs/benchmark_shapley_estimators/acs_job42594737_xgboost_ease_fo_updates3/per_run/sampling_lift_seed2027.json,{}
ok,main,OFA_fixed,OFA,OFA_fixed,0,2026,200,10,500,1,267.0045302550425,267.047985023004,267.0045302550425,2.722768335021101,0.2918851349968463,263.51244305592263,0.4772904489072971,3.048800863325596e-05,0.0,0.0,0.00011279218597337604,267.0045302550425,0.0,0.0,0.0,0,[],not_configured,serial,1,500,10000,500,recompute,9860,-0.6630765353541634,-0.5735442090275902,0.08953232632657326,0.08909777648150326,outputs/benchmark_shapley_estimators/acs_job42594737_xgboost_ease_fo_updates3/logs/OFA_fixed_seed2026.log,outputs/benchmark_shapley_estimators/acs_job42594737_xgboost_ease_fo_updates3/per_run/OFA_fixed_seed2026.json,{}
ok,main,permutation,Permutation,permutation,0,2026,200,10,500,1,267.50072741502663,267.54416761599714,267.50072741502663,0.00021642801584675908,0.0016923451330512762,267.497928757919,0.0007825229549780488,2.6058987714350224e-05,0.0,0.0,8.130201604217291e-05,267.50072741502663,0.0,0.0,0.0,0,[],not_configured,serial,1,500,200,10,recompute,9458,-0.6630765353541634,-0.5735442090275902,0.08953232632657326,0.08953232632657325,outputs/benchmark_shapley_estimators/acs_job42594737_xgboost_ease_fo_updates3/logs/permutation_seed2026.log,outputs/benchmark_shapley_estimators/acs_job42594737_xgboost_ease_fo_updates3/per_run/permutation_seed2026.json,{}
ok,main,OFA_fixed,OFA,OFA_fixed,1,2027,200,10,500,1,267.8299796069623,267.87390530097764,267.8299796069623,2.6400783070130274,0.29095182701712474,264.4208577191457,0.4779336149804294,4.041596548631787e-05,0.0,0.0,0.00011772284051403403,267.8299796069623,0.0,0.0,0.0,0,[],not_configured,serial,1,500,10000,500,recompute,9859,-0.6630765353541634,-0.5735442090275902,0.08953232632657326,0.08946884480096036,outputs/benchmark_shapley_estimators/acs_job42594737_xgboost_ease_fo_updates3/logs/OFA_fixed_seed2027.log,outputs/benchmark_shapley_estimators/acs_job42594737_xgboost_ease_fo_updates3/per_run/OFA_fixed_seed2027.json,{}
ok,main,permutation,Permutation,permutation,1,2027,200,10,500,1,268.02626649301965,268.06939954595873,268.02626649301965,0.00022316898684948683,0.00173483497928828,268.0234518588986,0.0007485610549338162,2.5547982659190893e-05,0.0,0.0,8.252111729234457e-05,268.02626649301965,0.0,0.0,0.0,0,[],not_configured,serial,1,500,200,10,recompute,9470,-0.6630765353541634,-0.5735442090275902,0.08953232632657326,0.08953232632657326,outputs/benchmark_shapley_estimators/acs_job42594737_xgboost_ease_fo_updates3/logs/permutation_seed2027.log,outputs/benchmark_shapley_estimators/acs_job42594737_xgboost_ease_fo_updates3/per_run/permutation_seed2027.json,{}
ok,main,OFA_fixed,OFA,OFA_fixed,2,2028,200,10,500,1,269.64261428499594,269.685488860996,269.64261428499594,2.6645798800163902,0.29302144300891086,266.20741415116936,0.4774475281010382,2.7502013836055994e-05,0.0,0.0,0.00012378068640828133,269.64261428499594,0.0,0.0,0.0,0,[],not_configured,serial,1,500,10000,500,recompute,9855,-0.6630765353541634,-0.5735442090275902,0.08953232632657326,0.08979238510676908,outputs/benchmark_shapley_estimators/acs_job42594737_xgboost_ease_fo_updates3/logs/OFA_fixed_seed2028.log,outputs/benchmark_shapley_estimators/acs_job42594737_xgboost_ease_fo_updates3/per_run/OFA_fixed_seed2028.json,{}
ok,main,EaseSHAP_size_player,EASE-SP,EaseSHAP,2,2028,200,10,500,1,270.1968934069737,270.2402454810217,265.4927220369573,2.6388276829966344,0.08752609801013023,262.3290004559676,4.908214818045963,0.23320868203882128,0.0,0.0,0.00011566991452127695,265.25959336495725,4.937300042016432,4.704171370016411,0.23312867200002074,21,['_engine._readout_estimate'],wrapped:_engine._readout_estimate,serial,1,500,9898,500,recompute,9674,-0.6630765353541634,-0.5735442090275902,0.08953232632657326,0.08953232632657142,outputs/benchmark_shapley_estimators/acs_job42594737_xgboost_ease_fo_updates3/logs/EaseSHAP_size_player_seed2028.log,outputs/benchmark_shapley_estimators/acs_job42594737_xgboost_ease_fo_updates3/per_run/EaseSHAP_size_player_seed2028.json,"{""boundary_order"": 1, ""boundary_policy"": ""fixed"", ""exact_boundary_handling"": true, ""include_nonlinear_size_terms"": false, ""num_folds"": 2, ""pilot_fraction"": 0.2, ""surrogate_basis"": ""size_player"", ""surrogate_correction_max_iter"": 10, ""surrogate_correction_solver_mode"": ""matrix_free"", ""surrogate_r_correction_alpha"": 1.0, ""surrogate_readout_mode"": ""crossfit"", ""surrogate_ridge_lambda"": 1.0, ""surrogate_ridge_scaling"": ""size_trace"", ""surrogate_ridge_schedule"": ""fixed"", ""surrogate_solver_mode"": ""size_player"", ""surrogate_stats_backend"": ""exact_conditional"", ""surrogate_u_correction_alpha"": 1.0, ""use_complement_sampling"": true}"
ok,main,EaseSHAP_size_player,EASE-SP,EaseSHAP,1,2027,200,10,500,1,270.46141994697973,270.50562658999115,265.6327670820174,2.6409171859850176,0.08785880502546206,262.46493647200987,5.03330411989009,0.23429603996919468,0.0,0.0,0.000107324100099504,265.3985530260252,5.062866920954548,4.828652864962351,0.23421405599219725,21,['_engine._readout_estimate'],wrapped:_engine._readout_estimate,serial,1,500,9898,500,recompute,9672,-0.6630765353541634,-0.5735442090275902,0.08953232632657326,0.0895323263265716,outputs/benchmark_shapley_estimators/acs_job42594737_xgboost_ease_fo_updates3/logs/EaseSHAP_size_player_seed2027.log,outputs/benchmark_shapley_estimators/acs_job42594737_xgboost_ease_fo_updates3/per_run/EaseSHAP_size_player_seed2027.json,"{""boundary_order"": 1, ""boundary_policy"": ""fixed"", ""exact_boundary_handling"": true, ""include_nonlinear_size_terms"": false, ""num_folds"": 2, ""pilot_fraction"": 0.2, ""surrogate_basis"": ""size_player"", ""surrogate_correction_max_iter"": 10, ""surrogate_correction_solver_mode"": ""matrix_free"", ""surrogate_r_correction_alpha"": 1.0, ""surrogate_readout_mode"": ""crossfit"", ""surrogate_ridge_lambda"": 1.0, ""surrogate_ridge_scaling"": ""size_trace"", ""surrogate_ridge_schedule"": ""fixed"", ""surrogate_solver_mode"": ""size_player"", ""surrogate_stats_backend"": ""exact_conditional"", ""surrogate_u_correction_alpha"": 1.0, ""use_complement_sampling"": true}"
ok,main,EaseSHAP_size_player,EASE-SP,EaseSHAP,0,2026,200,10,500,1,270.6967043259647,270.74085799901513,266.10346801613923,2.6338221519836225,0.08817331807222217,262.9448727319832,4.795991584775038,0.23372664803173393,0.0,0.0,0.00011789111886173487,265.86982110812096,4.826883217843715,4.593236309825443,0.23364690801827237,21,['_engine._readout_estimate'],wrapped:_engine._readout_estimate,serial,1,500,9898,500,recompute,9606,-0.6630765353541634,-0.5735442090275902,0.08953232632657326,0.08953232632657163,outputs/benchmark_shapley_estimators/acs_job42594737_xgboost_ease_fo_updates3/logs/EaseSHAP_size_player_seed2026.log,outputs/benchmark_shapley_estimators/acs_job42594737_xgboost_ease_fo_updates3/per_run/EaseSHAP_size_player_seed2026.json,"{""boundary_order"": 1, ""boundary_policy"": ""fixed"", ""exact_boundary_handling"": true, ""include_nonlinear_size_terms"": false, ""num_folds"": 2, ""pilot_fraction"": 0.2, ""surrogate_basis"": ""size_player"", ""surrogate_correction_max_iter"": 10, ""surrogate_correction_solver_mode"": ""matrix_free"", ""surrogate_r_correction_alpha"": 1.0, ""surrogate_readout_mode"": ""crossfit"", ""surrogate_ridge_lambda"": 1.0, ""surrogate_ridge_scaling"": ""size_trace"", ""surrogate_ridge_schedule"": ""fixed"", ""surrogate_solver_mode"": ""size_player"", ""surrogate_stats_backend"": ""exact_conditional"", ""surrogate_u_correction_alpha"": 1.0, ""use_complement_sampling"": true}"
ok,main,sampling_lift,Sampling lift,sampling_lift,0,2026,200,10,500,1,276.5173385310336,276.5601534129819,276.5173385310336,0.00020975503139197826,0.0012687568669207394,276.51504554296844,0.0007120922673493624,2.4536973796784878e-05,0.0,0.0,7.784692570567131e-05,276.5173385310336,0.0,0.0,0.0,0,[],not_configured,serial,1,500,100,5,recompute,4987,-0.6630765353541634,-0.5735442090275902,0.08953232632657326,0.0530408500723118,outputs/benchmark_shapley_estimators/acs_job42594737_xgboost_ease_fo_updates3/logs/sampling_lift_seed2026.log,outputs/benchmark_shapley_estimators/acs_job42594737_xgboost_ease_fo_updates3/per_run/sampling_lift_seed2026.json,{}
ok,main,sampling_lift,Sampling lift,sampling_lift,2,2028,200,10,500,1,256.88251537503675,256.92592180601787,256.88251537503675,7.512199226766825e-05,0.0010609880555421114,256.88064178993227,0.0006855190731585026,3.1259842216968536e-06,0.0,0.0,4.8829999286681414e-05,256.88251537503675,0.0,0.0,0.0,0,[],not_configured,serial,1,500,100,5,recompute,5027,-0.6630765353541634,-0.5735442090275902,0.08953232632657326,0.10462466579411286,outputs/benchmark_shapley_estimators/acs_job42594737_xgboost_ease_fo_updates3/logs/sampling_lift_seed2028.log,outputs/benchmark_shapley_estimators/acs_job42594737_xgboost_ease_fo_updates3/per_run/sampling_lift_seed2028.json,{}
ok,main,improved_AME,Improved AME,improved_AME,2,2028,200,10,500,1,264.49170683702687,264.53525014501065,264.49170683702687,6.852904334664345e-05,0.050146174093242735,264.4361014618771,0.005322458106093109,2.995016984641552e-06,0.0,0.0,6.521889008581638e-05,264.49170683702687,0.0,0.0,0.0,0,[],not_configured,serial,1,500,10000,500,recompute,9254,-0.6630765353541634,-0.5735442090275902,0.08953232632657326,0.03815683892962417,outputs/benchmark_shapley_estimators/acs_job42594737_xgboost_ease_fo_updates3/logs/improved_AME_seed2028.log,outputs/benchmark_shapley_estimators/acs_job42594737_xgboost_ease_fo_updates3/per_run/improved_AME_seed2028.json,{}
ok,main,complement,Complement,complement,2,2028,200,10,500,1,264.08603500801837,264.1293928169762,264.08603500801837,7.47509766370058e-05,0.06742959294933826,263.8842978309258,0.134143580973614,5.140027496963739e-06,0.0,0.0,8.411216549575329e-05,264.08603500801837,0.0,0.0,0.0,0,[],not_configured,serial,1,500,5000,250,recompute,9410,-0.6630765353541634,-0.5735442090275902,0.08953232632657326,0.08965796511429228,outputs/benchmark_shapley_estimators/acs_job42594737_xgboost_ease_fo_updates3/logs/complement_seed2028.log,outputs/benchmark_shapley_estimators/acs_job42594737_xgboost_ease_fo_updates3/per_run/complement_seed2028.json,{}
ok,main,SHAP_IQ,SHAP-IQ,SHAP_IQ,2,2028,200,10,500,1,265.52181642199866,265.5654993529897,265.52181642199866,0.09957695996854454,0.29452553496230394,265.1217529339483,0.005852094094734639,1.830497058108449e-05,0.0,0.0,9.059405419975519e-05,265.52181642199866,0.0,0.0,0.0,0,[],not_configured,serial,1,500,10000,500,recompute,7517,-0.6630765353541634,-0.5735442090275902,0.08953232632657326,0.08953232632657332,outputs/benchmark_shapley_estimators/acs_job42594737_xgboost_ease_fo_updates3/logs/SHAP_IQ_seed2028.log,outputs/benchmark_shapley_estimators/acs_job42594737_xgboost_ease_fo_updates3/per_run/SHAP_IQ_seed2028.json,{}
ok,main,GELS,GELS,GELS,3,2029,200,10,500,1,262.896778638009,262.9403499290347,262.896778638009,0.00015228602569550276,0.29962390125729144,262.5932153480826,0.0037069261306896806,3.2259849831461906e-06,0.0,0.0,7.695052772760391e-05,262.896778638009,0.0,0.0,0.0,0,[],not_configured,serial,1,500,10000,500,recompute,7598,-0.6630765353541634,-0.5735442090275902,0.08953232632657326,0.07226186411533275,outputs/benchmark_shapley_estimators/acs_job42594737_xgboost_ease_fo_updates3/logs/GELS_seed2029.log,outputs/benchmark_shapley_estimators/acs_job42594737_xgboost_ease_fo_updates3/per_run/GELS_seed2029.json,{}
ok,main,improved_AME,Improved AME,improved_AME,3,2029,200,10,500,1,262.87632947199745,262.91963863995625,262.87632947199745,5.4222007747739553e-05,0.050295955035835505,262.8204736301559,0.005435982893686742,3.0259834602475166e-06,0.0,0.0,6.665592081844807e-05,262.87632947199745,0.0,0.0,0.0,0,[],not_configured,serial,1,500,10000,500,recompute,9298,-0.6630765353541634,-0.5735442090275902,0.08953232632657326,0.2724327152511637,outputs/benchmark_shapley_estimators/acs_job42594737_xgboost_ease_fo_updates3/logs/improved_AME_seed2029.log,outputs/benchmark_shapley_estimators/acs_job42594737_xgboost_ease_fo_updates3/per_run/improved_AME_seed2029.json,{}
ok,main,GELS,GELS,GELS,2,2028,200,10,500,1,265.3991660629981,265.44217991404,265.3991660629981,0.0001328600337728858,0.2974754390306771,265.09794130612863,0.003533501992933452,3.035995177924633e-06,0.0,0.0,7.991981692612171e-05,265.3991660629981,0.0,0.0,0.0,0,[],not_configured,serial,1,500,10000,500,recompute,7480,-0.6630765353541634,-0.5735442090275902,0.08953232632657326,0.11680585029473134,outputs/benchmark_shapley_estimators/acs_job42594737_xgboost_ease_fo_updates3/logs/GELS_seed2028.log,outputs/benchmark_shapley_estimators/acs_job42594737_xgboost_ease_fo_updates3/per_run/GELS_seed2028.json,{}
ok,main,SHAP_IQ,SHAP-IQ,SHAP_IQ,3,2029,200,10,500,1,263.80198221001774,263.8454089689767,263.80198221001774,0.1100771949859336,0.2973716019769199,263.3884827340371,0.005926584999542683,2.8714013751596212e-05,0.0,0.0,9.538000449538231e-05,263.80198221001774,0.0,0.0,0.0,0,[],not_configured,serial,1,500,10000,500,recompute,7604,-0.6630765353541634,-0.5735442090275902,0.08953232632657326,0.08953232632657333,outputs/benchmark_shapley_estimators/acs_job42594737_xgboost_ease_fo_updates3/logs/SHAP_IQ_seed2029.log,outputs/benchmark_shapley_estimators/acs_job42594737_xgboost_ease_fo_updates3/per_run/SHAP_IQ_seed2029.json,{}
ok,main,OFA_baseline,OFA baseline,OFA_baseline,3,2029,200,10,500,1,264.0523947349866,264.09590000100434,264.0523947349866,6.146600935608149e-05,0.0014457000652328134,264.0492797769839,0.0015276267658919096,2.497702371329069e-05,0.0,0.0,5.5188138503581285e-05,264.0523947349866,0.0,0.0,0.0,0,[],not_configured,serial,1,500,100,5,recompute,9477,-0.6630765353541634,-0.5735442090275902,0.08953232632657326,0.08992859820473219,outputs/benchmark_shapley_estimators/acs_job42594737_xgboost_ease_fo_updates3/logs/OFA_baseline_seed2029.log,outputs/benchmark_shapley_estimators/acs_job42594737_xgboost_ease_fo_updates3/per_run/OFA_baseline_seed2029.json,{}
ok,main,kernelSHAP,kernelSHAP,kernelSHAP,3,2029,200,10,500,1,262.99172171897953,263.0348823069944,262.9776202349458,0.09153096500085667,0.29276786115951836,262.5861995310988,0.02107930090278387,2.6338966563344002e-05,0.0,0.0,0.0001177218509837985,262.97690140194027,0.014820317039266229,0.014101484033744782,0.0007188330055214465,20,['_estimate'],wrapped:_estimate,serial,1,500,10000,500,recompute,7604,-0.6630765353541634,-0.5735442090275902,0.08953232632657326,0.08953232632657346,outputs/benchmark_shapley_estimators/acs_job42594737_xgboost_ease_fo_updates3/logs/kernelSHAP_seed2029.log,outputs/benchmark_shapley_estimators/acs_job42594737_xgboost_ease_fo_updates3/per_run/kernelSHAP_seed2029.json,{}
ok,main,LeverageSHAP,LeverageSHAP,LeverageSHAP,2,2028,200,10,500,1,265.6400659439969,265.68320724600926,265.63025743019534,0.09863037802278996,0.08173012192128226,265.4411911929492,0.0175661580869928,0.0008399710059165955,0.0,0.0,0.0001081220107153058,265.6297715752153,0.010294368781615049,0.009808513801544905,0.00048585498007014394,20,['_estimate'],wrapped:_estimate,serial,1,500,9998,500,recompute,9646,-0.6630765353541634,-0.5735442090275902,0.08953232632657326,0.08953232632657326,outputs/benchmark_shapley_estimators/acs_job42594737_xgboost_ease_fo_updates3/logs/LeverageSHAP_seed2028.log,outputs/benchmark_shapley_estimators/acs_job42594737_xgboost_ease_fo_updates3/per_run/LeverageSHAP_seed2028.json,"{""sampling_with_replacement"": true}"
ok,main,EaseSHAP_interaction_nonlinear,EASE-FO,EaseSHAP,3,2029,200,10,500,1,264.37750525196316,264.4210121819633,264.3145234521362,2.6127271149889566,0.08695524896029383,261.5648068728624,0.10729854687815532,0.005621751945000142,0.0,0.0,9.571632836014032e-05,264.3089531681617,0.06855208380147815,0.06298179982695729,0.005570283974520862,21,['_engine._readout_estimate'],wrapped:_engine._readout_estimate,serial,1,500,9898,500,recompute,9448,-0.6630765353541634,-0.5735442090275902,0.08953232632657326,0.08953232632657339,outputs/benchmark_shapley_estimators/acs_job42594737_xgboost_ease_fo_updates3/logs/EaseSHAP_interaction_nonlinear_seed2029.log,outputs/benchmark_shapley_estimators/acs_job42594737_xgboost_ease_fo_updates3/per_run/EaseSHAP_interaction_nonlinear_seed2029.json,"{""boundary_order"": 1, ""boundary_policy"": ""fixed"", ""exact_boundary_handling"": true, ""include_nonlinear_size_terms"": true, ""num_folds"": 2, ""pilot_design_updates"": 3, ""pilot_fraction"": 0.2, ""surrogate_basis"": 1, ""surrogate_readout_mode"": ""crossfit"", ""surrogate_ridge_lambda"": 0.01, ""surrogate_ridge_schedule"": ""times_m"", ""use_complement_sampling"": true}"
ok,main,kernelSHAP,kernelSHAP,kernelSHAP,2,2028,200,10,500,1,265.8927867420134,265.93583424697863,265.87860857503256,0.09886421798728406,0.2949475398636423,265.47775309503777,0.021092760027386248,1.6982026863843203e-05,0.0,0.0,0.00011214707046747208,265.8779086980503,0.014878043963108212,0.014178166980855167,0.0006998769822530448,20,['_estimate'],wrapped:_estimate,serial,1,500,10000,500,recompute,7517,-0.6630765353541634,-0.5735442090275902,0.08953232632657326,0.08953232632657337,outputs/benchmark_shapley_estimators/acs_job42594737_xgboost_ease_fo_updates3/logs/kernelSHAP_seed2028.log,outputs/benchmark_shapley_estimators/acs_job42594737_xgboost_ease_fo_updates3/per_run/kernelSHAP_seed2028.json,{}
ok,main,group_testing,Group testing,group_testing,2,2028,200,10,500,1,265.53832452197094,265.5810767009971,265.53832452197094,4.2319006752222776e-05,0.2953775810310617,265.24146942200605,0.00135471805697307,3.2170210033655167e-06,0.0,0.0,7.726484909653664e-05,265.53832452197094,0.0,0.0,0.0,0,[],not_configured,serial,1,500,10000,500,recompute,7480,-0.6630765353541634,-0.5735442090275902,0.08953232632657326,-0.49391686318634603,outputs/benchmark_shapley_estimators/acs_job42594737_xgboost_ease_fo_updates3/logs/group_testing_seed2028.log,outputs/benchmark_shapley_estimators/acs_job42594737_xgboost_ease_fo_updates3/per_run/group_testing_seed2028.json,{}
ok,main,group_testing,Group testing,group_testing,3,2029,200,10,500,1,262.8869044930325,262.9306409849669,262.8869044930325,5.227798828855157e-05,0.29392003908287734,262.5912612628308,0.0015896319528110325,3.5570119507610798e-06,0.0,0.0,7.772416574880481e-05,262.8869044930325,0.0,0.0,0.0,0,[],not_configured,serial,1,500,10000,500,recompute,7598,-0.6630765353541634,-0.5735442090275902,0.08953232632657326,0.4783878865330407,outputs/benchmark_shapley_estimators/acs_job42594737_xgboost_ease_fo_updates3/logs/group_testing_seed2029.log,outputs/benchmark_shapley_estimators/acs_job42594737_xgboost_ease_fo_updates3/per_run/group_testing_seed2029.json,{}
ok,main,RegressionMSR_unbiased,RegressionMSR,RegressionMSR_unbiased,2,2028,200,10,500,1,266.4009902870166,266.44601113698445,266.23736253980314,0.0011141879949718714,0.3667766499565914,265.85050595906796,0.1825137068517506,4.558998625725508e-06,0.0,0.0,7.522414671257138e-05,266.22016125381924,0.18082903319736943,0.16362774721346796,0.01720128598390147,20,['_run_kfold'],wrapped:_run_kfold,serial,1,500,10000,500,recompute,9620,-0.6630765353541634,-0.5735442090275902,0.08953232632657326,0.08953232632657335,outputs/benchmark_shapley_estimators/acs_job42594737_xgboost_ease_fo_updates3/logs/RegressionMSR_unbiased_seed2028.log,outputs/benchmark_shapley_estimators/acs_job42594737_xgboost_ease_fo_updates3/per_run/RegressionMSR_unbiased_seed2028.json,"{""num_folds"": 2, ""paired_sampling"": null, ""sampling_with_replacement"": true}"
ok,main,complement,Complement,complement,3,2029,200,10,500,1,264.62155217002146,264.66534449497703,264.62155217002146,5.2689050789922476e-05,0.06730861309915781,264.4200602627825,0.13403784501133487,3.927038051187992e-06,0.0,0.0,8.883303962647915e-05,264.62155217002146,0.0,0.0,0.0,0,[],not_configured,serial,1,500,5000,250,recompute,9464,-0.6630765353541634,-0.5735442090275902,0.08953232632657326,0.08975257022511368,outputs/benchmark_shapley_estimators/acs_job42594737_xgboost_ease_fo_updates3/logs/complement_seed2029.log,outputs/benchmark_shapley_estimators/acs_job42594737_xgboost_ease_fo_updates3/per_run/complement_seed2029.json,{}
ok,main,LeverageSHAP,LeverageSHAP,LeverageSHAP,3,2029,200,10,500,1,265.4209685109672,265.4638920419966,265.4113949529128,0.1270892380271107,0.08117772499099374,265.19455615390325,0.017111865163315088,0.0009377349633723497,0.0,0.0,9.579391917213798e-05,265.4108320439118,0.010136467055417597,0.009573558054398745,0.000562909001018852,20,['_estimate'],wrapped:_estimate,serial,1,500,9998,500,recompute,9632,-0.6630765353541634,-0.5735442090275902,0.08953232632657326,0.08953232632657326,outputs/benchmark_shapley_estimators/acs_job42594737_xgboost_ease_fo_updates3/logs/LeverageSHAP_seed2029.log,outputs/benchmark_shapley_estimators/acs_job42594737_xgboost_ease_fo_updates3/per_run/LeverageSHAP_seed2029.json,"{""sampling_with_replacement"": true}"
ok,main,permutation,Permutation,permutation,2,2028,200,10,500,1,268.39643492997857,268.43975632998627,268.39643492997857,5.397101631388068e-05,0.0015343869454227388,268.39403460000176,0.0007536468328908086,2.996006514877081e-06,0.0,0.0,5.532917566597462e-05,268.39643492997857,0.0,0.0,0.0,0,[],not_configured,serial,1,500,200,10,recompute,9468,-0.6630765353541634,-0.5735442090275902,0.08953232632657326,0.08953232632657325,outputs/benchmark_shapley_estimators/acs_job42594737_xgboost_ease_fo_updates3/logs/permutation_seed2028.log,outputs/benchmark_shapley_estimators/acs_job42594737_xgboost_ease_fo_updates3/per_run/permutation_seed2028.json,{}
ok,main,EaseSHAP_interaction_nonlinear,EASE-FO,EaseSHAP,4,2030,200,10,500,1,263.93228463700507,263.97624826501124,263.86917460896075,2.6202600349788554,0.08786224504001439,261.1115348379244,0.10690618999069557,0.005628243030514568,0.0,0.0,9.308604057878256e-05,263.86362345993984,0.06866117706522346,0.06311002804432064,0.0055511490209028125,21,['_engine._readout_estimate'],wrapped:_engine._readout_estimate,serial,1,500,9898,500,recompute,9282,-0.6630765353541634,-0.5735442090275902,0.08953232632657326,0.0895323263265733,outputs/benchmark_shapley_estimators/acs_job42594737_xgboost_ease_fo_updates3/logs/EaseSHAP_interaction_nonlinear_seed2030.log,outputs/benchmark_shapley_estimators/acs_job42594737_xgboost_ease_fo_updates3/per_run/EaseSHAP_interaction_nonlinear_seed2030.json,"{""boundary_order"": 1, ""boundary_policy"": ""fixed"", ""exact_boundary_handling"": true, ""include_nonlinear_size_terms"": true, ""num_folds"": 2, ""pilot_design_updates"": 3, ""pilot_fraction"": 0.2, ""surrogate_basis"": 1, ""surrogate_readout_mode"": ""crossfit"", ""surrogate_ridge_lambda"": 0.01, ""surrogate_ridge_schedule"": ""times_m"", ""use_complement_sampling"": true}"
ok,main,EaseSHAP_size_player,EASE-SP,EaseSHAP,3,2029,200,10,500,1,268.09171388699906,268.13521101803053,264.7901777571533,2.6122436560108326,0.08702777809230611,261.65663483482786,3.5025116218603216,0.2332031999831088,0.0,0.0,9.27962246350944e-05,264.55702501215274,3.5346888748463243,3.301536129845772,0.23315274500055239,21,['_engine._readout_estimate'],wrapped:_engine._readout_estimate,serial,1,500,9898,500,recompute,8918,-0.6630765353541634,-0.5735442090275902,0.08953232632657326,0.08953232632657214,outputs/benchmark_shapley_estimators/acs_job42594737_xgboost_ease_fo_updates3/logs/EaseSHAP_size_player_seed2029.log,outputs/benchmark_shapley_estimators/acs_job42594737_xgboost_ease_fo_updates3/per_run/EaseSHAP_size_player_seed2029.json,"{""boundary_order"": 1, ""boundary_policy"": ""fixed"", ""exact_boundary_handling"": true, ""include_nonlinear_size_terms"": false, ""num_folds"": 2, ""pilot_fraction"": 0.2, ""surrogate_basis"": ""size_player"", ""surrogate_correction_max_iter"": 10, ""surrogate_correction_solver_mode"": ""matrix_free"", ""surrogate_r_correction_alpha"": 1.0, ""surrogate_readout_mode"": ""crossfit"", ""surrogate_ridge_lambda"": 1.0, ""surrogate_ridge_scaling"": ""size_trace"", ""surrogate_ridge_schedule"": ""fixed"", ""surrogate_solver_mode"": ""size_player"", ""surrogate_stats_backend"": ""exact_conditional"", ""surrogate_u_correction_alpha"": 1.0, ""use_complement_sampling"": true}"
ok,main,OFA_fixed,OFA,OFA_fixed,3,2029,200,10,500,1,268.6761970570078,268.7193282090011,268.6761970570078,2.692739587975666,0.29300973302451894,265.2127171198954,0.47759849502472207,2.7762027457356453e-05,0.0,0.0,0.00010435906006023288,268.6761970570078,0.0,0.0,0.0,0,[],not_configured,serial,1,500,10000,500,recompute,9863,-0.6630765353541634,-0.5735442090275902,0.08953232632657326,0.08912642031682357,outputs/benchmark_shapley_estimators/acs_job42594737_xgboost_ease_fo_updates3/logs/OFA_fixed_seed2029.log,outputs/benchmark_shapley_estimators/acs_job42594737_xgboost_ease_fo_updates3/per_run/OFA_fixed_seed2029.json,{}
ok,main,RegressionMSR_unbiased,RegressionMSR,RegressionMSR_unbiased,3,2029,200,10,500,1,266.10416446998715,266.1489201009972,265.94088161201216,0.0011010320158675313,0.36445233901031315,265.55700556986267,0.18152317503700033,5.2899704314768314e-06,0.0,0.0,7.706409087404609e-05,265.92432177299634,0.17984269699081779,0.1632828579749912,0.016559839015826583,20,['_run_kfold'],wrapped:_run_kfold,serial,1,500,10000,500,recompute,9644,-0.6630765353541634,-0.5735442090275902,0.08953232632657326,0.08953232632657328,outputs/benchmark_shapley_estimators/acs_job42594737_xgboost_ease_fo_updates3/logs/RegressionMSR_unbiased_seed2029.log,outputs/benchmark_shapley_estimators/acs_job42594737_xgboost_ease_fo_updates3/per_run/RegressionMSR_unbiased_seed2029.json,"{""num_folds"": 2, ""paired_sampling"": null, ""sampling_with_replacement"": true}"
ok,main,OFA_baseline,OFA baseline,OFA_baseline,4,2030,200,10,500,1,264.02528280299157,264.0683491840027,264.02528280299157,7.24359997548163e-05,0.0013849691022187471,264.0223124809563,0.0014558511320501566,2.9249931685626507e-06,0.0,0.0,5.4140808060765266e-05,264.02528280299157,0.0,0.0,0.0,0,[],not_configured,serial,1,500,100,5,recompute,9471,-0.6630765353541634,-0.5735442090275902,0.08953232632657326,0.09054389115309973,outputs/benchmark_shapley_estimators/acs_job42594737_xgboost_ease_fo_updates3/logs/OFA_baseline_seed2030.log,outputs/benchmark_shapley_estimators/acs_job42594737_xgboost_ease_fo_updates3/per_run/OFA_baseline_seed2030.json,{}
ok,main,permutation,Permutation,permutation,3,2029,200,10,500,1,268.49391863297205,268.5369535339996,268.49391863297205,6.082496838644147e-05,0.001603921060450375,268.49144743400393,0.0007449340773746371,3.2149837352335453e-06,0.0,0.0,5.830387817695737e-05,268.49391863297205,0.0,0.0,0.0,0,[],not_configured,serial,1,500,200,10,recompute,9467,-0.6630765353541634,-0.5735442090275902,0.08953232632657326,0.08953232632657324,outputs/benchmark_shapley_estimators/acs_job42594737_xgboost_ease_fo_updates3/logs/permutation_seed2029.log,outputs/benchmark_shapley_estimators/acs_job42594737_xgboost_ease_fo_updates3/per_run/permutation_seed2029.json,{}
ok,main,SHAP_IQ,SHAP-IQ,SHAP_IQ,4,2030,200,10,500,1,264.0535481729894,264.0971175499726,264.0535481729894,0.10563645500224084,0.29591088416054845,263.6459191060858,0.005960842885542661,2.6641006115823984e-05,0.0,0.0,9.424384916201234e-05,264.0535481729894,0.0,0.0,0.0,0,[],not_configured,serial,1,500,10000,500,recompute,7597,-0.6630765353541634,-0.5735442090275902,0.08953232632657326,0.08953232632657333,outputs/benchmark_shapley_estimators/acs_job42594737_xgboost_ease_fo_updates3/logs/SHAP_IQ_seed2030.log,outputs/benchmark_shapley_estimators/acs_job42594737_xgboost_ease_fo_updates3/per_run/SHAP_IQ_seed2030.json,{}
ok,main,GELS,GELS,GELS,4,2030,200,10,500,1,264.1361431959667,264.1786493920372,264.1361431959667,0.00014287896919995546,0.3002559180604294,263.8320505041047,0.0035833949805237353,2.8423964977264404e-05,0.0,0.0,8.207588689401746e-05,264.1361431959667,0.0,0.0,0.0,0,[],not_configured,serial,1,500,10000,500,recompute,7607,-0.6630765353541634,-0.5735442090275902,0.08953232632657326,0.09250142087876734,outputs/benchmark_shapley_estimators/acs_job42594737_xgboost_ease_fo_updates3/logs/GELS_seed2030.log,outputs/benchmark_shapley_estimators/acs_job42594737_xgboost_ease_fo_updates3/per_run/GELS_seed2030.json,{}
ok,main,EaseSHAP_size_player,EASE-SP,EaseSHAP,4,2030,200,10,500,1,267.8259550720104,267.8701315820217,264.5141440720763,2.6476845070137642,0.08772854501148686,261.3457481539226,3.513251328957267,0.231447173980996,0.0,0.0,9.53631242737174e-05,264.2827731910511,3.5431818809593096,3.311810999934096,0.23137088102521375,21,['_engine._readout_estimate'],wrapped:_engine._readout_estimate,serial,1,500,9898,500,recompute,8816,-0.6630765353541634,-0.5735442090275902,0.08953232632657326,0.08953232632657201,outputs/benchmark_shapley_estimators/acs_job42594737_xgboost_ease_fo_updates3/logs/EaseSHAP_size_player_seed2030.log,outputs/benchmark_shapley_estimators/acs_job42594737_xgboost_ease_fo_updates3/per_run/EaseSHAP_size_player_seed2030.json,"{""boundary_order"": 1, ""boundary_policy"": ""fixed"", ""exact_boundary_handling"": true, ""include_nonlinear_size_terms"": false, ""num_folds"": 2, ""pilot_fraction"": 0.2, ""surrogate_basis"": ""size_player"", ""surrogate_correction_max_iter"": 10, ""surrogate_correction_solver_mode"": ""matrix_free"", ""surrogate_r_correction_alpha"": 1.0, ""surrogate_readout_mode"": ""crossfit"", ""surrogate_ridge_lambda"": 1.0, ""surrogate_ridge_scaling"": ""size_trace"", ""surrogate_ridge_schedule"": ""fixed"", ""surrogate_solver_mode"": ""size_player"", ""surrogate_stats_backend"": ""exact_conditional"", ""surrogate_u_correction_alpha"": 1.0, ""use_complement_sampling"": true}"
ok,main,OFA_fixed,OFA,OFA_fixed,4,2030,200,10,500,1,268.3706841400126,268.4140906810062,268.3706841400126,2.7037702620145865,0.29445374611532316,264.89375496207504,0.47857932711485773,2.11200094781816e-05,0.0,0.0,0.00010472268331795931,268.3706841400126,0.0,0.0,0.0,0,[],not_configured,serial,1,500,10000,500,recompute,9854,-0.6630765353541634,-0.5735442090275902,0.08953232632657326,0.08970742114526815,outputs/benchmark_shapley_estimators/acs_job42594737_xgboost_ease_fo_updates3/logs/OFA_fixed_seed2030.log,outputs/benchmark_shapley_estimators/acs_job42594737_xgboost_ease_fo_updates3/per_run/OFA_fixed_seed2030.json,{}
ok,main,improved_AME,Improved AME,improved_AME,4,2030,200,10,500,1,261.9893371089711,262.0326554339845,261.9893371089711,4.960398655384779e-05,0.05011415301123634,261.93377305794274,0.0053317450801841915,3.3460091799497604e-06,0.0,0.0,6.52029411867261e-05,261.9893371089711,0.0,0.0,0.0,0,[],not_configured,serial,1,500,10000,500,recompute,9292,-0.6630765353541634,-0.5735442090275902,0.08953232632657326,-0.06545006083935923,outputs/benchmark_shapley_estimators/acs_job42594737_xgboost_ease_fo_updates3/logs/improved_AME_seed2030.log,outputs/benchmark_shapley_estimators/acs_job42594737_xgboost_ease_fo_updates3/per_run/improved_AME_seed2030.json,{}
ok,main,sampling_lift,Sampling lift,sampling_lift,3,2029,200,10,500,1,277.8433035269845,277.88583644403843,277.8433035269845,5.201797466725111e-05,0.0010875328443944454,277.8413721519173,0.0007387849036604166,2.7249916456639767e-06,0.0,0.0,5.0314352847635746e-05,277.8433035269845,0.0,0.0,0.0,0,[],not_configured,serial,1,500,100,5,recompute,4943,-0.6630765353541634,-0.5735442090275902,0.08953232632657326,0.04231379493694432,outputs/benchmark_shapley_estimators/acs_job42594737_xgboost_ease_fo_updates3/logs/sampling_lift_seed2029.log,outputs/benchmark_shapley_estimators/acs_job42594737_xgboost_ease_fo_updates3/per_run/sampling_lift_seed2029.json,{}
ok,main,sampling_lift,Sampling lift,sampling_lift,4,2030,200,10,500,1,273.34377691795817,273.38742310897214,273.34377691795817,5.010503809899092e-05,0.001092504884582013,273.34183193801437,0.0007176940562203526,2.7571979444473982e-05,0.0,0.0,5.710398545488715e-05,273.34377691795817,0.0,0.0,0.0,0,[],not_configured,serial,1,500,100,5,recompute,5040,-0.6630765353541634,-0.5735442090275902,0.08953232632657326,0.04797873878979996,outputs/benchmark_shapley_estimators/acs_job42594737_xgboost_ease_fo_updates3/logs/sampling_lift_seed2030.log,outputs/benchmark_shapley_estimators/acs_job42594737_xgboost_ease_fo_updates3/per_run/sampling_lift_seed2030.json,{}
ok,main,kernelSHAP,kernelSHAP,kernelSHAP,4,2030,200,10,500,1,262.64681390096666,262.6899910659995,262.6331705261837,0.10810226202011108,0.2927976841456257,262.22525254514767,0.020528149092569947,1.7452053725719452e-05,0.0,0.0,0.00011580850696191192,262.6324409022345,0.01437299873214215,0.013643374782986939,0.0007296239491552114,20,['_estimate'],wrapped:_estimate,serial,1,500,10000,500,recompute,7597,-0.6630765353541634,-0.5735442090275902,0.08953232632657326,0.0895323263265734,outputs/benchmark_shapley_estimators/acs_job42594737_xgboost_ease_fo_updates3/logs/kernelSHAP_seed2030.log,outputs/benchmark_shapley_estimators/acs_job42594737_xgboost_ease_fo_updates3/per_run/kernelSHAP_seed2030.json,{}
ok,main,sampling_lift,Sampling lift,sampling_lift,5,2031,200,10,500,1,260.05126532400027,260.09418126696255,260.05126532400027,4.667701432481408e-05,0.0010462439386174083,260.04940691724187,0.0006978859892114997,1.784402411431074e-05,0.0,0.0,4.975579213351011e-05,260.05126532400027,0.0,0.0,0.0,0,[],not_configured,serial,1,500,100,5,recompute,5022,-0.6630765353541634,-0.5735442090275902,0.08953232632657326,0.06053760309259449,outputs/benchmark_shapley_estimators/acs_job42594737_xgboost_ease_fo_updates3/logs/sampling_lift_seed2031.log,outputs/benchmark_shapley_estimators/acs_job42594737_xgboost_ease_fo_updates3/per_run/sampling_lift_seed2031.json,{}
ok,main,group_testing,Group testing,group_testing,4,2030,200,10,500,1,263.26502027199604,263.3078346850234,263.26502027199604,5.583500023931265e-05,0.29574402718571946,262.96769433800364,0.001445972069632262,3.3869873732328415e-06,0.0,0.0,7.67127494327724e-05,263.26502027199604,0.0,0.0,0.0,0,[],not_configured,serial,1,500,10000,500,recompute,7607,-0.6630765353541634,-0.5735442090275902,0.08953232632657326,0.2812155736196295,outputs/benchmark_shapley_estimators/acs_job42594737_xgboost_ease_fo_updates3/logs/group_testing_seed2030.log,outputs/benchmark_shapley_estimators/acs_job42594737_xgboost_ease_fo_updates3/per_run/group_testing_seed2030.json,{}
ok,main,complement,Complement,complement,4,2030,200,10,500,1,264.41358024900546,264.4573974980158,264.41358024900546,7.980095688253641e-05,0.06743087811628357,264.21163850289304,0.13415538903791457,4.627974703907967e-06,0.0,0.0,0.000271050026640296,264.41358024900546,0.0,0.0,0.0,0,[],not_configured,serial,1,500,5000,250,recompute,9398,-0.6630765353541634,-0.5735442090275902,0.08953232632657326,0.0903674053443511,outputs/benchmark_shapley_estimators/acs_job42594737_xgboost_ease_fo_updates3/logs/complement_seed2030.log,outputs/benchmark_shapley_estimators/acs_job42594737_xgboost_ease_fo_updates3/per_run/complement_seed2030.json,{}
ok,main,EaseSHAP_interaction_nonlinear,EASE-FO,EaseSHAP,5,2031,200,10,500,1,263.9769501190167,264.02083637804026,263.9146878340398,2.6178593349759467,0.08701711584581062,261.1606549231801,0.10576713806949556,0.005555456969887018,0.0,0.0,9.614997543394566e-05,263.9091890230775,0.0677610959392041,0.0622622849768959,0.005498810962308198,21,['_engine._readout_estimate'],wrapped:_engine._readout_estimate,serial,1,500,9898,500,recompute,9220,-0.6630765353541634,-0.5735442090275902,0.08953232632657326,0.08953232632657315,outputs/benchmark_shapley_estimators/acs_job42594737_xgboost_ease_fo_updates3/logs/EaseSHAP_interaction_nonlinear_seed2031.log,outputs/benchmark_shapley_estimators/acs_job42594737_xgboost_ease_fo_updates3/per_run/EaseSHAP_interaction_nonlinear_seed2031.json,"{""boundary_order"": 1, ""boundary_policy"": ""fixed"", ""exact_boundary_handling"": true, ""include_nonlinear_size_terms"": true, ""num_folds"": 2, ""pilot_design_updates"": 3, ""pilot_fraction"": 0.2, ""surrogate_basis"": 1, ""surrogate_readout_mode"": ""crossfit"", ""surrogate_ridge_lambda"": 0.01, ""surrogate_ridge_schedule"": ""times_m"", ""use_complement_sampling"": true}"
ok,main,LeverageSHAP,LeverageSHAP,LeverageSHAP,4,2030,200,10,500,1,265.3114489669679,265.3545964449877,265.3014231418492,0.1118849819758907,0.08132855984149501,265.09943196730455,0.01784258586121723,0.0008571330108679831,0.0,0.0,0.00010373897384852171,265.300926005817,0.010522961150854826,0.010025825118646026,0.0004971360322088003,20,['_estimate'],wrapped:_estimate,serial,1,500,9998,500,recompute,9654,-0.6630765353541634,-0.5735442090275902,0.08953232632657326,0.08953232632657325,outputs/benchmark_shapley_estimators/acs_job42594737_xgboost_ease_fo_updates3/logs/LeverageSHAP_seed2030.log,outputs/benchmark_shapley_estimators/acs_job42594737_xgboost_ease_fo_updates3/per_run/LeverageSHAP_seed2030.json,"{""sampling_with_replacement"": true}"
ok,main,OFA_baseline,OFA baseline,OFA_baseline,5,2031,200,10,500,1,263.95409700495657,263.99722150096204,263.95409700495657,7.421901682391763e-05,0.0013829420204274356,263.950938853086,0.0016461670165881515,3.1160307116806507e-06,0.0,0.0,5.170778604224324e-05,263.95409700495657,0.0,0.0,0.0,0,[],not_configured,serial,1,500,100,5,recompute,9474,-0.6630765353541634,-0.5735442090275902,0.08953232632657326,0.08810471209906964,outputs/benchmark_shapley_estimators/acs_job42594737_xgboost_ease_fo_updates3/logs/OFA_baseline_seed2031.log,outputs/benchmark_shapley_estimators/acs_job42594737_xgboost_ease_fo_updates3/per_run/OFA_baseline_seed2031.json,{}
ok,main,SHAP_IQ,SHAP-IQ,SHAP_IQ,5,2031,200,10,500,1,264.5510664199828,264.5950394429965,264.5510664199828,0.09860280196880922,0.296101117040962,264.15035757696023,0.005901300115510821,1.7552985809743404e-05,0.0,0.0,8.607091149315238e-05,264.5510664199828,0.0,0.0,0.0,0,[],not_configured,serial,1,500,10000,500,recompute,7585,-0.6630765353541634,-0.5735442090275902,0.08953232632657326,0.08953232632657333,outputs/benchmark_shapley_estimators/acs_job42594737_xgboost_ease_fo_updates3/logs/SHAP_IQ_seed2031.log,outputs/benchmark_shapley_estimators/acs_job42594737_xgboost_ease_fo_updates3/per_run/SHAP_IQ_seed2031.json,{}
ok,main,GELS,GELS,GELS,5,2031,200,10,500,1,264.683659479022,264.7268988309661,264.683659479022,0.00010560895316302776,0.30036249820841476,264.3795104341116,0.003599235962610692,3.375986125320196e-06,0.0,0.0,7.832580013200641e-05,264.683659479022,0.0,0.0,0.0,0,[],not_configured,serial,1,500,10000,500,recompute,7567,-0.6630765353541634,-0.5735442090275902,0.08953232632657326,0.07693890546371218,outputs/benchmark_shapley_estimators/acs_job42594737_xgboost_ease_fo_updates3/logs/GELS_seed2031.log,outputs/benchmark_shapley_estimators/acs_job42594737_xgboost_ease_fo_updates3/per_run/GELS_seed2031.json,{}
ok,main,RegressionMSR_unbiased,RegressionMSR,RegressionMSR_unbiased,4,2030,200,10,500,1,266.38084212801186,266.4248983070138,266.2171019799425,0.0011440630187280476,0.36561310419347137,265.8317077899119,0.18229287082795054,5.5209966376423836e-06,0.0,0.0,7.877906318753958e-05,266.2002681819722,0.18057394603965804,0.163740148069337,0.01683379797032103,20,['_run_kfold'],wrapped:_run_kfold,serial,1,500,10000,500,recompute,9674,-0.6630765353541634,-0.5735442090275902,0.08953232632657326,0.08953232632657337,outputs/benchmark_shapley_estimators/acs_job42594737_xgboost_ease_fo_updates3/logs/RegressionMSR_unbiased_seed2030.log,outputs/benchmark_shapley_estimators/acs_job42594737_xgboost_ease_fo_updates3/per_run/RegressionMSR_unbiased_seed2030.json,"{""num_folds"": 2, ""paired_sampling"": null, ""sampling_with_replacement"": true}"
ok,main,improved_AME,Improved AME,improved_AME,5,2031,200,10,500,1,264.75167590403,264.7945658679819,264.75167590403,5.4422998800873756e-05,0.049731644860003144,264.69649235199904,0.00533040490699932,3.3070100471377373e-06,0.0,0.0,6.377225508913398e-05,264.75167590403,0.0,0.0,0.0,0,[],not_configured,serial,1,500,10000,500,recompute,9276,-0.6630765353541634,-0.5735442090275902,0.08953232632657326,-0.1890757218459967,outputs/benchmark_shapley_estimators/acs_job42594737_xgboost_ease_fo_updates3/logs/improved_AME_seed2031.log,outputs/benchmark_shapley_estimators/acs_job42594737_xgboost_ease_fo_updates3/per_run/improved_AME_seed2031.json,{}
ok,main,kernelSHAP,kernelSHAP,kernelSHAP,5,2031,200,10,500,1,264.9374944989686,264.980542100966,264.9234554369468,0.09906877897446975,0.2953909792122431,264.52180665300693,0.021103107079397887,1.8554972484707832e-05,0.0,0.0,0.00010642572306096554,264.92272225691704,0.014772242051549256,0.014039062021765858,0.0007331800297833979,20,['_estimate'],wrapped:_estimate,serial,1,500,10000,500,recompute,7585,-0.6630765353541634,-0.5735442090275902,0.08953232632657326,0.0895323263265737,outputs/benchmark_shapley_estimators/acs_job42594737_xgboost_ease_fo_updates3/logs/kernelSHAP_seed2031.log,outputs/benchmark_shapley_estimators/acs_job42594737_xgboost_ease_fo_updates3/per_run/kernelSHAP_seed2031.json,{}
ok,main,permutation,Permutation,permutation,4,2030,200,10,500,1,268.0632520230138,268.1066673959722,268.0632520230138,5.681702168658376e-05,0.0015441799769178033,268.06088585901307,0.0007117209024727345,2.9650400392711163e-06,0.0,0.0,5.048105958849192e-05,268.0632520230138,0.0,0.0,0.0,0,[],not_configured,serial,1,500,200,10,recompute,9463,-0.6630765353541634,-0.5735442090275902,0.08953232632657326,0.08953232632657325,outputs/benchmark_shapley_estimators/acs_job42594737_xgboost_ease_fo_updates3/logs/permutation_seed2030.log,outputs/benchmark_shapley_estimators/acs_job42594737_xgboost_ease_fo_updates3/per_run/permutation_seed2030.json,{}
ok,main,complement,Complement,complement,5,2031,200,10,500,1,264.22525336802937,264.2684525339864,264.22525336802937,5.4082018323242664e-05,0.06679132301360369,264.0232031448977,0.13508560991613194,2.938497345894575e-05,0.0,0.0,8.982321014627814e-05,264.22525336802937,0.0,0.0,0.0,0,[],not_configured,serial,1,500,5000,250,recompute,9414,-0.6630765353541634,-0.5735442090275902,0.08953232632657326,0.09168540956157256,outputs/benchmark_shapley_estimators/acs_job42594737_xgboost_ease_fo_updates3/logs/complement_seed2031.log,outputs/benchmark_shapley_estimators/acs_job42594737_xgboost_ease_fo_updates3/per_run/complement_seed2031.json,{}
ok,main,OFA_fixed,OFA,OFA_fixed,5,2031,200,10,500,1,267.74685219198,267.7895093469997,267.74685219198,2.691868106019683,0.2908428429509513,264.28619203920243,0.4778113560169004,1.8704973626881838e-05,0.0,0.0,0.00011914281640201807,267.74685219198,0.0,0.0,0.0,0,[],not_configured,serial,1,500,10000,500,recompute,9865,-0.6630765353541634,-0.5735442090275902,0.08953232632657326,0.08936005732796455,outputs/benchmark_shapley_estimators/acs_job42594737_xgboost_ease_fo_updates3/logs/OFA_fixed_seed2031.log,outputs/benchmark_shapley_estimators/acs_job42594737_xgboost_ease_fo_updates3/per_run/OFA_fixed_seed2031.json,{}
ok,main,group_testing,Group testing,group_testing,5,2031,200,10,500,1,264.89327819203027,264.9366040270543,264.89327819203027,5.641597090288997e-05,0.29331415897468105,264.5984521249193,0.001377199951093644,3.32703348249197e-06,0.0,0.0,7.496518082916737e-05,264.89327819203027,0.0,0.0,0.0,0,[],not_configured,serial,1,500,10000,500,recompute,7567,-0.6630765353541634,-0.5735442090275902,0.08953232632657326,-0.7709952604010373,outputs/benchmark_shapley_estimators/acs_job42594737_xgboost_ease_fo_updates3/logs/group_testing_seed2031.log,outputs/benchmark_shapley_estimators/acs_job42594737_xgboost_ease_fo_updates3/per_run/group_testing_seed2031.json,{}
ok,main,LeverageSHAP,LeverageSHAP,LeverageSHAP,5,2031,200,10,500,1,266.03557289700257,266.07934635400306,266.0259183108574,0.0986264770035632,0.08231833489844576,265.8363356390619,0.017292017000727355,0.0008949649636633694,0.0,0.0,0.00010546407429501414,266.02540853084065,0.010164366161916405,0.00965458614518866,0.0005097800167277455,20,['_estimate'],wrapped:_estimate,serial,1,500,9998,500,recompute,9634,-0.6630765353541634,-0.5735442090275902,0.08953232632657326,0.08953232632657326,outputs/benchmark_shapley_estimators/acs_job42594737_xgboost_ease_fo_updates3/logs/LeverageSHAP_seed2031.log,outputs/benchmark_shapley_estimators/acs_job42594737_xgboost_ease_fo_updates3/per_run/LeverageSHAP_seed2031.json,"{""sampling_with_replacement"": true}"
ok,main,EaseSHAP_interaction_nonlinear,EASE-FO,EaseSHAP,6,2032,200,10,500,1,264.7164359460003,264.76013807900017,264.6536717178533,2.6211709690396674,0.08671680995030329,261.8960729020182,0.10680766019504517,0.005579753022175282,0.0,0.0,8.785177487879992e-05,264.6481175328954,0.06831841310486197,0.0627642281469889,0.005554184957873076,21,['_engine._readout_estimate'],wrapped:_engine._readout_estimate,serial,1,500,9898,500,recompute,9128,-0.6630765353541634,-0.5735442090275902,0.08953232632657326,0.08953232632657308,outputs/benchmark_shapley_estimators/acs_job42594737_xgboost_ease_fo_updates3/logs/EaseSHAP_interaction_nonlinear_seed2032.log,outputs/benchmark_shapley_estimators/acs_job42594737_xgboost_ease_fo_updates3/per_run/EaseSHAP_interaction_nonlinear_seed2032.json,"{""boundary_order"": 1, ""boundary_policy"": ""fixed"", ""exact_boundary_handling"": true, ""include_nonlinear_size_terms"": true, ""num_folds"": 2, ""pilot_design_updates"": 3, ""pilot_fraction"": 0.2, ""surrogate_basis"": 1, ""surrogate_readout_mode"": ""crossfit"", ""surrogate_ridge_lambda"": 0.01, ""surrogate_ridge_schedule"": ""times_m"", ""use_complement_sampling"": true}"
ok,main,EaseSHAP_size_player,EASE-SP,EaseSHAP,5,2031,200,10,500,1,269.49285707698436,269.5370113410172,266.1623268799158,2.630803089006804,0.08841162291355431,263.0071189310984,3.5332733969553374,0.23315175500465557,0.0,0.0,9.828200563788414e-05,265.9292266209377,3.563630456046667,3.330530197068583,0.23310025897808373,21,['_engine._readout_estimate'],wrapped:_engine._readout_estimate,serial,1,500,9898,500,recompute,9576,-0.6630765353541634,-0.5735442090275902,0.08953232632657326,0.08953232632657172,outputs/benchmark_shapley_estimators/acs_job42594737_xgboost_ease_fo_updates3/logs/EaseSHAP_size_player_seed2031.log,outputs/benchmark_shapley_estimators/acs_job42594737_xgboost_ease_fo_updates3/per_run/EaseSHAP_size_player_seed2031.json,"{""boundary_order"": 1, ""boundary_policy"": ""fixed"", ""exact_boundary_handling"": true, ""include_nonlinear_size_terms"": false, ""num_folds"": 2, ""pilot_fraction"": 0.2, ""surrogate_basis"": ""size_player"", ""surrogate_correction_max_iter"": 10, ""surrogate_correction_solver_mode"": ""matrix_free"", ""surrogate_r_correction_alpha"": 1.0, ""surrogate_readout_mode"": ""crossfit"", ""surrogate_ridge_lambda"": 1.0, ""surrogate_ridge_scaling"": ""size_trace"", ""surrogate_ridge_schedule"": ""fixed"", ""surrogate_solver_mode"": ""size_player"", ""surrogate_stats_backend"": ""exact_conditional"", ""surrogate_u_correction_alpha"": 1.0, ""use_complement_sampling"": true}"
ok,main,RegressionMSR_unbiased,RegressionMSR,RegressionMSR_unbiased,5,2031,200,10,500,1,266.25231367198285,266.2974891689955,266.08702513296157,0.0009168459801003337,0.36687326506944373,265.70043499500025,0.18401487095979974,5.209003575146198e-06,0.0,0.0,6.848596967756748e-05,266.07001544494415,0.18229822703870013,0.16528853902127594,0.017009688017424196,20,['_run_kfold'],wrapped:_run_kfold,serial,1,500,10000,500,recompute,9654,-0.6630765353541634,-0.5735442090275902,0.08953232632657326,0.08953232632657328,outputs/benchmark_shapley_estimators/acs_job42594737_xgboost_ease_fo_updates3/logs/RegressionMSR_unbiased_seed2031.log,outputs/benchmark_shapley_estimators/acs_job42594737_xgboost_ease_fo_updates3/per_run/RegressionMSR_unbiased_seed2031.json,"{""num_folds"": 2, ""paired_sampling"": null, ""sampling_with_replacement"": true}"
ok,main,OFA_baseline,OFA baseline,OFA_baseline,6,2032,200,10,500,1,264.2100675170077,264.25374203699175,264.2100675170077,6.138597382232547e-05,0.0013427078956738114,264.207210046181,0.0013963179080747068,3.2259849831461906e-06,0.0,0.0,5.3833064157515764e-05,264.2100675170077,0.0,0.0,0.0,0,[],not_configured,serial,1,500,100,5,recompute,9475,-0.6630765353541634,-0.5735442090275902,0.08953232632657326,0.09348530281630478,outputs/benchmark_shapley_estimators/acs_job42594737_xgboost_ease_fo_updates3/logs/OFA_baseline_seed2032.log,outputs/benchmark_shapley_estimators/acs_job42594737_xgboost_ease_fo_updates3/per_run/OFA_baseline_seed2032.json,{}
ok,main,permutation,Permutation,permutation,5,2031,200,10,500,1,268.505077290989,268.5480838349904,268.505077290989,6.29679998382926e-05,0.0015364429564215243,268.50268519687233,0.0007321470184251666,3.5770353861153126e-06,0.0,0.0,5.695910658687353e-05,268.505077290989,0.0,0.0,0.0,0,[],not_configured,serial,1,500,200,10,recompute,9472,-0.6630765353541634,-0.5735442090275902,0.08953232632657326,0.08953232632657325,outputs/benchmark_shapley_estimators/acs_job42594737_xgboost_ease_fo_updates3/logs/permutation_seed2031.log,outputs/benchmark_shapley_estimators/acs_job42594737_xgboost_ease_fo_updates3/per_run/permutation_seed2031.json,{}
ok,main,GELS,GELS,GELS,6,2032,200,10,500,1,263.9843629830284,264.02760727499845,263.9843629830284,0.00011291197733953595,0.30028597300406545,263.6803842590307,0.003500981896650046,3.2460084185004234e-06,0.0,0.0,7.561111124232411e-05,263.9843629830284,0.0,0.0,0.0,0,[],not_configured,serial,1,500,10000,500,recompute,7488,-0.6630765353541634,-0.5735442090275902,0.08953232632657326,0.06542852766838658,outputs/benchmark_shapley_estimators/acs_job42594737_xgboost_ease_fo_updates3/logs/GELS_seed2032.log,outputs/benchmark_shapley_estimators/acs_job42594737_xgboost_ease_fo_updates3/per_run/GELS_seed2032.json,{}
ok,main,SHAP_IQ,SHAP-IQ,SHAP_IQ,6,2032,200,10,500,1,264.820735375979,264.863953719032,264.820735375979,0.09999460203107446,0.29497211816487834,264.4198136202176,0.005830254114698619,2.156099071726203e-05,0.0,0.0,0.00010322046000510454,264.820735375979,0.0,0.0,0.0,0,[],not_configured,serial,1,500,10000,500,recompute,7483,-0.6630765353541634,-0.5735442090275902,0.08953232632657326,0.08953232632657329,outputs/benchmark_shapley_estimators/acs_job42594737_xgboost_ease_fo_updates3/logs/SHAP_IQ_seed2032.log,outputs/benchmark_shapley_estimators/acs_job42594737_xgboost_ease_fo_updates3/per_run/SHAP_IQ_seed2032.json,{}
ok,main,kernelSHAP,kernelSHAP,kernelSHAP,6,2032,200,10,500,1,263.1347730580019,263.177638476016,263.1205866828095,0.10433915804605931,0.2939520829822868,262.7150421330007,0.02130762510932982,1.654197694733739e-05,0.0,0.0,0.00011551688658073545,263.11988471180666,0.014888346195220947,0.01418637519236654,0.0007019710028544068,20,['_estimate'],wrapped:_estimate,serial,1,500,10000,500,recompute,7483,-0.6630765353541634,-0.5735442090275902,0.08953232632657326,0.08953232632657354,outputs/benchmark_shapley_estimators/acs_job42594737_xgboost_ease_fo_updates3/logs/kernelSHAP_seed2032.log,outputs/benchmark_shapley_estimators/acs_job42594737_xgboost_ease_fo_updates3/per_run/kernelSHAP_seed2032.json,{}
ok,main,improved_AME,Improved AME,improved_AME,6,2032,200,10,500,1,264.4888452280429,264.53239173896145,264.4888452280429,5.904096178710461e-05,0.04995101917302236,264.43336995196296,0.0053924499079585075,3.175984602421522e-06,0.0,0.0,6.959005258977413e-05,264.4888452280429,0.0,0.0,0.0,0,[],not_configured,serial,1,500,10000,500,recompute,9256,-0.6630765353541634,-0.5735442090275902,0.08953232632657326,-0.05899501734822528,outputs/benchmark_shapley_estimators/acs_job42594737_xgboost_ease_fo_updates3/logs/improved_AME_seed2032.log,outputs/benchmark_shapley_estimators/acs_job42594737_xgboost_ease_fo_updates3/per_run/improved_AME_seed2032.json,{}
ok,main,EaseSHAP_size_player,EASE-SP,EaseSHAP,6,2032,200,10,500,1,268.53800656698877,268.58273662498686,265.21794510202017,2.643554279988166,0.087252136785537,262.05356000212487,3.519944679166656,0.2335977649781853,0.0,0.0,9.77039453573525e-05,264.9843996660202,3.553606900968589,3.320061464968603,0.23354543599998578,21,['_engine._readout_estimate'],wrapped:_engine._readout_estimate,serial,1,500,9898,500,recompute,9350,-0.6630765353541634,-0.5735442090275902,0.08953232632657326,0.08953232632657183,outputs/benchmark_shapley_estimators/acs_job42594737_xgboost_ease_fo_updates3/logs/EaseSHAP_size_player_seed2032.log,outputs/benchmark_shapley_estimators/acs_job42594737_xgboost_ease_fo_updates3/per_run/EaseSHAP_size_player_seed2032.json,"{""boundary_order"": 1, ""boundary_policy"": ""fixed"", ""exact_boundary_handling"": true, ""include_nonlinear_size_terms"": false, ""num_folds"": 2, ""pilot_fraction"": 0.2, ""surrogate_basis"": ""size_player"", ""surrogate_correction_max_iter"": 10, ""surrogate_correction_solver_mode"": ""matrix_free"", ""surrogate_r_correction_alpha"": 1.0, ""surrogate_readout_mode"": ""crossfit"", ""surrogate_ridge_lambda"": 1.0, ""surrogate_ridge_scaling"": ""size_trace"", ""surrogate_ridge_schedule"": ""fixed"", ""surrogate_solver_mode"": ""size_player"", ""surrogate_stats_backend"": ""exact_conditional"", ""surrogate_u_correction_alpha"": 1.0, ""use_complement_sampling"": true}"
ok,main,OFA_fixed,OFA,OFA_fixed,6,2032,200,10,500,1,268.93674269196345,268.9801172990119,268.93674269196345,2.702538921032101,0.2925429289462045,265.4635333579499,0.47800363996066153,1.976697240024805e-05,0.0,0.0,0.00010407710215076804,268.93674269196345,0.0,0.0,0.0,0,[],not_configured,serial,1,500,10000,500,recompute,9859,-0.6630765353541634,-0.5735442090275902,0.08953232632657326,0.0895520548673265,outputs/benchmark_shapley_estimators/acs_job42594737_xgboost_ease_fo_updates3/logs/OFA_fixed_seed2032.log,outputs/benchmark_shapley_estimators/acs_job42594737_xgboost_ease_fo_updates3/per_run/OFA_fixed_seed2032.json,{}
ok,main,LeverageSHAP,LeverageSHAP,LeverageSHAP,6,2032,200,10,500,1,265.2833748930134,265.3265026449808,265.27364899398526,0.09863921999931335,0.08215542882680893,265.08424618805293,0.01733929495094344,0.0008909470052458346,0.0,0.0,0.00010381417814642191,265.27314842195483,0.010226471058558673,0.00972589902812615,0.0005005720304325223,20,['_estimate'],wrapped:_estimate,serial,1,500,9998,500,recompute,9650,-0.6630765353541634,-0.5735442090275902,0.08953232632657326,0.08953232632657326,outputs/benchmark_shapley_estimators/acs_job42594737_xgboost_ease_fo_updates3/logs/LeverageSHAP_seed2032.log,outputs/benchmark_shapley_estimators/acs_job42594737_xgboost_ease_fo_updates3/per_run/LeverageSHAP_seed2032.json,"{""sampling_with_replacement"": true}"
ok,main,sampling_lift,Sampling lift,sampling_lift,6,2032,200,10,500,1,274.47803978202865,274.52079621498706,274.47803978202865,4.592596087604761e-05,0.0010756148840300739,274.47616662591463,0.0007007389212958515,2.8050271794199944e-06,0.0,0.0,4.807132063433528e-05,274.47803978202865,0.0,0.0,0.0,0,[],not_configured,serial,1,500,100,5,recompute,4984,-0.6630765353541634,-0.5735442090275902,0.08953232632657326,0.04844149949942091,outputs/benchmark_shapley_estimators/acs_job42594737_xgboost_ease_fo_updates3/logs/sampling_lift_seed2032.log,outputs/benchmark_shapley_estimators/acs_job42594737_xgboost_ease_fo_updates3/per_run/sampling_lift_seed2032.json,{}
ok,main,complement,Complement,complement,6,2032,200,10,500,1,265.9592207969981,266.0032826170209,265.9592207969981,5.296996096149087e-05,0.06709173292620108,265.7577960178605,0.13419043802423403,3.9879814721643925e-06,0.0,0.0,8.565024472773075e-05,265.9592207969981,0.0,0.0,0.0,0,[],not_configured,serial,1,500,5000,250,recompute,9438,-0.6630765353541634,-0.5735442090275902,0.08953232632657326,0.09138055327382602,outputs/benchmark_shapley_estimators/acs_job42594737_xgboost_ease_fo_updates3/logs/complement_seed2032.log,outputs/benchmark_shapley_estimators/acs_job42594737_xgboost_ease_fo_updates3/per_run/complement_seed2032.json,{}
ok,main,permutation,Permutation,permutation,6,2032,200,10,500,1,268.18756717897486,268.2305081599625,268.18756717897486,5.4964039009064436e-05,0.0015504087787121534,268.1852008451824,0.0007048959378153086,3.2559619285166264e-06,0.0,0.0,5.2809074986726046e-05,268.18756717897486,0.0,0.0,0.0,0,[],not_configured,serial,1,500,200,10,recompute,9456,-0.6630765353541634,-0.5735442090275902,0.08953232632657326,0.08953232632657325,outputs/benchmark_shapley_estimators/acs_job42594737_xgboost_ease_fo_updates3/logs/permutation_seed2032.log,outputs/benchmark_shapley_estimators/acs_job42594737_xgboost_ease_fo_updates3/per_run/permutation_seed2032.json,{}
ok,main,group_testing,Group testing,group_testing,6,2032,200,10,500,1,262.3631339769927,262.4059820820112,262.3631339769927,5.9421989135444164e-05,0.29393605270888656,262.0676822309615,0.001378204789943993,4.158006049692631e-06,0.0,0.0,7.390853716060519e-05,262.3631339769927,0.0,0.0,0.0,0,[],not_configured,serial,1,500,10000,500,recompute,7488,-0.6630765353541634,-0.5735442090275902,0.08953232632657326,0.06173317656733665,outputs/benchmark_shapley_estimators/acs_job42594737_xgboost_ease_fo_updates3/logs/group_testing_seed2032.log,outputs/benchmark_shapley_estimators/acs_job42594737_xgboost_ease_fo_updates3/per_run/group_testing_seed2032.json,{}
ok,main,sampling_lift,Sampling lift,sampling_lift,7,2033,200,10,500,1,256.8212109329761,256.8647519520018,256.8212109329761,5.143601447343826e-05,0.0012743279803544283,256.8191379069467,0.0006963580381125212,3.4160329960286617e-06,0.0,0.0,4.748796345666051e-05,256.8212109329761,0.0,0.0,0.0,0,[],not_configured,serial,1,500,100,5,recompute,4996,-0.6630765353541634,-0.5735442090275902,0.08953232632657326,0.11271134287620904,outputs/benchmark_shapley_estimators/acs_job42594737_xgboost_ease_fo_updates3/logs/sampling_lift_seed2033.log,outputs/benchmark_shapley_estimators/acs_job42594737_xgboost_ease_fo_updates3/per_run/sampling_lift_seed2033.json,{}
ok,main,RegressionMSR_unbiased,RegressionMSR,RegressionMSR_unbiased,6,2032,200,10,500,1,265.81673329300247,265.86152222094825,265.65279249916784,0.0009511500247754157,0.36451428395230323,265.2685998631059,0.18258554610656574,4.80900052934885e-06,0.0,0.0,7.764081237837672e-05,265.63582703412976,0.18090625887271017,0.16394079383462667,0.016965465038083494,20,['_run_kfold'],wrapped:_run_kfold,serial,1,500,10000,500,recompute,9580,-0.6630765353541634,-0.5735442090275902,0.08953232632657326,0.0895323263265734,outputs/benchmark_shapley_estimators/acs_job42594737_xgboost_ease_fo_updates3/logs/RegressionMSR_unbiased_seed2032.log,outputs/benchmark_shapley_estimators/acs_job42594737_xgboost_ease_fo_updates3/per_run/RegressionMSR_unbiased_seed2032.json,"{""num_folds"": 2, ""paired_sampling"": null, ""sampling_with_replacement"": true}"
ok,main,EaseSHAP_interaction_nonlinear,EASE-FO,EaseSHAP,7,2033,200,10,500,1,264.39236188697396,264.43548537103925,264.32987372908974,2.626678849977907,0.08776930399471894,261.5655131870881,0.1067174838972278,0.005590343032963574,0.0,0.0,9.271898306906223e-05,264.3243528471212,0.06800903985276818,0.0624881578842178,0.005520881968550384,21,['_engine._readout_estimate'],wrapped:_engine._readout_estimate,serial,1,500,9898,500,recompute,9152,-0.6630765353541634,-0.5735442090275902,0.08953232632657326,0.08953232632657313,outputs/benchmark_shapley_estimators/acs_job42594737_xgboost_ease_fo_updates3/logs/EaseSHAP_interaction_nonlinear_seed2033.log,outputs/benchmark_shapley_estimators/acs_job42594737_xgboost_ease_fo_updates3/per_run/EaseSHAP_interaction_nonlinear_seed2033.json,"{""boundary_order"": 1, ""boundary_policy"": ""fixed"", ""exact_boundary_handling"": true, ""include_nonlinear_size_terms"": true, ""num_folds"": 2, ""pilot_design_updates"": 3, ""pilot_fraction"": 0.2, ""surrogate_basis"": 1, ""surrogate_readout_mode"": ""crossfit"", ""surrogate_ridge_lambda"": 0.01, ""surrogate_ridge_schedule"": ""times_m"", ""use_complement_sampling"": true}"
ok,main,OFA_baseline,OFA baseline,OFA_baseline,7,2033,200,10,500,1,263.88357808295405,263.9261376539944,263.88357808295405,6.79479562677443e-05,0.0013786249910481274,263.88060423906427,0.0014638230786658823,1.2794975191354752e-05,0.0,0.0,5.065288860350847e-05,263.88357808295405,0.0,0.0,0.0,0,[],not_configured,serial,1,500,100,5,recompute,9468,-0.6630765353541634,-0.5735442090275902,0.08953232632657326,0.09063377403891723,outputs/benchmark_shapley_estimators/acs_job42594737_xgboost_ease_fo_updates3/logs/OFA_baseline_seed2033.log,outputs/benchmark_shapley_estimators/acs_job42594737_xgboost_ease_fo_updates3/per_run/OFA_baseline_seed2033.json,{}
ok,main,GELS,GELS,GELS,7,2033,200,10,500,1,262.93614024401177,262.9793614819646,262.93614024401177,0.00011148996418341994,0.2994609649758786,262.63300075399457,0.003485440101940185,3.056018613278866e-06,0.0,0.0,7.853895658627152e-05,262.93614024401177,0.0,0.0,0.0,0,[],not_configured,serial,1,500,10000,500,recompute,7495,-0.6630765353541634,-0.5735442090275902,0.08953232632657326,0.04513936063686108,outputs/benchmark_shapley_estimators/acs_job42594737_xgboost_ease_fo_updates3/logs/GELS_seed2033.log,outputs/benchmark_shapley_estimators/acs_job42594737_xgboost_ease_fo_updates3/per_run/GELS_seed2033.json,{}
ok,main,group_testing,Group testing,group_testing,7,2033,200,10,500,1,260.2171708099777,260.25918085704325,260.2171708099777,5.313998553901911e-05,0.291431209014263,259.92419883981347,0.00141481205355376,3.1159725040197372e-06,0.0,0.0,6.969313835725188e-05,260.2171708099777,0.0,0.0,0.0,0,[],not_configured,serial,1,500,10000,500,recompute,7495,-0.6630765353541634,-0.5735442090275902,0.08953232632657326,-0.3808314430309431,outputs/benchmark_shapley_estimators/acs_job42594737_xgboost_ease_fo_updates3/logs/group_testing_seed2033.log,outputs/benchmark_shapley_estimators/acs_job42594737_xgboost_ease_fo_updates3/per_run/group_testing_seed2033.json,{}
ok,main,SHAP_IQ,SHAP-IQ,SHAP_IQ,7,2033,200,10,500,1,263.89794034603983,263.9408875380177,263.89794034603983,0.09807836904656142,0.29690532496897504,263.4970713480143,0.005773817945737392,1.8855964299291372e-05,0.0,0.0,9.263009997084737e-05,263.89794034603983,0.0,0.0,0.0,0,[],not_configured,serial,1,500,10000,500,recompute,7527,-0.6630765353541634,-0.5735442090275902,0.08953232632657326,0.08953232632657329,outputs/benchmark_shapley_estimators/acs_job42594737_xgboost_ease_fo_updates3/logs/SHAP_IQ_seed2033.log,outputs/benchmark_shapley_estimators/acs_job42594737_xgboost_ease_fo_updates3/per_run/SHAP_IQ_seed2033.json,{}
ok,main,kernelSHAP,kernelSHAP,kernelSHAP,7,2033,200,10,500,1,263.9186569779995,263.96204709401354,263.90464586700546,0.10518942400813103,0.29309810808626935,263.49928504013224,0.020959914778359234,1.6701000276952982e-05,0.0,0.0,0.00010778999421745539,263.9039587340085,0.014698243991006166,0.014011110994033515,0.0006871329969726503,20,['_estimate'],wrapped:_estimate,serial,1,500,10000,500,recompute,7527,-0.6630765353541634,-0.5735442090275902,0.08953232632657326,0.08953232632657288,outputs/benchmark_shapley_estimators/acs_job42594737_xgboost_ease_fo_updates3/logs/kernelSHAP_seed2033.log,outputs/benchmark_shapley_estimators/acs_job42594737_xgboost_ease_fo_updates3/per_run/kernelSHAP_seed2033.json,{}
ok,main,GELS,GELS,GELS,8,2034,200,10,500,1,259.39773010701174,259.44049529603217,259.39773010701174,7.728597847744823e-05,0.2987877751002088,259.0953349491465,0.0034555240999907255,3.856956027448177e-06,0.0,0.0,7.071573054417968e-05,259.39773010701174,0.0,0.0,0.0,0,[],not_configured,serial,1,500,10000,500,recompute,7519,-0.6630765353541634,-0.5735442090275902,0.08953232632657326,0.09830849893217763,outputs/benchmark_shapley_estimators/acs_job42594737_xgboost_ease_fo_updates3/logs/GELS_seed2034.log,outputs/benchmark_shapley_estimators/acs_job42594737_xgboost_ease_fo_updates3/per_run/GELS_seed2034.json,{}
ok,main,EaseSHAP_size_player,EASE-SP,EaseSHAP,7,2033,200,10,500,1,267.94875417801086,267.99267812701873,264.65019624703564,2.6436766760307364,0.08766550687141716,261.4810071011307,3.504723475954961,0.2315825989935547,0.0,0.0,9.881902951747179e-05,264.4186978370417,3.5300563409691676,3.298557930975221,0.23149840999394655,21,['_engine._readout_estimate'],wrapped:_engine._readout_estimate,serial,1,500,9898,500,recompute,8834,-0.6630765353541634,-0.5735442090275902,0.08953232632657326,0.08953232632657235,outputs/benchmark_shapley_estimators/acs_job42594737_xgboost_ease_fo_updates3/logs/EaseSHAP_size_player_seed2033.log,outputs/benchmark_shapley_estimators/acs_job42594737_xgboost_ease_fo_updates3/per_run/EaseSHAP_size_player_seed2033.json,"{""boundary_order"": 1, ""boundary_policy"": ""fixed"", ""exact_boundary_handling"": true, ""include_nonlinear_size_terms"": false, ""num_folds"": 2, ""pilot_fraction"": 0.2, ""surrogate_basis"": ""size_player"", ""surrogate_correction_max_iter"": 10, ""surrogate_correction_solver_mode"": ""matrix_free"", ""surrogate_r_correction_alpha"": 1.0, ""surrogate_readout_mode"": ""crossfit"", ""surrogate_ridge_lambda"": 1.0, ""surrogate_ridge_scaling"": ""size_trace"", ""surrogate_ridge_schedule"": ""fixed"", ""surrogate_solver_mode"": ""size_player"", ""surrogate_stats_backend"": ""exact_conditional"", ""surrogate_u_correction_alpha"": 1.0, ""use_complement_sampling"": true}"
ok,main,complement,Complement,complement,7,2033,200,10,500,1,264.47203720000107,264.5159241509973,264.47203720000107,4.402297781780362e-05,0.06719752080971375,264.27086292096647,0.1338389879092574,4.7390349209308624e-06,0.0,0.0,8.90083028934896e-05,264.47203720000107,0.0,0.0,0.0,0,[],not_configured,serial,1,500,5000,250,recompute,9440,-0.6630765353541634,-0.5735442090275902,0.08953232632657326,0.08886613521826794,outputs/benchmark_shapley_estimators/acs_job42594737_xgboost_ease_fo_updates3/logs/complement_seed2033.log,outputs/benchmark_shapley_estimators/acs_job42594737_xgboost_ease_fo_updates3/per_run/complement_seed2033.json,{}
ok,main,LeverageSHAP,LeverageSHAP,LeverageSHAP,7,2033,200,10,500,1,265.55113763699774,265.5940321389935,265.5414078501635,0.09883686696412042,0.08189422817667946,265.3519957620301,0.017444846860598773,0.0008604900212958455,0.0,0.0,0.00010544294491410255,265.5409109451575,0.010226691840216517,0.009729786834213883,0.0004969050060026348,20,['_estimate'],wrapped:_estimate,serial,1,500,9998,500,recompute,9666,-0.6630765353541634,-0.5735442090275902,0.08953232632657326,0.08953232632657325,outputs/benchmark_shapley_estimators/acs_job42594737_xgboost_ease_fo_updates3/logs/LeverageSHAP_seed2033.log,outputs/benchmark_shapley_estimators/acs_job42594737_xgboost_ease_fo_updates3/per_run/LeverageSHAP_seed2033.json,"{""sampling_with_replacement"": true}"
ok,main,OFA_fixed,OFA,OFA_fixed,7,2033,200,10,500,1,268.41405535297235,268.45787319302326,268.41405535297235,2.680423145997338,0.29139097296865657,264.96758463501465,0.4745399039820768,1.9738043192774057e-05,0.0,0.0,9.695696644484997e-05,268.41405535297235,0.0,0.0,0.0,0,[],not_configured,serial,1,500,10000,500,recompute,9845,-0.6630765353541634,-0.5735442090275902,0.08953232632657326,0.0893641477369523,outputs/benchmark_shapley_estimators/acs_job42594737_xgboost_ease_fo_updates3/logs/OFA_fixed_seed2033.log,outputs/benchmark_shapley_estimators/acs_job42594737_xgboost_ease_fo_updates3/per_run/OFA_fixed_seed2033.json,{}
ok,main,improved_AME,Improved AME,improved_AME,7,2033,200,10,500,1,266.3983206170378,266.441572761978,266.3983206170378,3.218097845092416e-05,0.050415995123330504,266.3425907411147,0.005210376926697791,3.0760420486330986e-06,0.0,0.0,6.824685260653496e-05,266.3983206170378,0.0,0.0,0.0,0,[],not_configured,serial,1,500,10000,500,recompute,9292,-0.6630765353541634,-0.5735442090275902,0.08953232632657326,-0.010090053985272733,outputs/benchmark_shapley_estimators/acs_job42594737_xgboost_ease_fo_updates3/logs/improved_AME_seed2033.log,outputs/benchmark_shapley_estimators/acs_job42594737_xgboost_ease_fo_updates3/per_run/improved_AME_seed2033.json,{}
ok,main,EaseSHAP_interaction_nonlinear,EASE-FO,EaseSHAP,8,2034,200,10,500,1,265.1758345050039,265.2194671470206,265.11320001410786,2.6255290050175972,0.08770229091169313,262.3506759470911,0.10621344193350524,0.0056162719847634435,0.0,0.0,9.754806524142623e-05,265.10764795413706,0.06818655086681247,0.06263449089601636,0.005552059970796108,21,['_engine._readout_estimate'],wrapped:_engine._readout_estimate,serial,1,500,9898,500,recompute,9126,-0.6630765353541634,-0.5735442090275902,0.08953232632657326,0.08953232632657326,outputs/benchmark_shapley_estimators/acs_job42594737_xgboost_ease_fo_updates3/logs/EaseSHAP_interaction_nonlinear_seed2034.log,outputs/benchmark_shapley_estimators/acs_job42594737_xgboost_ease_fo_updates3/per_run/EaseSHAP_interaction_nonlinear_seed2034.json,"{""boundary_order"": 1, ""boundary_policy"": ""fixed"", ""exact_boundary_handling"": true, ""include_nonlinear_size_terms"": true, ""num_folds"": 2, ""pilot_design_updates"": 3, ""pilot_fraction"": 0.2, ""surrogate_basis"": 1, ""surrogate_readout_mode"": ""crossfit"", ""surrogate_ridge_lambda"": 0.01, ""surrogate_ridge_schedule"": ""times_m"", ""use_complement_sampling"": true}"
ok,main,RegressionMSR_unbiased,RegressionMSR,RegressionMSR_unbiased,7,2033,200,10,500,1,265.9844639779767,266.0282611589646,265.8257295379881,0.0011569579946808517,0.36693398997886106,265.4385658929241,0.17718913516728207,4.938978236168623e-06,0.0,0.0,0.0006130629335530102,265.80903415201465,0.17542982596205547,0.15873443998862058,0.016695385973434895,20,['_run_kfold'],wrapped:_run_kfold,serial,1,500,10000,500,recompute,9650,-0.6630765353541634,-0.5735442090275902,0.08953232632657326,0.08953232632657339,outputs/benchmark_shapley_estimators/acs_job42594737_xgboost_ease_fo_updates3/logs/RegressionMSR_unbiased_seed2033.log,outputs/benchmark_shapley_estimators/acs_job42594737_xgboost_ease_fo_updates3/per_run/RegressionMSR_unbiased_seed2033.json,"{""num_folds"": 2, ""paired_sampling"": null, ""sampling_with_replacement"": true}"
ok,main,SHAP_IQ,SHAP-IQ,SHAP_IQ,8,2034,200,10,500,1,263.0216198019916,263.06486429297365,263.0216198019916,0.09657543001230806,0.2939258849946782,262.62517496186774,0.005837247124873102,2.0077975932508707e-05,0.0,0.0,8.620001608505845e-05,263.0216198019916,0.0,0.0,0.0,0,[],not_configured,serial,1,500,10000,500,recompute,7537,-0.6630765353541634,-0.5735442090275902,0.08953232632657326,0.08953232632657329,outputs/benchmark_shapley_estimators/acs_job42594737_xgboost_ease_fo_updates3/logs/SHAP_IQ_seed2034.log,outputs/benchmark_shapley_estimators/acs_job42594737_xgboost_ease_fo_updates3/per_run/SHAP_IQ_seed2034.json,{}
ok,main,kernelSHAP,kernelSHAP,kernelSHAP,8,2034,200,10,500,1,262.3928436579881,262.43655108002713,262.3790073929704,0.10033022699644789,0.29327832302078605,261.9784548181342,0.02066026406828314,1.7312995623797178e-05,0.0,0.0,0.00010271277278661728,262.3782883589738,0.014555299014318734,0.013836265017744154,0.0007190339965745807,20,['_estimate'],wrapped:_estimate,serial,1,500,10000,500,recompute,7537,-0.6630765353541634,-0.5735442090275902,0.08953232632657326,0.0895323263265724,outputs/benchmark_shapley_estimators/acs_job42594737_xgboost_ease_fo_updates3/logs/kernelSHAP_seed2034.log,outputs/benchmark_shapley_estimators/acs_job42594737_xgboost_ease_fo_updates3/per_run/kernelSHAP_seed2034.json,{}
ok,main,permutation,Permutation,permutation,7,2033,200,10,500,1,267.9931299649761,268.03565511200577,267.9931299649761,3.487500362098217e-05,0.001469736045692116,267.990886412852,0.0006825031014159322,3.1660310924053192e-06,0.0,0.0,5.327194230630994e-05,267.9931299649761,0.0,0.0,0.0,0,[],not_configured,serial,1,500,200,10,recompute,9463,-0.6630765353541634,-0.5735442090275902,0.08953232632657326,0.08953232632657325,outputs/benchmark_shapley_estimators/acs_job42594737_xgboost_ease_fo_updates3/logs/permutation_seed2033.log,outputs/benchmark_shapley_estimators/acs_job42594737_xgboost_ease_fo_updates3/per_run/permutation_seed2033.json,{}
ok,main,OFA_baseline,OFA baseline,OFA_baseline,8,2034,200,10,500,1,265.00081757002044,265.0443612149684,265.00081757002044,7.571297464892268e-05,0.0013823911431245506,264.9978072119411,0.001493253861553967,3.7070130929350853e-06,0.0,0.0,5.529308691620827e-05,265.00081757002044,0.0,0.0,0.0,0,[],not_configured,serial,1,500,100,5,recompute,9466,-0.6630765353541634,-0.5735442090275902,0.08953232632657326,0.08731721649474207,outputs/benchmark_shapley_estimators/acs_job42594737_xgboost_ease_fo_updates3/logs/OFA_baseline_seed2034.log,outputs/benchmark_shapley_estimators/acs_job42594737_xgboost_ease_fo_updates3/per_run/OFA_baseline_seed2034.json,{}
ok,main,group_testing,Group testing,group_testing,8,2034,200,10,500,1,260.5002689359826,260.5433286400512,260.5002689359826,5.683698691427708e-05,0.29367478482890874,260.20505391503684,0.0013911809655837715,1.7712998669594526e-05,0.0,0.0,7.450516568496823e-05,260.5002689359826,0.0,0.0,0.0,0,[],not_configured,serial,1,500,10000,500,recompute,7519,-0.6630765353541634,-0.5735442090275902,0.08953232632657326,-0.911841247476319,outputs/benchmark_shapley_estimators/acs_job42594737_xgboost_ease_fo_updates3/logs/group_testing_seed2034.log,outputs/benchmark_shapley_estimators/acs_job42594737_xgboost_ease_fo_updates3/per_run/group_testing_seed2034.json,{}
ok,main,EaseSHAP_size_player,EASE-SP,EaseSHAP,8,2034,200,10,500,1,268.0963876590249,268.140144885052,264.9266200151178,2.6326649069669656,0.08684867405099794,261.77770090592094,3.365700629015919,0.23337718698894605,0.0,0.0,9.535608114674687e-05,264.6932715331204,3.4031161259044893,3.1697676439071074,0.2333484819973819,21,['_engine._readout_estimate'],wrapped:_engine._readout_estimate,serial,1,500,9898,500,recompute,8962,-0.6630765353541634,-0.5735442090275902,0.08953232632657326,0.089532326326572,outputs/benchmark_shapley_estimators/acs_job42594737_xgboost_ease_fo_updates3/logs/EaseSHAP_size_player_seed2034.log,outputs/benchmark_shapley_estimators/acs_job42594737_xgboost_ease_fo_updates3/per_run/EaseSHAP_size_player_seed2034.json,"{""boundary_order"": 1, ""boundary_policy"": ""fixed"", ""exact_boundary_handling"": true, ""include_nonlinear_size_terms"": false, ""num_folds"": 2, ""pilot_fraction"": 0.2, ""surrogate_basis"": ""size_player"", ""surrogate_correction_max_iter"": 10, ""surrogate_correction_solver_mode"": ""matrix_free"", ""surrogate_r_correction_alpha"": 1.0, ""surrogate_readout_mode"": ""crossfit"", ""surrogate_ridge_lambda"": 1.0, ""surrogate_ridge_scaling"": ""size_trace"", ""surrogate_ridge_schedule"": ""fixed"", ""surrogate_solver_mode"": ""size_player"", ""surrogate_stats_backend"": ""exact_conditional"", ""surrogate_u_correction_alpha"": 1.0, ""use_complement_sampling"": true}"
ok,main,improved_AME,Improved AME,improved_AME,8,2034,200,10,500,1,265.33980028203223,265.3833707870217,265.33980028203223,5.0283968448638916e-05,0.050785910920239985,265.2835923981038,0.0053005480440333486,2.986053004860878e-06,0.0,0.0,6.815494270995259e-05,265.33980028203223,0.0,0.0,0.0,0,[],not_configured,serial,1,500,10000,500,recompute,9304,-0.6630765353541634,-0.5735442090275902,0.08953232632657326,0.1780838725061418,outputs/benchmark_shapley_estimators/acs_job42594737_xgboost_ease_fo_updates3/logs/improved_AME_seed2034.log,outputs/benchmark_shapley_estimators/acs_job42594737_xgboost_ease_fo_updates3/per_run/improved_AME_seed2034.json,{}
ok,main,OFA_fixed,OFA,OFA_fixed,8,2034,200,10,500,1,268.82670184399467,268.8701919569867,268.82670184399467,2.7130567739950493,0.294927847920917,265.34457341209054,0.474017895932775,1.8716033082455397e-05,0.0,0.0,0.00010719802230596542,268.82670184399467,0.0,0.0,0.0,0,[],not_configured,serial,1,500,10000,500,recompute,9852,-0.6630765353541634,-0.5735442090275902,0.08953232632657326,0.08957370570242658,outputs/benchmark_shapley_estimators/acs_job42594737_xgboost_ease_fo_updates3/logs/OFA_fixed_seed2034.log,outputs/benchmark_shapley_estimators/acs_job42594737_xgboost_ease_fo_updates3/per_run/OFA_fixed_seed2034.json,{}
ok,main,complement,Complement,complement,8,2034,200,10,500,1,264.6754572459613,264.71872467000503,264.6754572459613,5.822000093758106e-05,0.06676982901990414,264.47486147703603,0.13367469003424048,4.137982614338398e-06,0.0,0.0,8.889188757166266e-05,264.6754572459613,0.0,0.0,0.0,0,[],not_configured,serial,1,500,5000,250,recompute,9460,-0.6630765353541634,-0.5735442090275902,0.08953232632657326,0.09062703675246446,outputs/benchmark_shapley_estimators/acs_job42594737_xgboost_ease_fo_updates3/logs/complement_seed2034.log,outputs/benchmark_shapley_estimators/acs_job42594737_xgboost_ease_fo_updates3/per_run/complement_seed2034.json,{}
ok,main,LeverageSHAP,LeverageSHAP,LeverageSHAP,8,2034,200,10,500,1,267.02662564098136,267.0704996070126,267.0170589739573,0.09873709897510707,0.08090375195024535,266.8287412461359,0.0172942029312253,0.0008323770016431808,0.0,0.0,0.00011696398723870516,267.0165706849657,0.010054956015665084,0.009566667024046183,0.0004882889916189015,20,['_estimate'],wrapped:_estimate,serial,1,500,9998,500,recompute,9656,-0.6630765353541634,-0.5735442090275902,0.08953232632657326,0.08953232632657326,outputs/benchmark_shapley_estimators/acs_job42594737_xgboost_ease_fo_updates3/logs/LeverageSHAP_seed2034.log,outputs/benchmark_shapley_estimators/acs_job42594737_xgboost_ease_fo_updates3/per_run/LeverageSHAP_seed2034.json,"{""sampling_with_replacement"": true}"
ok,main,sampling_lift,Sampling lift,sampling_lift,8,2034,200,10,500,1,271.2799616580014,271.3286233660183,271.2799616580014,4.824000643566251e-05,0.00110795593354851,271.27802070393227,0.0007310560322366655,3.4060212783515453e-06,0.0,0.0,5.029607564210892e-05,271.2799616580014,0.0,0.0,0.0,0,[],not_configured,serial,1,500,100,5,recompute,4942,-0.6630765353541634,-0.5735442090275902,0.08953232632657326,0.07989750296746666,outputs/benchmark_shapley_estimators/acs_job42594737_xgboost_ease_fo_updates3/logs/sampling_lift_seed2034.log,outputs/benchmark_shapley_estimators/acs_job42594737_xgboost_ease_fo_updates3/per_run/sampling_lift_seed2034.json,{}
ok,main,permutation,Permutation,permutation,8,2034,200,10,500,1,269.29698371101404,269.34078350802884,269.29698371101404,5.6746997870504856e-05,0.0015402009594254196,269.294563783973,0.0007626949809491634,3.156019374728203e-06,0.0,0.0,5.712808342650533e-05,269.29698371101404,0.0,0.0,0.0,0,[],not_configured,serial,1,500,200,10,recompute,9466,-0.6630765353541634,-0.5735442090275902,0.08953232632657326,0.08953232632657326,outputs/benchmark_shapley_estimators/acs_job42594737_xgboost_ease_fo_updates3/logs/permutation_seed2034.log,outputs/benchmark_shapley_estimators/acs_job42594737_xgboost_ease_fo_updates3/per_run/permutation_seed2034.json,{}
ok,main,EaseSHAP_interaction_nonlinear,EASE-FO,EaseSHAP,9,2035,200,10,500,1,265.5768960239948,265.6204669189756,265.51369529310614,2.6349726019543596,0.08742601913399994,262.7422723520431,0.10654010897269472,0.005590623011812568,0.0,0.0,9.43188788369298e-05,265.5081313700648,0.06876465392997488,0.06320073088863865,0.005563923041336238,21,['_engine._readout_estimate'],wrapped:_engine._readout_estimate,serial,1,500,9898,500,recompute,9276,-0.6630765353541634,-0.5735442090275902,0.08953232632657326,0.08953232632657332,outputs/benchmark_shapley_estimators/acs_job42594737_xgboost_ease_fo_updates3/logs/EaseSHAP_interaction_nonlinear_seed2035.log,outputs/benchmark_shapley_estimators/acs_job42594737_xgboost_ease_fo_updates3/per_run/EaseSHAP_interaction_nonlinear_seed2035.json,"{""boundary_order"": 1, ""boundary_policy"": ""fixed"", ""exact_boundary_handling"": true, ""include_nonlinear_size_terms"": true, ""num_folds"": 2, ""pilot_design_updates"": 3, ""pilot_fraction"": 0.2, ""surrogate_basis"": 1, ""surrogate_readout_mode"": ""crossfit"", ""surrogate_ridge_lambda"": 0.01, ""surrogate_ridge_schedule"": ""times_m"", ""use_complement_sampling"": true}"
ok,main,RegressionMSR_unbiased,RegressionMSR,RegressionMSR_unbiased,8,2034,200,10,500,1,266.98843658395344,267.0345767160179,266.82809149095556,0.000843668996822089,0.37336325307842344,266.43529534200206,0.178860092186369,5.149049684405327e-06,0.0,0.0,6.907864008098841e-05,266.81126740196487,0.17716918198857456,0.16034509299788624,0.016824088990688324,20,['_run_kfold'],wrapped:_run_kfold,serial,1,500,10000,500,recompute,9670,-0.6630765353541634,-0.5735442090275902,0.08953232632657326,0.0895323263265733,outputs/benchmark_shapley_estimators/acs_job42594737_xgboost_ease_fo_updates3/logs/RegressionMSR_unbiased_seed2034.log,outputs/benchmark_shapley_estimators/acs_job42594737_xgboost_ease_fo_updates3/per_run/RegressionMSR_unbiased_seed2034.json,"{""num_folds"": 2, ""paired_sampling"": null, ""sampling_with_replacement"": true}"
ok,main,EaseSHAP_size_player,EASE-SP,EaseSHAP,9,2035,200,10,500,1,269.79007224499946,269.83468316699145,266.4979204789852,2.634059422998689,0.08786094799870625,263.3418138269335,3.494056182797067,0.23218282801099122,0.0,0.0,9.903626050800085e-05,266.26579201297136,3.5242802320281044,3.2921517660142854,0.23212846601381898,21,['_engine._readout_estimate'],wrapped:_engine._readout_estimate,serial,1,500,9898,500,recompute,9684,-0.6630765353541634,-0.5735442090275902,0.08953232632657326,0.08953232632657133,outputs/benchmark_shapley_estimators/acs_job42594737_xgboost_ease_fo_updates3/logs/EaseSHAP_size_player_seed2035.log,outputs/benchmark_shapley_estimators/acs_job42594737_xgboost_ease_fo_updates3/per_run/EaseSHAP_size_player_seed2035.json,"{""boundary_order"": 1, ""boundary_policy"": ""fixed"", ""exact_boundary_handling"": true, ""include_nonlinear_size_terms"": false, ""num_folds"": 2, ""pilot_fraction"": 0.2, ""surrogate_basis"": ""size_player"", ""surrogate_correction_max_iter"": 10, ""surrogate_correction_solver_mode"": ""matrix_free"", ""surrogate_r_correction_alpha"": 1.0, ""surrogate_readout_mode"": ""crossfit"", ""surrogate_ridge_lambda"": 1.0, ""surrogate_ridge_scaling"": ""size_trace"", ""surrogate_ridge_schedule"": ""fixed"", ""surrogate_solver_mode"": ""size_player"", ""surrogate_stats_backend"": ""exact_conditional"", ""surrogate_u_correction_alpha"": 1.0, ""use_complement_sampling"": true}"
ok,main,sampling_lift,Sampling lift,sampling_lift,9,2035,200,10,500,1,257.1619354690192,257.20452990499325,257.1619354690192,3.5325996577739716e-05,0.0010028437827713788,257.1601822161465,0.0006656739860773087,3.687047865241766e-06,0.0,0.0,4.5722059439867735e-05,257.1619354690192,0.0,0.0,0.0,0,[],not_configured,serial,1,500,100,5,recompute,4831,-0.6630765353541634,-0.5735442090275902,0.08953232632657326,0.1489832547265295,outputs/benchmark_shapley_estimators/acs_job42594737_xgboost_ease_fo_updates3/logs/sampling_lift_seed2035.log,outputs/benchmark_shapley_estimators/acs_job42594737_xgboost_ease_fo_updates3/per_run/sampling_lift_seed2035.json,{}
ok,main,OFA_fixed,OFA,OFA_fixed,9,2035,200,10,500,1,268.2499624280026,268.29355773801217,268.2499624280026,2.6875149219995365,0.29311883001355454,264.79075836297125,0.4784498009830713,2.0790030248463154e-05,0.0,0.0,9.972200496122241e-05,268.2499624280026,0.0,0.0,0.0,0,[],not_configured,serial,1,500,10000,500,recompute,9882,-0.6630765353541634,-0.5735442090275902,0.08953232632657326,0.08926423417369884,outputs/benchmark_shapley_estimators/acs_job42594737_xgboost_ease_fo_updates3/logs/OFA_fixed_seed2035.log,outputs/benchmark_shapley_estimators/acs_job42594737_xgboost_ease_fo_updates3/per_run/OFA_fixed_seed2035.json,{}
ok,main,OFA_baseline,OFA baseline,OFA_baseline,9,2035,200,10,500,1,263.99370282900054,264.0367150719976,263.99370282900054,5.773897282779217e-05,0.001374988874886185,263.9907495790976,0.001464561966713518,3.2469979487359524e-06,0.0,0.0,5.271309055387974e-05,263.99370282900054,0.0,0.0,0.0,0,[],not_configured,serial,1,500,100,5,recompute,9478,-0.6630765353541634,-0.5735442090275902,0.08953232632657326,0.0884984072741721,outputs/benchmark_shapley_estimators/acs_job42594737_xgboost_ease_fo_updates3/logs/OFA_baseline_seed2035.log,outputs/benchmark_shapley_estimators/acs_job42594737_xgboost_ease_fo_updates3/per_run/OFA_baseline_seed2035.json,{}
ok,main,SHAP_IQ,SHAP-IQ,SHAP_IQ,9,2035,200,10,500,1,263.68724048900185,263.7302741530002,263.68724048900185,0.11176369799068198,0.2962169861420989,263.2730042031035,0.006147921027150005,1.7602986190468073e-05,0.0,0.0,9.007775224745274e-05,263.68724048900185,0.0,0.0,0.0,0,[],not_configured,serial,1,500,10000,500,recompute,7685,-0.6630765353541634,-0.5735442090275902,0.08953232632657326,0.08953232632657336,outputs/benchmark_shapley_estimators/acs_job42594737_xgboost_ease_fo_updates3/logs/SHAP_IQ_seed2035.log,outputs/benchmark_shapley_estimators/acs_job42594737_xgboost_ease_fo_updates3/per_run/SHAP_IQ_seed2035.json,{}
ok,main,kernelSHAP,kernelSHAP,kernelSHAP,9,2035,200,10,500,1,262.6546447359724,262.69756958499784,262.6404872989515,0.09527384903049096,0.2940269081154838,262.244091288012,0.02112440107157454,1.791398972272873e-05,0.0,0.0,0.00011037575313821435,262.6397964489879,0.014848286984488368,0.014157437020912766,0.0006908499635756016,20,['_estimate'],wrapped:_estimate,serial,1,500,10000,500,recompute,7685,-0.6630765353541634,-0.5735442090275902,0.08953232632657326,0.08953232632657349,outputs/benchmark_shapley_estimators/acs_job42594737_xgboost_ease_fo_updates3/logs/kernelSHAP_seed2035.log,outputs/benchmark_shapley_estimators/acs_job42594737_xgboost_ease_fo_updates3/per_run/kernelSHAP_seed2035.json,{}
ok,main,GELS,GELS,GELS,9,2035,200,10,500,1,264.36846657301066,264.4107774469885,264.36846657301066,9.269401198253036e-05,0.2984713247860782,264.06629686785163,0.003522771061398089,3.056018613278866e-06,0.0,0.0,7.98592809587717e-05,264.36846657301066,0.0,0.0,0.0,0,[],not_configured,serial,1,500,10000,500,recompute,7605,-0.6630765353541634,-0.5735442090275902,0.08953232632657326,0.1036052002456036,outputs/benchmark_shapley_estimators/acs_job42594737_xgboost_ease_fo_updates3/logs/GELS_seed2035.log,outputs/benchmark_shapley_estimators/acs_job42594737_xgboost_ease_fo_updates3/per_run/GELS_seed2035.json,{}
ok,main,complement,Complement,complement,9,2035,200,10,500,1,262.22208984399913,262.26523653103504,262.22208984399913,5.097599932923913e-05,0.06681573606329039,262.02163889002986,0.13350323698250577,3.888038918375969e-06,0.0,0.0,7.71168852224946e-05,262.22208984399913,0.0,0.0,0.0,0,[],not_configured,serial,1,500,5000,250,recompute,9414,-0.6630765353541634,-0.5735442090275902,0.08953232632657326,0.0884775090885279,outputs/benchmark_shapley_estimators/acs_job42594737_xgboost_ease_fo_updates3/logs/complement_seed2035.log,outputs/benchmark_shapley_estimators/acs_job42594737_xgboost_ease_fo_updates3/per_run/complement_seed2035.json,{}
ok,main,improved_AME,Improved AME,improved_AME,9,2035,200,10,500,1,265.6918598829652,265.7349456239608,265.6918598829652,5.236902507022023e-05,0.05003723199479282,265.63639437395614,0.005297789059113711,4.820001777261496e-06,0.0,0.0,7.329892832785845e-05,265.6918598829652,0.0,0.0,0.0,0,[],not_configured,serial,1,500,10000,500,recompute,9283,-0.6630765353541634,-0.5735442090275902,0.08953232632657326,0.13798037659939924,outputs/benchmark_shapley_estimators/acs_job42594737_xgboost_ease_fo_updates3/logs/improved_AME_seed2035.log,outputs/benchmark_shapley_estimators/acs_job42594737_xgboost_ease_fo_updates3/per_run/improved_AME_seed2035.json,{}
ok,main,LeverageSHAP,LeverageSHAP,LeverageSHAP,9,2035,200,10,500,1,266.0186976309633,266.0629962060484,266.0089962108759,0.10927521402481943,0.0811032981146127,265.81014110619435,0.017185217060614377,0.0008857880020514131,0.0,0.0,0.00010700756683945656,266.008491560875,0.010206070088315755,0.009701420087367296,0.0005046500009484589,20,['_estimate'],wrapped:_estimate,serial,1,500,9998,500,recompute,9648,-0.6630765353541634,-0.5735442090275902,0.08953232632657326,0.08953232632657326,outputs/benchmark_shapley_estimators/acs_job42594737_xgboost_ease_fo_updates3/logs/LeverageSHAP_seed2035.log,outputs/benchmark_shapley_estimators/acs_job42594737_xgboost_ease_fo_updates3/per_run/LeverageSHAP_seed2035.json,"{""sampling_with_replacement"": true}"
ok,main,EaseSHAP_interaction_nonlinear,EASE-FO,EaseSHAP,10,2036,200,10,500,1,264.74407743499614,264.787850711029,264.6808196371421,2.6203669869573787,0.08757500804495066,261.9235183840501,0.10685056797228754,0.005669853009749204,0.0,0.0,9.663496166467667e-05,264.67523144814186,0.068845986854285,0.06325779785402119,0.00558818900026381,21,['_engine._readout_estimate'],wrapped:_engine._readout_estimate,serial,1,500,9898,500,recompute,9424,-0.6630765353541634,-0.5735442090275902,0.08953232632657326,0.08953232632657315,outputs/benchmark_shapley_estimators/acs_job42594737_xgboost_ease_fo_updates3/logs/EaseSHAP_interaction_nonlinear_seed2036.log,outputs/benchmark_shapley_estimators/acs_job42594737_xgboost_ease_fo_updates3/per_run/EaseSHAP_interaction_nonlinear_seed2036.json,"{""boundary_order"": 1, ""boundary_policy"": ""fixed"", ""exact_boundary_handling"": true, ""include_nonlinear_size_terms"": true, ""num_folds"": 2, ""pilot_design_updates"": 3, ""pilot_fraction"": 0.2, ""surrogate_basis"": 1, ""surrogate_readout_mode"": ""crossfit"", ""surrogate_ridge_lambda"": 0.01, ""surrogate_ridge_schedule"": ""times_m"", ""use_complement_sampling"": true}"
ok,main,GELS,GELS,GELS,10,2036,200,10,500,1,262.62822360300925,262.67125104600564,262.62822360300925,0.00011262198677286506,0.29695213807281107,262.3275978049496,0.0034797361004166305,4.337984137237072e-06,0.0,0.0,7.696391548961401e-05,262.62822360300925,0.0,0.0,0.0,0,[],not_configured,serial,1,500,10000,500,recompute,7498,-0.6630765353541634,-0.5735442090275902,0.08953232632657326,0.09761585429962061,outputs/benchmark_shapley_estimators/acs_job42594737_xgboost_ease_fo_updates3/logs/GELS_seed2036.log,outputs/benchmark_shapley_estimators/acs_job42594737_xgboost_ease_fo_updates3/per_run/GELS_seed2036.json,{}
ok,main,group_testing,Group testing,group_testing,9,2035,200,10,500,1,265.8438234719797,265.88678675401025,265.8438234719797,3.71999922208488e-05,0.294225622958038,265.5480853469926,0.001400227949488908,3.1660310924053192e-06,0.0,0.0,7.190805627033114e-05,265.8438234719797,0.0,0.0,0.0,0,[],not_configured,serial,1,500,10000,500,recompute,7605,-0.6630765353541634,-0.5735442090275902,0.08953232632657326,0.5229249774004405,outputs/benchmark_shapley_estimators/acs_job42594737_xgboost_ease_fo_updates3/logs/group_testing_seed2035.log,outputs/benchmark_shapley_estimators/acs_job42594737_xgboost_ease_fo_updates3/per_run/group_testing_seed2035.json,{}
ok,main,RegressionMSR_unbiased,RegressionMSR,RegressionMSR_unbiased,9,2035,200,10,500,1,265.8974096290185,265.94192998099606,265.73787140107015,0.0010458179749548435,0.36397960514295846,265.35368506005034,0.178616518038325,4.959991201758385e-06,0.0,0.0,7.766782073304057e-05,265.7205216930597,0.1768879359588027,0.15953822794836015,0.017349708010442555,20,['_run_kfold'],wrapped:_run_kfold,serial,1,500,10000,500,recompute,9672,-0.6630765353541634,-0.5735442090275902,0.08953232632657326,0.08953232632657326,outputs/benchmark_shapley_estimators/acs_job42594737_xgboost_ease_fo_updates3/logs/RegressionMSR_unbiased_seed2035.log,outputs/benchmark_shapley_estimators/acs_job42594737_xgboost_ease_fo_updates3/per_run/RegressionMSR_unbiased_seed2035.json,"{""num_folds"": 2, ""paired_sampling"": null, ""sampling_with_replacement"": true}"
ok,main,permutation,Permutation,permutation,9,2035,200,10,500,1,268.13847065198934,268.18199379596626,268.13847065198934,5.351100116968155e-05,0.001512989867478609,268.1361358970753,0.0007116988999769092,4.1380408219993114e-06,0.0,0.0,5.2417104598134756e-05,268.13847065198934,0.0,0.0,0.0,0,[],not_configured,serial,1,500,200,10,recompute,9464,-0.6630765353541634,-0.5735442090275902,0.08953232632657326,0.08953232632657326,outputs/benchmark_shapley_estimators/acs_job42594737_xgboost_ease_fo_updates3/logs/permutation_seed2035.log,outputs/benchmark_shapley_estimators/acs_job42594737_xgboost_ease_fo_updates3/per_run/permutation_seed2035.json,{}
ok,main,OFA_baseline,OFA baseline,OFA_baseline,10,2036,200,10,500,1,265.2977617389988,265.3406845239806,265.2977617389988,7.087300764396787e-05,0.0014005929697304964,265.29470714891795,0.0015077480929903686,1.7812999431043863e-05,0.0,0.0,5.7563011068850756e-05,265.2977617389988,0.0,0.0,0.0,0,[],not_configured,serial,1,500,100,5,recompute,9469,-0.6630765353541634,-0.5735442090275902,0.08953232632657326,0.08881114535260037,outputs/benchmark_shapley_estimators/acs_job42594737_xgboost_ease_fo_updates3/logs/OFA_baseline_seed2036.log,outputs/benchmark_shapley_estimators/acs_job42594737_xgboost_ease_fo_updates3/per_run/OFA_baseline_seed2036.json,{}
ok,main,SHAP_IQ,SHAP-IQ,SHAP_IQ,10,2036,200,10,500,1,264.7326353430399,264.77590984100243,264.7326353430399,0.10661405499558896,0.29456390906125307,264.3255431558937,0.005801892082672566,1.8134014680981636e-05,0.0,0.0,9.4196991994977e-05,264.7326353430399,0.0,0.0,0.0,0,[],not_configured,serial,1,500,10000,500,recompute,7562,-0.6630765353541634,-0.5735442090275902,0.08953232632657326,0.08953232632657336,outputs/benchmark_shapley_estimators/acs_job42594737_xgboost_ease_fo_updates3/logs/SHAP_IQ_seed2036.log,outputs/benchmark_shapley_estimators/acs_job42594737_xgboost_ease_fo_updates3/per_run/SHAP_IQ_seed2036.json,{}
ok,main,improved_AME,Improved AME,improved_AME,10,2036,200,10,500,1,264.49410951999016,264.5373300850042,264.49410951999016,4.1247985791414976e-05,0.04995896003674716,264.4387688540737,0.005266231077257544,3.6269775591790676e-06,0.0,0.0,7.059983909130096e-05,264.49410951999016,0.0,0.0,0.0,0,[],not_configured,serial,1,500,10000,500,recompute,9292,-0.6630765353541634,-0.5735442090275902,0.08953232632657326,0.0962815266684752,outputs/benchmark_shapley_estimators/acs_job42594737_xgboost_ease_fo_updates3/logs/improved_AME_seed2036.log,outputs/benchmark_shapley_estimators/acs_job42594737_xgboost_ease_fo_updates3/per_run/improved_AME_seed2036.json,{}
ok,main,EaseSHAP_size_player,EASE-SP,EaseSHAP,10,2036,200,10,500,1,268.5780041679973,268.6222408960457,265.2523509107996,2.635315825988073,0.0864936409634538,262.0922316900105,3.5290340930223465,0.2348282450111583,0.0,0.0,0.00010067300172522664,265.017585312773,3.5604188552242704,3.3256532571977004,0.23476559802656993,21,['_engine._readout_estimate'],wrapped:_engine._readout_estimate,serial,1,500,9898,500,recompute,9342,-0.6630765353541634,-0.5735442090275902,0.08953232632657326,0.08953232632657217,outputs/benchmark_shapley_estimators/acs_job42594737_xgboost_ease_fo_updates3/logs/EaseSHAP_size_player_seed2036.log,outputs/benchmark_shapley_estimators/acs_job42594737_xgboost_ease_fo_updates3/per_run/EaseSHAP_size_player_seed2036.json,"{""boundary_order"": 1, ""boundary_policy"": ""fixed"", ""exact_boundary_handling"": true, ""include_nonlinear_size_terms"": false, ""num_folds"": 2, ""pilot_fraction"": 0.2, ""surrogate_basis"": ""size_player"", ""surrogate_correction_max_iter"": 10, ""surrogate_correction_solver_mode"": ""matrix_free"", ""surrogate_r_correction_alpha"": 1.0, ""surrogate_readout_mode"": ""crossfit"", ""surrogate_ridge_lambda"": 1.0, ""surrogate_ridge_scaling"": ""size_trace"", ""surrogate_ridge_schedule"": ""fixed"", ""surrogate_solver_mode"": ""size_player"", ""surrogate_stats_backend"": ""exact_conditional"", ""surrogate_u_correction_alpha"": 1.0, ""use_complement_sampling"": true}"
ok,main,OFA_fixed,OFA,OFA_fixed,10,2036,200,10,500,1,269.7040155879804,269.74747009400744,269.7040155879804,2.692325407988392,0.2956390440813266,266.23650314001134,0.4794171880930662,2.1220010239630938e-05,0.0,0.0,0.00010958779603242874,269.7040155879804,0.0,0.0,0.0,0,[],not_configured,serial,1,500,10000,500,recompute,9884,-0.6630765353541634,-0.5735442090275902,0.08953232632657326,0.08959273777896644,outputs/benchmark_shapley_estimators/acs_job42594737_xgboost_ease_fo_updates3/logs/OFA_fixed_seed2036.log,outputs/benchmark_shapley_estimators/acs_job42594737_xgboost_ease_fo_updates3/per_run/OFA_fixed_seed2036.json,{}
ok,main,LeverageSHAP,LeverageSHAP,LeverageSHAP,10,2036,200,10,500,1,265.33924178103916,265.38172149297316,265.3296092740493,0.09762211900670081,0.08114651992218569,265.14215002796846,0.017360796977300197,0.0008616620325483382,0.0,0.0,0.0001006551319733262,265.32910372305196,0.010138057987205684,0.009632506989873946,0.0005055509973317385,20,['_estimate'],wrapped:_estimate,serial,1,500,9998,500,recompute,9658,-0.6630765353541634,-0.5735442090275902,0.08953232632657326,0.08953232632657328,outputs/benchmark_shapley_estimators/acs_job42594737_xgboost_ease_fo_updates3/logs/LeverageSHAP_seed2036.log,outputs/benchmark_shapley_estimators/acs_job42594737_xgboost_ease_fo_updates3/per_run/LeverageSHAP_seed2036.json,"{""sampling_with_replacement"": true}"
ok,main,group_testing,Group testing,group_testing,10,2036,200,10,500,1,264.34306191903306,264.38666294002905,264.34306191903306,5.3189985919743776e-05,0.2965699749183841,264.0449262140319,0.0014320859918370843,3.1460076570510864e-06,0.0,0.0,7.730809738859534e-05,264.34306191903306,0.0,0.0,0.0,0,[],not_configured,serial,1,500,10000,500,recompute,7498,-0.6630765353541634,-0.5735442090275902,0.08953232632657326,0.14135455373789407,outputs/benchmark_shapley_estimators/acs_job42594737_xgboost_ease_fo_updates3/logs/group_testing_seed2036.log,outputs/benchmark_shapley_estimators/acs_job42594737_xgboost_ease_fo_updates3/per_run/group_testing_seed2036.json,{}
ok,main,complement,Complement,complement,10,2036,200,10,500,1,266.34776566701476,266.392057139019,266.34776566701476,6.025301991030574e-05,0.06764675688464195,266.1461322629475,0.13383797404821962,4.108005668967962e-06,0.0,0.0,8.431210881099105e-05,266.34776566701476,0.0,0.0,0.0,0,[],not_configured,serial,1,500,5000,250,recompute,9422,-0.6630765353541634,-0.5735442090275902,0.08953232632657326,0.08941097237252245,outputs/benchmark_shapley_estimators/acs_job42594737_xgboost_ease_fo_updates3/logs/complement_seed2036.log,outputs/benchmark_shapley_estimators/acs_job42594737_xgboost_ease_fo_updates3/per_run/complement_seed2036.json,{}
ok,main,kernelSHAP,kernelSHAP,kernelSHAP,10,2036,200,10,500,1,268.52597524796147,268.5709858739865,268.5119272750453,0.09883116401033476,0.29560318106086925,268.1103833831148,0.021040613879449666,1.8203980289399624e-05,0.0,0.0,9.87019157037139e-05,268.51122512301663,0.014750124944839627,0.014047972916159779,0.0007021520286798477,20,['_estimate'],wrapped:_estimate,serial,1,500,10000,500,recompute,7562,-0.6630765353541634,-0.5735442090275902,0.08953232632657326,0.0895323263265727,outputs/benchmark_shapley_estimators/acs_job42594737_xgboost_ease_fo_updates3/logs/kernelSHAP_seed2036.log,outputs/benchmark_shapley_estimators/acs_job42594737_xgboost_ease_fo_updates3/per_run/kernelSHAP_seed2036.json,{}
ok,main,RegressionMSR_unbiased,RegressionMSR,RegressionMSR_unbiased,10,2036,200,10,500,1,265.0445123059908,265.09078456502175,264.88099329691613,0.0009258029749616981,0.3647543319966644,264.49679166503483,0.18196193396579474,7.312977686524391e-06,0.0,0.0,7.125904085114598e-05,264.8642669529654,0.18024535302538425,0.16351900907466188,0.016726343950722367,20,['_run_kfold'],wrapped:_run_kfold,serial,1,500,10000,500,recompute,9662,-0.6630765353541634,-0.5735442090275902,0.08953232632657326,0.0895323263265734,outputs/benchmark_shapley_estimators/acs_job42594737_xgboost_ease_fo_updates3/logs/RegressionMSR_unbiased_seed2036.log,outputs/benchmark_shapley_estimators/acs_job42594737_xgboost_ease_fo_updates3/per_run/RegressionMSR_unbiased_seed2036.json,"{""num_folds"": 2, ""paired_sampling"": null, ""sampling_with_replacement"": true}"
ok,main,EaseSHAP_interaction_nonlinear,EASE-FO,EaseSHAP,11,2037,200,10,500,1,264.7910909859929,264.8348265509703,264.7286581900553,2.628753973986022,0.08733829093398526,261.96382197504863,0.1054108168464154,0.005674751999322325,0.0,0.0,9.117717854678631e-05,264.72303869208554,0.06805229390738532,0.06243279593763873,0.00561949796974659,21,['_engine._readout_estimate'],wrapped:_engine._readout_estimate,serial,1,500,9898,500,recompute,9460,-0.6630765353541634,-0.5735442090275902,0.08953232632657326,0.08953232632657328,outputs/benchmark_shapley_estimators/acs_job42594737_xgboost_ease_fo_updates3/logs/EaseSHAP_interaction_nonlinear_seed2037.log,outputs/benchmark_shapley_estimators/acs_job42594737_xgboost_ease_fo_updates3/per_run/EaseSHAP_interaction_nonlinear_seed2037.json,"{""boundary_order"": 1, ""boundary_policy"": ""fixed"", ""exact_boundary_handling"": true, ""include_nonlinear_size_terms"": true, ""num_folds"": 2, ""pilot_design_updates"": 3, ""pilot_fraction"": 0.2, ""surrogate_basis"": 1, ""surrogate_readout_mode"": ""crossfit"", ""surrogate_ridge_lambda"": 0.01, ""surrogate_ridge_schedule"": ""times_m"", ""use_complement_sampling"": true}"
ok,main,permutation,Permutation,permutation,10,2036,200,10,500,1,269.7482462620246,269.7918861769722,269.7482462620246,6.120605394244194e-05,0.0015354409697465599,269.74585368682165,0.0007401399197988212,3.105960786342621e-06,0.0,0.0,5.2682298701256514e-05,269.7482462620246,0.0,0.0,0.0,0,[],not_configured,serial,1,500,200,10,recompute,9468,-0.6630765353541634,-0.5735442090275902,0.08953232632657326,0.08953232632657326,outputs/benchmark_shapley_estimators/acs_job42594737_xgboost_ease_fo_updates3/logs/permutation_seed2036.log,outputs/benchmark_shapley_estimators/acs_job42594737_xgboost_ease_fo_updates3/per_run/permutation_seed2036.json,{}
ok,main,EaseSHAP_size_player,EASE-SP,EaseSHAP,11,2037,200,10,500,1,268.58026694197906,268.62447537697153,265.28113780519925,2.6299902310129255,0.08729825593763962,262.12510986818234,3.501772772928234,0.2359958119923249,0.0,0.0,0.00010000192560255527,265.04519968118984,3.5350672607892193,3.2991291367798112,0.23593812400940806,21,['_engine._readout_estimate'],wrapped:_engine._readout_estimate,serial,1,500,9898,500,recompute,9476,-0.6630765353541634,-0.5735442090275902,0.08953232632657326,0.08953232632657197,outputs/benchmark_shapley_estimators/acs_job42594737_xgboost_ease_fo_updates3/logs/EaseSHAP_size_player_seed2037.log,outputs/benchmark_shapley_estimators/acs_job42594737_xgboost_ease_fo_updates3/per_run/EaseSHAP_size_player_seed2037.json,"{""boundary_order"": 1, ""boundary_policy"": ""fixed"", ""exact_boundary_handling"": true, ""include_nonlinear_size_terms"": false, ""num_folds"": 2, ""pilot_fraction"": 0.2, ""surrogate_basis"": ""size_player"", ""surrogate_correction_max_iter"": 10, ""surrogate_correction_solver_mode"": ""matrix_free"", ""surrogate_r_correction_alpha"": 1.0, ""surrogate_readout_mode"": ""crossfit"", ""surrogate_ridge_lambda"": 1.0, ""surrogate_ridge_scaling"": ""size_trace"", ""surrogate_ridge_schedule"": ""fixed"", ""surrogate_solver_mode"": ""size_player"", ""surrogate_stats_backend"": ""exact_conditional"", ""surrogate_u_correction_alpha"": 1.0, ""use_complement_sampling"": true}"
ok,main,OFA_baseline,OFA baseline,OFA_baseline,11,2037,200,10,500,1,265.87491730303736,265.9182382579893,265.87491730303736,6.405101157724857e-05,0.001377423817757517,265.8719226460089,0.0014950430486351252,3.6159763112664223e-06,0.0,0.0,5.4523174185305834e-05,265.87491730303736,0.0,0.0,0.0,0,[],not_configured,serial,1,500,100,5,recompute,9469,-0.6630765353541634,-0.5735442090275902,0.08953232632657326,0.09160986109101803,outputs/benchmark_shapley_estimators/acs_job42594737_xgboost_ease_fo_updates3/logs/OFA_baseline_seed2037.log,outputs/benchmark_shapley_estimators/acs_job42594737_xgboost_ease_fo_updates3/per_run/OFA_baseline_seed2037.json,{}
ok,main,sampling_lift,Sampling lift,sampling_lift,10,2036,200,10,500,1,280.13981741899624,280.1834421060048,280.13981741899624,4.8711022827774286e-05,0.0010598058579489589,280.13797403889475,0.0006819319678470492,3.6170240491628647e-06,0.0,0.0,4.931422881782055e-05,280.13981741899624,0.0,0.0,0.0,0,[],not_configured,serial,1,500,100,5,recompute,4985,-0.6630765353541634,-0.5735442090275902,0.08953232632657326,0.09618166099753166,outputs/benchmark_shapley_estimators/acs_job42594737_xgboost_ease_fo_updates3/logs/sampling_lift_seed2036.log,outputs/benchmark_shapley_estimators/acs_job42594737_xgboost_ease_fo_updates3/per_run/sampling_lift_seed2036.json,{}
ok,main,OFA_fixed,OFA,OFA_fixed,11,2037,200,10,500,1,271.63673488696804,271.68050106999,271.63673488696804,2.6970368060283363,0.29331034707138315,268.16727015411016,0.4789979659835808,1.7952988855540752e-05,0.0,0.0,0.00010166078573092818,271.63673488696804,0.0,0.0,0.0,0,[],not_configured,serial,1,500,10000,500,recompute,9864,-0.6630765353541634,-0.5735442090275902,0.08953232632657326,0.08948117346016067,outputs/benchmark_shapley_estimators/acs_job42594737_xgboost_ease_fo_updates3/logs/OFA_fixed_seed2037.log,outputs/benchmark_shapley_estimators/acs_job42594737_xgboost_ease_fo_updates3/per_run/OFA_fixed_seed2037.json,{}
ok,main,SHAP_IQ,SHAP-IQ,SHAP_IQ,11,2037,200,10,500,1,265.662054343964,265.7054307720391,265.662054343964,0.09956291096750647,0.2976662019500509,265.25885921297595,0.005859840952325612,2.1449988707900047e-05,0.0,0.0,8.472712943330407e-05,265.662054343964,0.0,0.0,0.0,0,[],not_configured,serial,1,500,10000,500,recompute,7541,-0.6630765353541634,-0.5735442090275902,0.08953232632657326,0.08953232632657328,outputs/benchmark_shapley_estimators/acs_job42594737_xgboost_ease_fo_updates3/logs/SHAP_IQ_seed2037.log,outputs/benchmark_shapley_estimators/acs_job42594737_xgboost_ease_fo_updates3/per_run/SHAP_IQ_seed2037.json,{}
ok,main,sampling_lift,Sampling lift,sampling_lift,11,2037,200,10,500,1,282.95125457597896,282.9942470199894,282.95125457597896,3.674998879432678e-05,0.0010226649465039372,282.94946198014077,0.0006850389181636274,3.3859978429973125e-06,0.0,0.0,4.4755986891686916e-05,282.95125457597896,0.0,0.0,0.0,0,[],not_configured,serial,1,500,100,5,recompute,4933,-0.6630765353541634,-0.5735442090275902,0.08953232632657326,0.05124022383755392,outputs/benchmark_shapley_estimators/acs_job42594737_xgboost_ease_fo_updates3/logs/sampling_lift_seed2037.log,outputs/benchmark_shapley_estimators/acs_job42594737_xgboost_ease_fo_updates3/per_run/sampling_lift_seed2037.json,{}
ok,main,improved_AME,Improved AME,improved_AME,11,2037,200,10,500,1,263.5914714600076,263.63415505201556,263.5914714600076,5.0104979891330004e-05,0.04982508212560788,263.5362950528506,0.005229092785157263,3.2160314731299877e-06,0.0,0.0,6.891123484820127e-05,263.5914714600076,0.0,0.0,0.0,0,[],not_configured,serial,1,500,10000,500,recompute,9291,-0.6630765353541634,-0.5735442090275902,0.08953232632657326,0.049534618185078205,outputs/benchmark_shapley_estimators/acs_job42594737_xgboost_ease_fo_updates3/logs/improved_AME_seed2037.log,outputs/benchmark_shapley_estimators/acs_job42594737_xgboost_ease_fo_updates3/per_run/improved_AME_seed2037.json,{}
ok,main,GELS,GELS,GELS,11,2037,200,10,500,1,264.4341316880309,264.47788611694705,264.4341316880309,0.00011178996646776795,0.3015342730213888,264.1287965478259,0.0036053452640771866,4.358007572591305e-06,0.0,0.0,7.937394548207521e-05,264.4341316880309,0.0,0.0,0.0,0,[],not_configured,serial,1,500,10000,500,recompute,7522,-0.6630765353541634,-0.5735442090275902,0.08953232632657326,0.06254546982847398,outputs/benchmark_shapley_estimators/acs_job42594737_xgboost_ease_fo_updates3/logs/GELS_seed2037.log,outputs/benchmark_shapley_estimators/acs_job42594737_xgboost_ease_fo_updates3/per_run/GELS_seed2037.json,{}
ok,main,kernelSHAP,kernelSHAP,kernelSHAP,11,2037,200,10,500,1,264.5890143630095,264.63191763701616,264.57518276793417,0.10483979299897328,0.2916486129979603,264.17167003196664,0.02073057391680777,1.7954036593437195e-05,0.0,0.0,0.00010739709250628948,264.5744243299705,0.014590033038984984,0.013831595075316727,0.000758437963668257,20,['_estimate'],wrapped:_estimate,serial,1,500,10000,500,recompute,7541,-0.6630765353541634,-0.5735442090275902,0.08953232632657326,0.08953232632657292,outputs/benchmark_shapley_estimators/acs_job42594737_xgboost_ease_fo_updates3/logs/kernelSHAP_seed2037.log,outputs/benchmark_shapley_estimators/acs_job42594737_xgboost_ease_fo_updates3/per_run/kernelSHAP_seed2037.json,{}
ok,main,group_testing,Group testing,group_testing,11,2037,200,10,500,1,261.64281931496225,261.6856146969949,261.64281931496225,5.7097990065813065e-05,0.2940630697994493,261.3472736319527,0.0013495450257323682,3.8070138543844223e-06,0.0,0.0,7.216318044811487e-05,261.64281931496225,0.0,0.0,0.0,0,[],not_configured,serial,1,500,10000,500,recompute,7522,-0.6630765353541634,-0.5735442090275902,0.08953232632657326,-2.1452745310223826,outputs/benchmark_shapley_estimators/acs_job42594737_xgboost_ease_fo_updates3/logs/group_testing_seed2037.log,outputs/benchmark_shapley_estimators/acs_job42594737_xgboost_ease_fo_updates3/per_run/group_testing_seed2037.json,{}
ok,main,LeverageSHAP,LeverageSHAP,LeverageSHAP,11,2037,200,10,500,1,265.7455880679772,265.78890795802,265.7358111611684,0.09847104601794854,0.08125366596505046,265.5473604579456,0.017487007135059685,0.0009055349510163069,0.0,0.0,0.00011035596253350377,265.73526650620624,0.010321561770979315,0.009776906808838248,0.0005446549621410668,20,['_estimate'],wrapped:_estimate,serial,1,500,9998,500,recompute,9610,-0.6630765353541634,-0.5735442090275902,0.08953232632657326,0.08953232632657326,outputs/benchmark_shapley_estimators/acs_job42594737_xgboost_ease_fo_updates3/logs/LeverageSHAP_seed2037.log,outputs/benchmark_shapley_estimators/acs_job42594737_xgboost_ease_fo_updates3/per_run/LeverageSHAP_seed2037.json,"{""sampling_with_replacement"": true}"
ok,main,complement,Complement,complement,11,2037,200,10,500,1,263.865692366031,263.9094046440441,263.865692366031,7.452000863850117e-05,0.06678568001370877,263.6649894211441,0.13374703406589106,5.399982910603285e-06,0.0,0.0,9.031081572175026e-05,263.865692366031,0.0,0.0,0.0,0,[],not_configured,serial,1,500,5000,250,recompute,9396,-0.6630765353541634,-0.5735442090275902,0.08953232632657326,0.08954659870261363,outputs/benchmark_shapley_estimators/acs_job42594737_xgboost_ease_fo_updates3/logs/complement_seed2037.log,outputs/benchmark_shapley_estimators/acs_job42594737_xgboost_ease_fo_updates3/per_run/complement_seed2037.json,{}
ok,main,permutation,Permutation,permutation,11,2037,200,10,500,1,266.9235313119716,266.96681209799135,266.9235313119716,5.5634998716413975e-05,0.0015241867513395846,266.921225890168,0.0006691169110126793,3.597000613808632e-06,0.0,0.0,5.2886141929775476e-05,266.9235313119716,0.0,0.0,0.0,0,[],not_configured,serial,1,500,200,10,recompute,9471,-0.6630765353541634,-0.5735442090275902,0.08953232632657326,0.08953232632657325,outputs/benchmark_shapley_estimators/acs_job42594737_xgboost_ease_fo_updates3/logs/permutation_seed2037.log,outputs/benchmark_shapley_estimators/acs_job42594737_xgboost_ease_fo_updates3/per_run/permutation_seed2037.json,{}
ok,main,EaseSHAP_interaction_nonlinear,EASE-FO,EaseSHAP,12,2038,200,10,500,1,263.8571106399759,263.9011333939852,263.79487871786114,2.6208013059804216,0.08725199894979596,261.0384321369347,0.10498145304154605,0.005546712025534362,0.0,0.0,9.703304385766387e-05,263.78937786183087,0.06773277814500034,0.06223192211473361,0.005500856030266732,21,['_engine._readout_estimate'],wrapped:_engine._readout_estimate,serial,1,500,9898,500,recompute,9174,-0.6630765353541634,-0.5735442090275902,0.08953232632657326,0.08953232632657336,outputs/benchmark_shapley_estimators/acs_job42594737_xgboost_ease_fo_updates3/logs/EaseSHAP_interaction_nonlinear_seed2038.log,outputs/benchmark_shapley_estimators/acs_job42594737_xgboost_ease_fo_updates3/per_run/EaseSHAP_interaction_nonlinear_seed2038.json,"{""boundary_order"": 1, ""boundary_policy"": ""fixed"", ""exact_boundary_handling"": true, ""include_nonlinear_size_terms"": true, ""num_folds"": 2, ""pilot_design_updates"": 3, ""pilot_fraction"": 0.2, ""surrogate_basis"": 1, ""surrogate_readout_mode"": ""crossfit"", ""surrogate_ridge_lambda"": 0.01, ""surrogate_ridge_schedule"": ""times_m"", ""use_complement_sampling"": true}"
ok,main,RegressionMSR_unbiased,RegressionMSR,RegressionMSR_unbiased,11,2037,200,10,500,1,266.29763506603194,266.34204143099487,266.1388720541145,0.0010546660050749779,0.3643310400657356,265.7555769432802,0.17659782903501764,5.2390387281775475e-06,0.0,0.0,6.934860721230507e-05,266.12269901909167,0.17493604694027454,0.15876301191747189,0.01617303502280265,20,['_run_kfold'],wrapped:_run_kfold,serial,1,500,10000,500,recompute,9644,-0.6630765353541634,-0.5735442090275902,0.08953232632657326,0.08953232632657324,outputs/benchmark_shapley_estimators/acs_job42594737_xgboost_ease_fo_updates3/logs/RegressionMSR_unbiased_seed2037.log,outputs/benchmark_shapley_estimators/acs_job42594737_xgboost_ease_fo_updates3/per_run/RegressionMSR_unbiased_seed2037.json,"{""num_folds"": 2, ""paired_sampling"": null, ""sampling_with_replacement"": true}"
ok,main,SHAP_IQ,SHAP-IQ,SHAP_IQ,12,2038,200,10,500,1,262.6074168839841,262.6499862310011,262.6074168839841,0.1000300400191918,0.29477694613160565,262.20658938691486,0.005913391010835767,1.8135004211217165e-05,0.0,0.0,8.898490341380239e-05,262.6074168839841,0.0,0.0,0.0,0,[],not_configured,serial,1,500,10000,500,recompute,7519,-0.6630765353541634,-0.5735442090275902,0.08953232632657326,0.08953232632657336,outputs/benchmark_shapley_estimators/acs_job42594737_xgboost_ease_fo_updates3/logs/SHAP_IQ_seed2038.log,outputs/benchmark_shapley_estimators/acs_job42594737_xgboost_ease_fo_updates3/per_run/SHAP_IQ_seed2038.json,{}
ok,main,kernelSHAP,kernelSHAP,kernelSHAP,12,2038,200,10,500,1,262.36488236201694,262.40790245699463,262.3510497320094,0.11256502603646368,0.29460968903731555,261.93693018803606,0.020657375920563936,1.80340139195323e-05,0.0,0.0,0.0001020489726215601,262.35032358497847,0.014558777038473636,0.013832630007527769,0.0007261470309458673,20,['_estimate'],wrapped:_estimate,serial,1,500,10000,500,recompute,7519,-0.6630765353541634,-0.5735442090275902,0.08953232632657326,0.08953232632657385,outputs/benchmark_shapley_estimators/acs_job42594737_xgboost_ease_fo_updates3/logs/kernelSHAP_seed2038.log,outputs/benchmark_shapley_estimators/acs_job42594737_xgboost_ease_fo_updates3/per_run/kernelSHAP_seed2038.json,{}
ok,main,OFA_baseline,OFA baseline,OFA_baseline,12,2038,200,10,500,1,265.4364644950256,265.479915302014,265.4364644950256,7.407995872199535e-05,0.0013865119544789195,265.433485638001,0.0014600089634768665,4.047004040330648e-06,0.0,0.0,5.420914385467768e-05,265.4364644950256,0.0,0.0,0.0,0,[],not_configured,serial,1,500,100,5,recompute,9464,-0.6630765353541634,-0.5735442090275902,0.08953232632657326,0.08994327085851461,outputs/benchmark_shapley_estimators/acs_job42594737_xgboost_ease_fo_updates3/logs/OFA_baseline_seed2038.log,outputs/benchmark_shapley_estimators/acs_job42594737_xgboost_ease_fo_updates3/per_run/OFA_baseline_seed2038.json,{}
ok,main,improved_AME,Improved AME,improved_AME,12,2038,200,10,500,1,263.8277273029671,263.87125975399977,263.8277273029671,5.162798333913088e-05,0.05065592989558354,263.7716596999089,0.0052868727943859994,3.2060197554528713e-06,0.0,0.0,6.99663651175797e-05,263.8277273029671,0.0,0.0,0.0,0,[],not_configured,serial,1,500,10000,500,recompute,9310,-0.6630765353541634,-0.5735442090275902,0.08953232632657326,0.01987645672142832,outputs/benchmark_shapley_estimators/acs_job42594737_xgboost_ease_fo_updates3/logs/improved_AME_seed2038.log,outputs/benchmark_shapley_estimators/acs_job42594737_xgboost_ease_fo_updates3/per_run/improved_AME_seed2038.json,{}
ok,main,GELS,GELS,GELS,12,2038,200,10,500,1,264.99297263199696,265.0362156269839,264.99297263199696,0.00013584602857008576,0.2995336060412228,264.6896809001337,0.0035407080431468785,3.405963070690632e-06,0.0,0.0,7.816578727215528e-05,264.99297263199696,0.0,0.0,0.0,0,[],not_configured,serial,1,500,10000,500,recompute,7534,-0.6630765353541634,-0.5735442090275902,0.08953232632657326,0.11624101769244755,outputs/benchmark_shapley_estimators/acs_job42594737_xgboost_ease_fo_updates3/logs/GELS_seed2038.log,outputs/benchmark_shapley_estimators/acs_job42594737_xgboost_ease_fo_updates3/per_run/GELS_seed2038.json,{}
ok,main,EaseSHAP_size_player,EASE-SP,EaseSHAP,12,2038,200,10,500,1,268.3318627309636,268.3761422560201,265.0450698878849,2.6336811700020917,0.08785983303096145,261.88857087801443,3.4895379139925353,0.23211641900707036,0.0,0.0,9.651691652834415e-05,264.81297952786554,3.5188832030980848,3.2867928430787288,0.232090360019356,21,['_engine._readout_estimate'],wrapped:_engine._readout_estimate,serial,1,500,9898,500,recompute,9052,-0.6630765353541634,-0.5735442090275902,0.08953232632657326,0.08953232632657197,outputs/benchmark_shapley_estimators/acs_job42594737_xgboost_ease_fo_updates3/logs/EaseSHAP_size_player_seed2038.log,outputs/benchmark_shapley_estimators/acs_job42594737_xgboost_ease_fo_updates3/per_run/EaseSHAP_size_player_seed2038.json,"{""boundary_order"": 1, ""boundary_policy"": ""fixed"", ""exact_boundary_handling"": true, ""include_nonlinear_size_terms"": false, ""num_folds"": 2, ""pilot_fraction"": 0.2, ""surrogate_basis"": ""size_player"", ""surrogate_correction_max_iter"": 10, ""surrogate_correction_solver_mode"": ""matrix_free"", ""surrogate_r_correction_alpha"": 1.0, ""surrogate_readout_mode"": ""crossfit"", ""surrogate_ridge_lambda"": 1.0, ""surrogate_ridge_scaling"": ""size_trace"", ""surrogate_ridge_schedule"": ""fixed"", ""surrogate_solver_mode"": ""size_player"", ""surrogate_stats_backend"": ""exact_conditional"", ""surrogate_u_correction_alpha"": 1.0, ""use_complement_sampling"": true}"
ok,main,OFA_fixed,OFA,OFA_fixed,12,2038,200,10,500,1,268.2326085359673,268.2790371279698,268.2326085359673,2.7109050810104236,0.29177879210328683,264.7530581370811,0.4767474951222539,1.911597792059183e-05,0.0,0.0,9.991467231884599e-05,268.2326085359673,0.0,0.0,0.0,0,[],not_configured,serial,1,500,10000,500,recompute,9863,-0.6630765353541634,-0.5735442090275902,0.08953232632657326,0.08968610809196749,outputs/benchmark_shapley_estimators/acs_job42594737_xgboost_ease_fo_updates3/logs/OFA_fixed_seed2038.log,outputs/benchmark_shapley_estimators/acs_job42594737_xgboost_ease_fo_updates3/per_run/OFA_fixed_seed2038.json,{}
ok,main,sampling_lift,Sampling lift,sampling_lift,12,2038,200,10,500,1,268.2302803710336,268.2733295210055,268.2302803710336,5.024403799325228e-05,0.0010773171088658273,268.22837465506746,0.00072643713792786,3.556022420525551e-06,0.0,0.0,4.816165892407298e-05,268.2302803710336,0.0,0.0,0.0,0,[],not_configured,serial,1,500,100,5,recompute,5094,-0.6630765353541634,-0.5735442090275902,0.08953232632657326,0.02432629369957305,outputs/benchmark_shapley_estimators/acs_job42594737_xgboost_ease_fo_updates3/logs/sampling_lift_seed2038.log,outputs/benchmark_shapley_estimators/acs_job42594737_xgboost_ease_fo_updates3/per_run/sampling_lift_seed2038.json,{}
ok,main,complement,Complement,complement,12,2038,200,10,500,1,263.90409589296905,263.947869556956,263.90409589296905,5.8149045798927546e-05,0.06681445316644385,263.7033632110106,0.13376126292860135,1.9166036508977413e-05,0.0,0.0,7.965078111737967e-05,263.90409589296905,0.0,0.0,0.0,0,[],not_configured,serial,1,500,5000,250,recompute,9470,-0.6630765353541634,-0.5735442090275902,0.08953232632657326,0.09018508580701229,outputs/benchmark_shapley_estimators/acs_job42594737_xgboost_ease_fo_updates3/logs/complement_seed2038.log,outputs/benchmark_shapley_estimators/acs_job42594737_xgboost_ease_fo_updates3/per_run/complement_seed2038.json,{}
ok,main,sampling_lift,Sampling lift,sampling_lift,13,2039,200,10,500,1,256.68168004904874,256.7247398089967,256.68168004904874,3.689900040626526e-05,0.0009904250036925077,256.679925727949,0.0006739281234331429,3.956956788897514e-06,0.0,0.0,4.911201540380716e-05,256.68168004904874,0.0,0.0,0.0,0,[],not_configured,serial,1,500,100,5,recompute,5040,-0.6630765353541634,-0.5735442090275902,0.08953232632657326,0.09657885017081205,outputs/benchmark_shapley_estimators/acs_job42594737_xgboost_ease_fo_updates3/logs/sampling_lift_seed2039.log,outputs/benchmark_shapley_estimators/acs_job42594737_xgboost_ease_fo_updates3/per_run/sampling_lift_seed2039.json,{}
ok,main,LeverageSHAP,LeverageSHAP,LeverageSHAP,12,2038,200,10,500,1,266.48501992301317,266.52818625298096,266.4755012689857,0.10285140003543347,0.08081872918410227,266.2831345691229,0.017265873088035733,0.0008395399781875312,0.0,0.0,0.00010981160448864102,266.475003791973,0.010016131040174514,0.009518654027488083,0.0004974770126864314,20,['_estimate'],wrapped:_estimate,serial,1,500,9998,500,recompute,9706,-0.6630765353541634,-0.5735442090275902,0.08953232632657326,0.08953232632657328,outputs/benchmark_shapley_estimators/acs_job42594737_xgboost_ease_fo_updates3/logs/LeverageSHAP_seed2038.log,outputs/benchmark_shapley_estimators/acs_job42594737_xgboost_ease_fo_updates3/per_run/LeverageSHAP_seed2038.json,"{""sampling_with_replacement"": true}"
ok,main,EaseSHAP_interaction_nonlinear,EASE-FO,EaseSHAP,13,2039,200,10,500,1,264.42522032000124,264.46916882199,264.36365934292553,2.6331619119737297,0.08735064300708473,261.5934406950255,0.10573852906236425,0.005437386047560722,0.0,0.0,9.115488501265645e-05,264.35827690991573,0.06694341008551419,0.06156097707571462,0.00538243300979957,21,['_engine._readout_estimate'],wrapped:_engine._readout_estimate,serial,1,500,9898,500,recompute,9052,-0.6630765353541634,-0.5735442090275902,0.08953232632657326,0.08953232632657292,outputs/benchmark_shapley_estimators/acs_job42594737_xgboost_ease_fo_updates3/logs/EaseSHAP_interaction_nonlinear_seed2039.log,outputs/benchmark_shapley_estimators/acs_job42594737_xgboost_ease_fo_updates3/per_run/EaseSHAP_interaction_nonlinear_seed2039.json,"{""boundary_order"": 1, ""boundary_policy"": ""fixed"", ""exact_boundary_handling"": true, ""include_nonlinear_size_terms"": true, ""num_folds"": 2, ""pilot_design_updates"": 3, ""pilot_fraction"": 0.2, ""surrogate_basis"": 1, ""surrogate_readout_mode"": ""crossfit"", ""surrogate_ridge_lambda"": 0.01, ""surrogate_ridge_schedule"": ""times_m"", ""use_complement_sampling"": true}"
ok,main,group_testing,Group testing,group_testing,12,2038,200,10,500,1,265.48975437204354,265.53297046601074,265.48975437204354,4.302099114283919e-05,0.29722429485991597,265.1910133661004,0.0013902868959121406,3.3659744076430798e-06,0.0,0.0,8.003722177818418e-05,265.48975437204354,0.0,0.0,0.0,0,[],not_configured,serial,1,500,10000,500,recompute,7534,-0.6630765353541634,-0.5735442090275902,0.08953232632657326,-1.5448635850844261,outputs/benchmark_shapley_estimators/acs_job42594737_xgboost_ease_fo_updates3/logs/group_testing_seed2038.log,outputs/benchmark_shapley_estimators/acs_job42594737_xgboost_ease_fo_updates3/per_run/group_testing_seed2038.json,{}
ok,main,RegressionMSR_unbiased,RegressionMSR,RegressionMSR_unbiased,12,2038,200,10,500,1,267.11170101497555,267.1550240420038,266.9537631899002,0.0009589749970473349,0.36644721613265574,266.5696132091107,0.17459940921980888,7.853959687054157e-06,0.0,0.0,7.435155566781759e-05,266.93876968388213,0.17293133109342307,0.1579378250753507,0.014993506018072367,20,['_run_kfold'],wrapped:_run_kfold,serial,1,500,10000,500,recompute,9648,-0.6630765353541634,-0.5735442090275902,0.08953232632657326,0.08953232632657322,outputs/benchmark_shapley_estimators/acs_job42594737_xgboost_ease_fo_updates3/logs/RegressionMSR_unbiased_seed2038.log,outputs/benchmark_shapley_estimators/acs_job42594737_xgboost_ease_fo_updates3/per_run/RegressionMSR_unbiased_seed2038.json,"{""num_folds"": 2, ""paired_sampling"": null, ""sampling_with_replacement"": true}"
ok,main,permutation,Permutation,permutation,12,2038,200,10,500,1,268.7698781900108,268.8129156079958,268.7698781900108,5.373096792027354e-05,0.0015108370571397245,268.76750789006473,0.0007511030416935682,2.995016984641552e-06,0.0,0.0,5.163386231288314e-05,268.7698781900108,0.0,0.0,0.0,0,[],not_configured,serial,1,500,200,10,recompute,9469,-0.6630765353541634,-0.5735442090275902,0.08953232632657326,0.08953232632657325,outputs/benchmark_shapley_estimators/acs_job42594737_xgboost_ease_fo_updates3/logs/permutation_seed2038.log,outputs/benchmark_shapley_estimators/acs_job42594737_xgboost_ease_fo_updates3/per_run/permutation_seed2038.json,{}
ok,main,EaseSHAP_size_player,EASE-SP,EaseSHAP,13,2039,200,10,500,1,266.7953466019826,266.83832062000874,263.5174206040683,2.621909290959593,0.08721102896379307,260.3748724439647,3.4794080938445404,0.23185727099189535,0.0,0.0,8.847325807437301e-05,263.28561141405953,3.50973518792307,3.2779259979142807,0.2318091900087893,21,['_engine._readout_estimate'],wrapped:_engine._readout_estimate,serial,1,500,9898,500,recompute,9646,-0.6630765353541634,-0.5735442090275902,0.08953232632657326,0.08953232632657238,outputs/benchmark_shapley_estimators/acs_job42594737_xgboost_ease_fo_updates3/logs/EaseSHAP_size_player_seed2039.log,outputs/benchmark_shapley_estimators/acs_job42594737_xgboost_ease_fo_updates3/per_run/EaseSHAP_size_player_seed2039.json,"{""boundary_order"": 1, ""boundary_policy"": ""fixed"", ""exact_boundary_handling"": true, ""include_nonlinear_size_terms"": false, ""num_folds"": 2, ""pilot_fraction"": 0.2, ""surrogate_basis"": ""size_player"", ""surrogate_correction_max_iter"": 10, ""surrogate_correction_solver_mode"": ""matrix_free"", ""surrogate_r_correction_alpha"": 1.0, ""surrogate_readout_mode"": ""crossfit"", ""surrogate_ridge_lambda"": 1.0, ""surrogate_ridge_scaling"": ""size_trace"", ""surrogate_ridge_schedule"": ""fixed"", ""surrogate_solver_mode"": ""size_player"", ""surrogate_stats_backend"": ""exact_conditional"", ""surrogate_u_correction_alpha"": 1.0, ""use_complement_sampling"": true}"
ok,main,OFA_baseline,OFA baseline,OFA_baseline,13,2039,200,10,500,1,265.7004327219911,265.7440874320455,265.7004327219911,5.9332000091671944e-05,0.0013964149984531105,265.69743651198223,0.0014826100086793303,2.995016984641552e-06,0.0,0.0,5.48579846508801e-05,265.7004327219911,0.0,0.0,0.0,0,[],not_configured,serial,1,500,100,5,recompute,9473,-0.6630765353541634,-0.5735442090275902,0.08953232632657326,0.08969495247041677,outputs/benchmark_shapley_estimators/acs_job42594737_xgboost_ease_fo_updates3/logs/OFA_baseline_seed2039.log,outputs/benchmark_shapley_estimators/acs_job42594737_xgboost_ease_fo_updates3/per_run/OFA_baseline_seed2039.json,{}
ok,main,OFA_fixed,OFA,OFA_fixed,13,2039,200,10,500,1,270.02752064500237,270.071075829037,270.02752064500237,2.7078250229824334,0.29368328594136983,266.55239589419216,0.47350034990813583,1.9246013835072517e-05,0.0,0.0,9.684596443548799e-05,270.02752064500237,0.0,0.0,0.0,0,[],not_configured,serial,1,500,10000,500,recompute,9882,-0.6630765353541634,-0.5735442090275902,0.08953232632657326,0.08955106875067516,outputs/benchmark_shapley_estimators/acs_job42594737_xgboost_ease_fo_updates3/logs/OFA_fixed_seed2039.log,outputs/benchmark_shapley_estimators/acs_job42594737_xgboost_ease_fo_updates3/per_run/OFA_fixed_seed2039.json,{}
ok,main,GELS,GELS,GELS,13,2039,200,10,500,1,263.7837615989847,263.8269341510022,263.7837615989847,0.00013583601685240865,0.30332142300903797,263.47659151110565,0.0036280477652326226,3.0259834602475166e-06,0.0,0.0,8.175510447472334e-05,263.7837615989847,0.0,0.0,0.0,0,[],not_configured,serial,1,500,10000,500,recompute,7523,-0.6630765353541634,-0.5735442090275902,0.08953232632657326,0.08812778674014865,outputs/benchmark_shapley_estimators/acs_job42594737_xgboost_ease_fo_updates3/logs/GELS_seed2039.log,outputs/benchmark_shapley_estimators/acs_job42594737_xgboost_ease_fo_updates3/per_run/GELS_seed2039.json,{}
ok,main,improved_AME,Improved AME,improved_AME,13,2039,200,10,500,1,264.3848699440132,264.42882266500965,264.3848699440132,5.661597242578864e-05,0.050060555804520845,264.32932111498667,0.005364096781704575,3.356020897626877e-06,0.0,0.0,6.420444697141647e-05,264.3848699440132,0.0,0.0,0.0,0,[],not_configured,serial,1,500,10000,500,recompute,9327,-0.6630765353541634,-0.5735442090275902,0.08953232632657326,0.2565576396757165,outputs/benchmark_shapley_estimators/acs_job42594737_xgboost_ease_fo_updates3/logs/improved_AME_seed2039.log,outputs/benchmark_shapley_estimators/acs_job42594737_xgboost_ease_fo_updates3/per_run/improved_AME_seed2039.json,{}
ok,main,SHAP_IQ,SHAP-IQ,SHAP_IQ,13,2039,200,10,500,1,265.24262494198047,265.28576717700344,265.24262494198047,0.10021815402433276,0.2966752080246806,264.83973010018235,0.005876355106011033,1.9537052139639854e-05,0.0,0.0,0.00010558759095147252,265.24262494198047,0.0,0.0,0.0,0,[],not_configured,serial,1,500,10000,500,recompute,7611,-0.6630765353541634,-0.5735442090275902,0.08953232632657326,0.08953232632657335,outputs/benchmark_shapley_estimators/acs_job42594737_xgboost_ease_fo_updates3/logs/SHAP_IQ_seed2039.log,outputs/benchmark_shapley_estimators/acs_job42594737_xgboost_ease_fo_updates3/per_run/SHAP_IQ_seed2039.json,{}
ok,main,kernelSHAP,kernelSHAP,kernelSHAP,13,2039,200,10,500,1,263.1903392660315,263.2338090679841,263.1762970700511,0.11007195198908448,0.2957835421548225,262.76330110494746,0.02105327189201489,1.9736995454877615e-05,0.0,0.0,0.0001096580526791513,263.17555128602544,0.014787980006076396,0.0140421959804371,0.0007457840256392956,20,['_estimate'],wrapped:_estimate,serial,1,500,10000,500,recompute,7611,-0.6630765353541634,-0.5735442090275902,0.08953232632657326,0.0895323263265732,outputs/benchmark_shapley_estimators/acs_job42594737_xgboost_ease_fo_updates3/logs/kernelSHAP_seed2039.log,outputs/benchmark_shapley_estimators/acs_job42594737_xgboost_ease_fo_updates3/per_run/kernelSHAP_seed2039.json,{}
ok,main,LeverageSHAP,LeverageSHAP,LeverageSHAP,13,2039,200,10,500,1,266.957999374019,267.0015882909647,266.94833967089653,0.10002436896320432,0.08109168318333104,266.75854962778976,0.017403722973540425,0.0008280989713966846,0.0,0.0,0.00010187213774770498,266.9478564608726,0.010142913146410137,0.009659703122451901,0.000483210023958236,20,['_estimate'],wrapped:_estimate,serial,1,500,9998,500,recompute,9628,-0.6630765353541634,-0.5735442090275902,0.08953232632657326,0.08953232632657325,outputs/benchmark_shapley_estimators/acs_job42594737_xgboost_ease_fo_updates3/logs/LeverageSHAP_seed2039.log,outputs/benchmark_shapley_estimators/acs_job42594737_xgboost_ease_fo_updates3/per_run/LeverageSHAP_seed2039.json,"{""sampling_with_replacement"": true}"
ok,main,complement,Complement,complement,13,2039,200,10,500,1,265.3732127780095,265.4162505850545,265.3732127780095,5.9722980950027704e-05,0.06716922100167722,265.1716372780502,0.13425847690086812,4.0780287235975266e-06,0.0,0.0,8.400104707106948e-05,265.3732127780095,0.0,0.0,0.0,0,[],not_configured,serial,1,500,5000,250,recompute,9486,-0.6630765353541634,-0.5735442090275902,0.08953232632657326,0.09281682719245735,outputs/benchmark_shapley_estimators/acs_job42594737_xgboost_ease_fo_updates3/logs/complement_seed2039.log,outputs/benchmark_shapley_estimators/acs_job42594737_xgboost_ease_fo_updates3/per_run/complement_seed2039.json,{}
ok,main,group_testing,Group testing,group_testing,13,2039,200,10,500,1,264.07312509196345,264.1158918290166,264.07312509196345,7.107399869710207e-05,0.29305086011299863,263.77852854598314,0.0013964559766463935,2.9949587769806385e-06,0.0,0.0,7.516093319281936e-05,264.07312509196345,0.0,0.0,0.0,0,[],not_configured,serial,1,500,10000,500,recompute,7523,-0.6630765353541634,-0.5735442090275902,0.08953232632657326,0.18243387182799725,outputs/benchmark_shapley_estimators/acs_job42594737_xgboost_ease_fo_updates3/logs/group_testing_seed2039.log,outputs/benchmark_shapley_estimators/acs_job42594737_xgboost_ease_fo_updates3/per_run/group_testing_seed2039.json,{}
ok,main,permutation,Permutation,permutation,13,2039,200,10,500,1,268.4566844169749,268.4993698390317,268.4566844169749,5.926197627559304e-05,0.0017233049147762358,268.45409795700107,0.000712407985702157,3.64379957318306e-05,0.0,0.0,5.5047101341187954e-05,268.4566844169749,0.0,0.0,0.0,0,[],not_configured,serial,1,500,200,10,recompute,9468,-0.6630765353541634,-0.5735442090275902,0.08953232632657326,0.08953232632657325,outputs/benchmark_shapley_estimators/acs_job42594737_xgboost_ease_fo_updates3/logs/permutation_seed2039.log,outputs/benchmark_shapley_estimators/acs_job42594737_xgboost_ease_fo_updates3/per_run/permutation_seed2039.json,{}
ok,main,RegressionMSR_unbiased,RegressionMSR,RegressionMSR_unbiased,13,2039,200,10,500,1,263.6033540769713,263.64654839696595,263.45083585201064,0.0009222669759765267,0.36012562399264425,263.0725978950504,0.16963846900034696,4.909001290798187e-06,0.0,0.0,6.49129506200552e-05,263.43532310304,0.16803097393130884,0.1525182249606587,0.015512748970650136,20,['_run_kfold'],wrapped:_run_kfold,serial,1,500,10000,500,recompute,9572,-0.6630765353541634,-0.5735442090275902,0.08953232632657326,0.08953232632657322,outputs/benchmark_shapley_estimators/acs_job42594737_xgboost_ease_fo_updates3/logs/RegressionMSR_unbiased_seed2039.log,outputs/benchmark_shapley_estimators/acs_job42594737_xgboost_ease_fo_updates3/per_run/RegressionMSR_unbiased_seed2039.json,"{""num_folds"": 2, ""paired_sampling"": null, ""sampling_with_replacement"": true}"
ok,main,EaseSHAP_interaction_nonlinear,EASE-FO,EaseSHAP,14,2040,200,10,500,1,264.3163069980219,264.3598219419946,264.25433014618466,2.6210384619771503,0.08751935523469001,261.4970880791079,0.10513607203029096,0.005430103978142142,0.0,0.0,9.49256937019527e-05,264.24895442521665,0.0673525728052482,0.061976851837243885,0.005375720968004316,21,['_engine._readout_estimate'],wrapped:_engine._readout_estimate,serial,1,500,9898,500,recompute,9152,-0.6630765353541634,-0.5735442090275902,0.08953232632657326,0.08953232632657332,outputs/benchmark_shapley_estimators/acs_job42594737_xgboost_ease_fo_updates3/logs/EaseSHAP_interaction_nonlinear_seed2040.log,outputs/benchmark_shapley_estimators/acs_job42594737_xgboost_ease_fo_updates3/per_run/EaseSHAP_interaction_nonlinear_seed2040.json,"{""boundary_order"": 1, ""boundary_policy"": ""fixed"", ""exact_boundary_handling"": true, ""include_nonlinear_size_terms"": true, ""num_folds"": 2, ""pilot_design_updates"": 3, ""pilot_fraction"": 0.2, ""surrogate_basis"": 1, ""surrogate_readout_mode"": ""crossfit"", ""surrogate_ridge_lambda"": 0.01, ""surrogate_ridge_schedule"": ""times_m"", ""use_complement_sampling"": true}"
ok,main,OFA_baseline,OFA baseline,OFA_baseline,14,2040,200,10,500,1,264.37119641603203,264.41452819498954,264.37119641603203,6.046402268111706e-05,0.0014228388317860663,264.36815853003645,0.0014694790006615222,1.8433958757668734e-05,0.0,0.0,6.667018169537187e-05,264.37119641603203,0.0,0.0,0.0,0,[],not_configured,serial,1,500,100,5,recompute,9465,-0.6630765353541634,-0.5735442090275902,0.08953232632657326,0.09185543864463341,outputs/benchmark_shapley_estimators/acs_job42594737_xgboost_ease_fo_updates3/logs/OFA_baseline_seed2040.log,outputs/benchmark_shapley_estimators/acs_job42594737_xgboost_ease_fo_updates3/per_run/OFA_baseline_seed2040.json,{}
ok,main,SHAP_IQ,SHAP-IQ,SHAP_IQ,14,2040,200,10,500,1,262.62986896699294,262.6724804600235,262.62986896699294,0.10339490097248927,0.29520361201139167,262.22532104176935,0.005814734089653939,3.121898043900728e-05,0.0,0.0,0.00010345916962251067,262.62986896699294,0.0,0.0,0.0,0,[],not_configured,serial,1,500,10000,500,recompute,7587,-0.6630765353541634,-0.5735442090275902,0.08953232632657326,0.0895323263265733,outputs/benchmark_shapley_estimators/acs_job42594737_xgboost_ease_fo_updates3/logs/SHAP_IQ_seed2040.log,outputs/benchmark_shapley_estimators/acs_job42594737_xgboost_ease_fo_updates3/per_run/SHAP_IQ_seed2040.json,{}
ok,main,EaseSHAP_size_player,EASE-SP,EaseSHAP,14,2040,200,10,500,1,268.0906838999945,268.1341641990002,264.84847112186253,2.6385201509692706,0.08698571694549173,261.6875310020405,3.4433737390791066,0.23416844801977277,0.0,0.0,0.00010484294034540653,264.6143567658728,3.476327134121675,3.242212778131943,0.23411435598973185,21,['_engine._readout_estimate'],wrapped:_engine._readout_estimate,serial,1,500,9898,500,recompute,9078,-0.6630765353541634,-0.5735442090275902,0.08953232632657326,0.08953232632657193,outputs/benchmark_shapley_estimators/acs_job42594737_xgboost_ease_fo_updates3/logs/EaseSHAP_size_player_seed2040.log,outputs/benchmark_shapley_estimators/acs_job42594737_xgboost_ease_fo_updates3/per_run/EaseSHAP_size_player_seed2040.json,"{""boundary_order"": 1, ""boundary_policy"": ""fixed"", ""exact_boundary_handling"": true, ""include_nonlinear_size_terms"": false, ""num_folds"": 2, ""pilot_fraction"": 0.2, ""surrogate_basis"": ""size_player"", ""surrogate_correction_max_iter"": 10, ""surrogate_correction_solver_mode"": ""matrix_free"", ""surrogate_r_correction_alpha"": 1.0, ""surrogate_readout_mode"": ""crossfit"", ""surrogate_ridge_lambda"": 1.0, ""surrogate_ridge_scaling"": ""size_trace"", ""surrogate_ridge_schedule"": ""fixed"", ""surrogate_solver_mode"": ""size_player"", ""surrogate_stats_backend"": ""exact_conditional"", ""surrogate_u_correction_alpha"": 1.0, ""use_complement_sampling"": true}"
ok,main,GELS,GELS,GELS,14,2040,200,10,500,1,263.1529331339989,263.1955144010135,263.1529331339989,0.00013261998537927866,0.2969114651205018,262.85217416199157,0.0036114950198680162,2.6919995434582233e-05,0.0,0.0,7.647188613191247e-05,263.1529331339989,0.0,0.0,0.0,0,[],not_configured,serial,1,500,10000,500,recompute,7523,-0.6630765353541634,-0.5735442090275902,0.08953232632657326,0.07920991013313738,outputs/benchmark_shapley_estimators/acs_job42594737_xgboost_ease_fo_updates3/logs/GELS_seed2040.log,outputs/benchmark_shapley_estimators/acs_job42594737_xgboost_ease_fo_updates3/per_run/GELS_seed2040.json,{}
ok,main,OFA_fixed,OFA,OFA_fixed,14,2040,200,10,500,1,267.34902057098225,267.3922870379756,267.34902057098225,2.7116864069830626,0.29209040896967053,263.8683908007806,0.47672801406588405,2.0368024706840515e-05,0.0,0.0,0.00010457215830683708,267.34902057098225,0.0,0.0,0.0,0,[],not_configured,serial,1,500,10000,500,recompute,9862,-0.6630765353541634,-0.5735442090275902,0.08953232632657326,0.08931905637023503,outputs/benchmark_shapley_estimators/acs_job42594737_xgboost_ease_fo_updates3/logs/OFA_fixed_seed2040.log,outputs/benchmark_shapley_estimators/acs_job42594737_xgboost_ease_fo_updates3/per_run/OFA_fixed_seed2040.json,{}
ok,main,improved_AME,Improved AME,improved_AME,14,2040,200,10,500,1,264.1778791240067,264.22129622404464,264.1778791240067,4.2580009903758764e-05,0.049528680043295026,264.12292436679127,0.005309525004122406,3.556022420525551e-06,0.0,0.0,7.041613571345806e-05,264.1778791240067,0.0,0.0,0.0,0,[],not_configured,serial,1,500,10000,500,recompute,9315,-0.6630765353541634,-0.5735442090275902,0.08953232632657326,0.15780435507932006,outputs/benchmark_shapley_estimators/acs_job42594737_xgboost_ease_fo_updates3/logs/improved_AME_seed2040.log,outputs/benchmark_shapley_estimators/acs_job42594737_xgboost_ease_fo_updates3/per_run/improved_AME_seed2040.json,{}
ok,main,kernelSHAP,kernelSHAP,kernelSHAP,14,2040,200,10,500,1,264.40917085000547,264.4533257590374,264.39527122990694,0.09054050204576924,0.2927662870497443,264.00488875905285,0.020831698027905077,3.230100264772773e-05,0.0,0.0,0.00011130282655358315,264.3945362669183,0.01463458308717236,0.013899620098527521,0.0007349629886448383,20,['_estimate'],wrapped:_estimate,serial,1,500,10000,500,recompute,7587,-0.6630765353541634,-0.5735442090275902,0.08953232632657326,0.08953232632657297,outputs/benchmark_shapley_estimators/acs_job42594737_xgboost_ease_fo_updates3/logs/kernelSHAP_seed2040.log,outputs/benchmark_shapley_estimators/acs_job42594737_xgboost_ease_fo_updates3/per_run/kernelSHAP_seed2040.json,{}
ok,main,group_testing,Group testing,group_testing,14,2040,200,10,500,1,263.46016795700416,263.50311857898487,263.46016795700416,4.688795888796449e-05,0.29513994773151353,263.16353328712285,0.001354399078991264,1.6200996469706297e-05,0.0,0.0,7.723411545157433e-05,263.46016795700416,0.0,0.0,0.0,0,[],not_configured,serial,1,500,10000,500,recompute,7523,-0.6630765353541634,-0.5735442090275902,0.08953232632657326,0.5560236715090844,outputs/benchmark_shapley_estimators/acs_job42594737_xgboost_ease_fo_updates3/logs/group_testing_seed2040.log,outputs/benchmark_shapley_estimators/acs_job42594737_xgboost_ease_fo_updates3/per_run/group_testing_seed2040.json,{}
ok,main,complement,Complement,complement,14,2040,200,10,500,1,264.95791117701447,265.001276702038,264.95791117701447,5.174701800569892e-05,0.06741400295868516,264.75553978502285,0.1347917999373749,3.415404353290796e-05,0.0,0.0,7.968803402036428e-05,264.95791117701447,0.0,0.0,0.0,0,[],not_configured,serial,1,500,5000,250,recompute,9492,-0.6630765353541634,-0.5735442090275902,0.08953232632657326,0.08994517554467517,outputs/benchmark_shapley_estimators/acs_job42594737_xgboost_ease_fo_updates3/logs/complement_seed2040.log,outputs/benchmark_shapley_estimators/acs_job42594737_xgboost_ease_fo_updates3/per_run/complement_seed2040.json,{}
ok,main,LeverageSHAP,LeverageSHAP,LeverageSHAP,14,2040,200,10,500,1,266.73166471504373,266.77429107704666,266.7220573098748,0.10007017198950052,0.08246814197627828,266.5308561248239,0.01731887401547283,0.0008499309769831598,0.0,0.0,0.00010147126158699393,266.7215562868514,0.010108428192324936,0.009607405168935657,0.0005010230233892798,20,['_estimate'],wrapped:_estimate,serial,1,500,9998,500,recompute,9674,-0.6630765353541634,-0.5735442090275902,0.08953232632657326,0.08953232632657326,outputs/benchmark_shapley_estimators/acs_job42594737_xgboost_ease_fo_updates3/logs/LeverageSHAP_seed2040.log,outputs/benchmark_shapley_estimators/acs_job42594737_xgboost_ease_fo_updates3/per_run/LeverageSHAP_seed2040.json,"{""sampling_with_replacement"": true}"
ok,main,RegressionMSR_unbiased,RegressionMSR,RegressionMSR_unbiased,14,2040,200,10,500,1,264.7664288239903,264.81143657001667,264.60531021410134,0.0010212120250798762,0.36259630881249905,264.2234498608741,0.1792870480567217,7.233000360429287e-06,0.0,0.0,6.716122152283788e-05,264.58875353913754,0.17767528485273942,0.16111860988894477,0.01655667496379465,20,['_run_kfold'],wrapped:_run_kfold,serial,1,500,10000,500,recompute,9666,-0.6630765353541634,-0.5735442090275902,0.08953232632657326,0.08953232632657344,outputs/benchmark_shapley_estimators/acs_job42594737_xgboost_ease_fo_updates3/logs/RegressionMSR_unbiased_seed2040.log,outputs/benchmark_shapley_estimators/acs_job42594737_xgboost_ease_fo_updates3/per_run/RegressionMSR_unbiased_seed2040.json,"{""num_folds"": 2, ""paired_sampling"": null, ""sampling_with_replacement"": true}"
ok,main,EaseSHAP_interaction_nonlinear,EASE-FO,EaseSHAP,15,2041,200,10,500,1,264.79625836596824,264.8403011150076,264.73394508782076,2.6317824970465153,0.08716412703506649,261.9660839290009,0.10560628096573055,0.005534841038752347,0.0,0.0,8.669088128954172e-05,264.72843926085625,0.06781910511199385,0.06231327814748511,0.005505826964508742,21,['_engine._readout_estimate'],wrapped:_engine._readout_estimate,serial,1,500,9898,500,recompute,9400,-0.6630765353541634,-0.5735442090275902,0.08953232632657326,0.08953232632657321,outputs/benchmark_shapley_estimators/acs_job42594737_xgboost_ease_fo_updates3/logs/EaseSHAP_interaction_nonlinear_seed2041.log,outputs/benchmark_shapley_estimators/acs_job42594737_xgboost_ease_fo_updates3/per_run/EaseSHAP_interaction_nonlinear_seed2041.json,"{""boundary_order"": 1, ""boundary_policy"": ""fixed"", ""exact_boundary_handling"": true, ""include_nonlinear_size_terms"": true, ""num_folds"": 2, ""pilot_design_updates"": 3, ""pilot_fraction"": 0.2, ""surrogate_basis"": 1, ""surrogate_readout_mode"": ""crossfit"", ""surrogate_ridge_lambda"": 0.01, ""surrogate_ridge_schedule"": ""times_m"", ""use_complement_sampling"": true}"
ok,main,GELS,GELS,GELS,15,2041,200,10,500,1,261.5561121770297,261.5988059960073,261.5561121770297,9.624200174584985e-05,0.297548389993608,261.254881571047,0.003512512077577412,3.5570119507610798e-06,0.0,0.0,6.990489782765508e-05,261.5561121770297,0.0,0.0,0.0,0,[],not_configured,serial,1,500,10000,500,recompute,7555,-0.6630765353541634,-0.5735442090275902,0.08953232632657326,0.10748986450712072,outputs/benchmark_shapley_estimators/acs_job42594737_xgboost_ease_fo_updates3/logs/GELS_seed2041.log,outputs/benchmark_shapley_estimators/acs_job42594737_xgboost_ease_fo_updates3/per_run/GELS_seed2041.json,{}
ok,main,OFA_baseline,OFA baseline,OFA_baseline,15,2041,200,10,500,1,266.1527700049919,266.19666035700357,266.1527700049919,6.585405208170414e-05,0.0013840679312124848,266.14978427183814,0.0014752670540474355,4.327972419559956e-06,0.0,0.0,5.621614400297403e-05,266.1527700049919,0.0,0.0,0.0,0,[],not_configured,serial,1,500,100,5,recompute,9466,-0.6630765353541634,-0.5735442090275902,0.08953232632657326,0.09266584991750212,outputs/benchmark_shapley_estimators/acs_job42594737_xgboost_ease_fo_updates3/logs/OFA_baseline_seed2041.log,outputs/benchmark_shapley_estimators/acs_job42594737_xgboost_ease_fo_updates3/per_run/OFA_baseline_seed2041.json,{}
ok,main,SHAP_IQ,SHAP-IQ,SHAP_IQ,15,2041,200,10,500,1,263.95934633596335,264.0027234609588,263.95934633596335,0.09958188299788162,0.29783364094328135,263.555791974999,0.00601101404754445,3.361399285495281e-05,0.0,0.0,9.420898277312517e-05,263.95934633596335,0.0,0.0,0.0,0,[],not_configured,serial,1,500,10000,500,recompute,7647,-0.6630765353541634,-0.5735442090275902,0.08953232632657326,0.08953232632657332,outputs/benchmark_shapley_estimators/acs_job42594737_xgboost_ease_fo_updates3/logs/SHAP_IQ_seed2041.log,outputs/benchmark_shapley_estimators/acs_job42594737_xgboost_ease_fo_updates3/per_run/SHAP_IQ_seed2041.json,{}
ok,main,sampling_lift,Sampling lift,sampling_lift,14,2040,200,10,500,1,274.93865271896357,274.9819446239853,274.93865271896357,4.854099825024605e-05,0.0010450270492583513,274.936744784005,0.0007354640983976424,3.106804797425866e-05,0.0,0.0,4.783476470038295e-05,274.93865271896357,0.0,0.0,0.0,0,[],not_configured,serial,1,500,100,5,recompute,4841,-0.6630765353541634,-0.5735442090275902,0.08953232632657326,0.042102246888136775,outputs/benchmark_shapley_estimators/acs_job42594737_xgboost_ease_fo_updates3/logs/sampling_lift_seed2040.log,outputs/benchmark_shapley_estimators/acs_job42594737_xgboost_ease_fo_updates3/per_run/sampling_lift_seed2040.json,{}
ok,main,permutation,Permutation,permutation,14,2040,200,10,500,1,270.0873660760117,270.1308765030117,270.0873660760117,5.395198240876198e-05,0.0015892789815552533,270.08490170910954,0.0007473271689377725,1.7012003809213638e-05,0.0,0.0,5.679676542058587e-05,270.0873660760117,0.0,0.0,0.0,0,[],not_configured,serial,1,500,200,10,recompute,9467,-0.6630765353541634,-0.5735442090275902,0.08953232632657326,0.08953232632657325,outputs/benchmark_shapley_estimators/acs_job42594737_xgboost_ease_fo_updates3/logs/permutation_seed2040.log,outputs/benchmark_shapley_estimators/acs_job42594737_xgboost_ease_fo_updates3/per_run/permutation_seed2040.json,{}
ok,main,improved_AME,Improved AME,improved_AME,15,2041,200,10,500,1,264.2579756969935,264.3018356600078,264.2579756969935,4.934397293254733e-05,0.05033911799546331,264.20215693087084,0.0053569269948638976,3.5659759305417538e-06,0.0,0.0,6.98111834935844e-05,264.2579756969935,0.0,0.0,0.0,0,[],not_configured,serial,1,500,10000,500,recompute,9319,-0.6630765353541634,-0.5735442090275902,0.08953232632657326,-0.011441300827423607,outputs/benchmark_shapley_estimators/acs_job42594737_xgboost_ease_fo_updates3/logs/improved_AME_seed2041.log,outputs/benchmark_shapley_estimators/acs_job42594737_xgboost_ease_fo_updates3/per_run/improved_AME_seed2041.json,{}
ok,main,EaseSHAP_size_player,EASE-SP,EaseSHAP,15,2041,200,10,500,1,270.1522306940169,270.1957906319876,266.9712783289142,2.6386276239645667,0.08703629393130541,263.81605317478534,3.377057043137029,0.23336237197509035,0.0,0.0,9.4186223577708e-05,266.737972252944,3.4142584410728887,3.180952365102712,0.2333060759701766,21,['_engine._readout_estimate'],wrapped:_engine._readout_estimate,serial,1,500,9898,500,recompute,9768,-0.6630765353541634,-0.5735442090275902,0.08953232632657326,0.08953232632657204,outputs/benchmark_shapley_estimators/acs_job42594737_xgboost_ease_fo_updates3/logs/EaseSHAP_size_player_seed2041.log,outputs/benchmark_shapley_estimators/acs_job42594737_xgboost_ease_fo_updates3/per_run/EaseSHAP_size_player_seed2041.json,"{""boundary_order"": 1, ""boundary_policy"": ""fixed"", ""exact_boundary_handling"": true, ""include_nonlinear_size_terms"": false, ""num_folds"": 2, ""pilot_fraction"": 0.2, ""surrogate_basis"": ""size_player"", ""surrogate_correction_max_iter"": 10, ""surrogate_correction_solver_mode"": ""matrix_free"", ""surrogate_r_correction_alpha"": 1.0, ""surrogate_readout_mode"": ""crossfit"", ""surrogate_ridge_lambda"": 1.0, ""surrogate_ridge_scaling"": ""size_trace"", ""surrogate_ridge_schedule"": ""fixed"", ""surrogate_solver_mode"": ""size_player"", ""surrogate_stats_backend"": ""exact_conditional"", ""surrogate_u_correction_alpha"": 1.0, ""use_complement_sampling"": true}"
ok,main,OFA_fixed,OFA,OFA_fixed,15,2041,200,10,500,1,269.35954165499425,269.40382758004125,269.35954165499425,2.7053745739976875,0.30888815876096487,265.86952915985603,0.47563211095985025,2.1690968424081802e-05,0.0,0.0,9.59604512900114e-05,269.35954165499425,0.0,0.0,0.0,0,[],not_configured,serial,1,500,10000,500,recompute,9889,-0.6630765353541634,-0.5735442090275902,0.08953232632657326,0.08969375392387442,outputs/benchmark_shapley_estimators/acs_job42594737_xgboost_ease_fo_updates3/logs/OFA_fixed_seed2041.log,outputs/benchmark_shapley_estimators/acs_job42594737_xgboost_ease_fo_updates3/per_run/OFA_fixed_seed2041.json,{}
ok,main,sampling_lift,Sampling lift,sampling_lift,15,2041,200,10,500,1,267.1828147920314,267.2258907770156,267.1828147920314,5.333102308213711e-05,0.0010608412558212876,267.18090033810586,0.0007464460795745254,2.996006514877081e-06,0.0,0.0,5.083956057205796e-05,267.1828147920314,0.0,0.0,0.0,0,[],not_configured,serial,1,500,100,5,recompute,5093,-0.6630765353541634,-0.5735442090275902,0.08953232632657326,0.0481318300761032,outputs/benchmark_shapley_estimators/acs_job42594737_xgboost_ease_fo_updates3/logs/sampling_lift_seed2041.log,outputs/benchmark_shapley_estimators/acs_job42594737_xgboost_ease_fo_updates3/per_run/sampling_lift_seed2041.json,{}
ok,main,kernelSHAP,kernelSHAP,kernelSHAP,15,2041,200,10,500,1,264.1290977030294,264.17234432999976,264.11500336718746,0.11405938694952056,0.29300122894346714,263.70090086600976,0.021008129173424095,2.0719016902148724e-05,0.0,0.0,0.00010737293632701039,264.1142977082054,0.014799994823988527,0.014094335841946304,0.0007056589820422232,20,['_estimate'],wrapped:_estimate,serial,1,500,10000,500,recompute,7647,-0.6630765353541634,-0.5735442090275902,0.08953232632657326,0.0895323263265734,outputs/benchmark_shapley_estimators/acs_job42594737_xgboost_ease_fo_updates3/logs/kernelSHAP_seed2041.log,outputs/benchmark_shapley_estimators/acs_job42594737_xgboost_ease_fo_updates3/per_run/kernelSHAP_seed2041.json,{}
ok,main,group_testing,Group testing,group_testing,15,2041,200,10,500,1,260.39537526201457,260.43817627104,260.39537526201457,6.257800851017237e-05,0.2962567090871744,260.09756849793484,0.0014123880537226796,3.7470017559826374e-06,0.0,0.0,7.134192856028676e-05,260.39537526201457,0.0,0.0,0.0,0,[],not_configured,serial,1,500,10000,500,recompute,7555,-0.6630765353541634,-0.5735442090275902,0.08953232632657326,-0.30026509838518345,outputs/benchmark_shapley_estimators/acs_job42594737_xgboost_ease_fo_updates3/logs/group_testing_seed2041.log,outputs/benchmark_shapley_estimators/acs_job42594737_xgboost_ease_fo_updates3/per_run/group_testing_seed2041.json,{}
ok,main,LeverageSHAP,LeverageSHAP,LeverageSHAP,15,2041,200,10,500,1,265.5469644989935,265.58982703398215,265.53742643096484,0.09838790498906747,0.08091710601001978,265.3495873239008,0.01712911092909053,0.0008340599597431719,0.0,0.0,0.00010899320477619767,265.5369362679776,0.010028231015894562,0.009538068028632551,0.0004901629872620106,20,['_estimate'],wrapped:_estimate,serial,1,500,9998,500,recompute,9698,-0.6630765353541634,-0.5735442090275902,0.08953232632657326,0.08953232632657326,outputs/benchmark_shapley_estimators/acs_job42594737_xgboost_ease_fo_updates3/logs/LeverageSHAP_seed2041.log,outputs/benchmark_shapley_estimators/acs_job42594737_xgboost_ease_fo_updates3/per_run/LeverageSHAP_seed2041.json,"{""sampling_with_replacement"": true}"
ok,main,complement,Complement,complement,15,2041,200,10,500,1,266.2569530780311,266.3003409120138,266.2569530780311,6.016303086653352e-05,0.06733764713862911,266.05570961302146,0.13374916213797405,6.2820035964250565e-06,0.0,0.0,9.02106985449791e-05,266.2569530780311,0.0,0.0,0.0,0,[],not_configured,serial,1,500,5000,250,recompute,9488,-0.6630765353541634,-0.5735442090275902,0.08953232632657326,0.08830065603127156,outputs/benchmark_shapley_estimators/acs_job42594737_xgboost_ease_fo_updates3/logs/complement_seed2041.log,outputs/benchmark_shapley_estimators/acs_job42594737_xgboost_ease_fo_updates3/per_run/complement_seed2041.json,{}
ok,main,permutation,Permutation,permutation,15,2041,200,10,500,1,270.10628506098874,270.14927449496463,270.10628506098874,5.255901487544179e-05,0.001506343949586153,270.1040131220361,0.0006554029532708228,4.6790228225290775e-06,0.0,0.0,5.295401206240058e-05,270.10628506098874,0.0,0.0,0.0,0,[],not_configured,serial,1,500,200,10,recompute,9468,-0.6630765353541634,-0.5735442090275902,0.08953232632657326,0.08953232632657326,outputs/benchmark_shapley_estimators/acs_job42594737_xgboost_ease_fo_updates3/logs/permutation_seed2041.log,outputs/benchmark_shapley_estimators/acs_job42594737_xgboost_ease_fo_updates3/per_run/permutation_seed2041.json,{}
ok,main,RegressionMSR_unbiased,RegressionMSR,RegressionMSR_unbiased,15,2041,200,10,500,1,267.6117533239885,267.6565146649955,267.44409653014736,0.0009734930354170501,0.36511158396024257,267.0593069161405,0.18627004290465266,1.542898826301098e-05,0.0,0.0,7.585895946249366e-05,267.42722401116043,0.18452931282809004,0.16765679384116083,0.016872518986929208,20,['_run_kfold'],wrapped:_run_kfold,serial,1,500,10000,500,recompute,9720,-0.6630765353541634,-0.5735442090275902,0.08953232632657326,0.08953232632657329,outputs/benchmark_shapley_estimators/acs_job42594737_xgboost_ease_fo_updates3/logs/RegressionMSR_unbiased_seed2041.log,outputs/benchmark_shapley_estimators/acs_job42594737_xgboost_ease_fo_updates3/per_run/RegressionMSR_unbiased_seed2041.json,"{""num_folds"": 2, ""paired_sampling"": null, ""sampling_with_replacement"": true}"
ok,main,EaseSHAP_interaction_nonlinear,EASE-FO,EaseSHAP,16,2042,200,10,500,1,264.95756640000036,265.00120299099945,264.8941928188433,2.642318914993666,0.08815914415754378,262.11434546107193,0.10722333274316043,0.005419633002020419,0.0,0.0,9.991403203457594e-05,264.8888290708419,0.06873732915846631,0.06337358115706593,0.005363748001400381,21,['_engine._readout_estimate'],wrapped:_engine._readout_estimate,serial,1,500,9898,500,recompute,9198,-0.6630765353541634,-0.5735442090275902,0.08953232632657326,0.08953232632657318,outputs/benchmark_shapley_estimators/acs_job42594737_xgboost_ease_fo_updates3/logs/EaseSHAP_interaction_nonlinear_seed2042.log,outputs/benchmark_shapley_estimators/acs_job42594737_xgboost_ease_fo_updates3/per_run/EaseSHAP_interaction_nonlinear_seed2042.json,"{""boundary_order"": 1, ""boundary_policy"": ""fixed"", ""exact_boundary_handling"": true, ""include_nonlinear_size_terms"": true, ""num_folds"": 2, ""pilot_design_updates"": 3, ""pilot_fraction"": 0.2, ""surrogate_basis"": 1, ""surrogate_readout_mode"": ""crossfit"", ""surrogate_ridge_lambda"": 0.01, ""surrogate_ridge_schedule"": ""times_m"", ""use_complement_sampling"": true}"
ok,main,OFA_baseline,OFA baseline,OFA_baseline,16,2042,200,10,500,1,261.6449380189879,261.68783334398177,261.6449380189879,6.94809714332223e-05,0.0013948188861832023,261.64193670998793,0.0014481458347290754,3.127899253740907e-05,0.0,0.0,5.7584315072745085e-05,261.6449380189879,0.0,0.0,0.0,0,[],not_configured,serial,1,500,100,5,recompute,9462,-0.6630765353541634,-0.5735442090275902,0.08953232632657326,0.08801621505650707,outputs/benchmark_shapley_estimators/acs_job42594737_xgboost_ease_fo_updates3/logs/OFA_baseline_seed2042.log,outputs/benchmark_shapley_estimators/acs_job42594737_xgboost_ease_fo_updates3/per_run/OFA_baseline_seed2042.json,{}
ok,main,EaseSHAP_size_player,EASE-SP,EaseSHAP,16,2042,200,10,500,1,268.78204119199654,268.8264297589776,265.48973930696957,2.66010570601793,0.08682024799054489,262.30790431512287,3.4935382711701095,0.23357330705039203,0.0,0.0,9.93446446955204e-05,265.2562287169858,3.5258124750107527,3.2923018850269727,0.23351058998377994,21,['_engine._readout_estimate'],wrapped:_engine._readout_estimate,serial,1,500,9898,500,recompute,9252,-0.6630765353541634,-0.5735442090275902,0.08953232632657326,0.08953232632657214,outputs/benchmark_shapley_estimators/acs_job42594737_xgboost_ease_fo_updates3/logs/EaseSHAP_size_player_seed2042.log,outputs/benchmark_shapley_estimators/acs_job42594737_xgboost_ease_fo_updates3/per_run/EaseSHAP_size_player_seed2042.json,"{""boundary_order"": 1, ""boundary_policy"": ""fixed"", ""exact_boundary_handling"": true, ""include_nonlinear_size_terms"": false, ""num_folds"": 2, ""pilot_fraction"": 0.2, ""surrogate_basis"": ""size_player"", ""surrogate_correction_max_iter"": 10, ""surrogate_correction_solver_mode"": ""matrix_free"", ""surrogate_r_correction_alpha"": 1.0, ""surrogate_readout_mode"": ""crossfit"", ""surrogate_ridge_lambda"": 1.0, ""surrogate_ridge_scaling"": ""size_trace"", ""surrogate_ridge_schedule"": ""fixed"", ""surrogate_solver_mode"": ""size_player"", ""surrogate_stats_backend"": ""exact_conditional"", ""surrogate_u_correction_alpha"": 1.0, ""use_complement_sampling"": true}"
ok,main,OFA_fixed,OFA,OFA_fixed,16,2042,200,10,500,1,269.89836812601425,269.9418129560072,269.89836812601425,2.7015913899522275,0.29337062587728724,266.4252131669782,0.4780652039917186,2.4034990929067135e-05,0.0,0.0,0.00010370422387495637,269.89836812601425,0.0,0.0,0.0,0,[],not_configured,serial,1,500,10000,500,recompute,9850,-0.6630765353541634,-0.5735442090275902,0.08953232632657326,0.08947791100319942,outputs/benchmark_shapley_estimators/acs_job42594737_xgboost_ease_fo_updates3/logs/OFA_fixed_seed2042.log,outputs/benchmark_shapley_estimators/acs_job42594737_xgboost_ease_fo_updates3/per_run/OFA_fixed_seed2042.json,{}
ok,main,GELS,GELS,GELS,16,2042,200,10,500,1,264.0065522019868,264.0496354820207,264.0065522019868,0.00012983399210497737,0.2995856240740977,263.70327857509255,0.003479873004835099,3.3160322345793247e-06,0.0,0.0,7.497979095205665e-05,264.0065522019868,0.0,0.0,0.0,0,[],not_configured,serial,1,500,10000,500,recompute,7494,-0.6630765353541634,-0.5735442090275902,0.08953232632657326,0.09219252530310085,outputs/benchmark_shapley_estimators/acs_job42594737_xgboost_ease_fo_updates3/logs/GELS_seed2042.log,outputs/benchmark_shapley_estimators/acs_job42594737_xgboost_ease_fo_updates3/per_run/GELS_seed2042.json,{}
ok,main,SHAP_IQ,SHAP-IQ,SHAP_IQ,16,2042,200,10,500,1,265.25062109396094,265.2942464730004,265.25062109396094,0.09850096801528707,0.29388540505897254,264.8523200969212,0.005804737971629947,1.7833022866398096e-05,0.0,0.0,9.205297101289034e-05,265.25062109396094,0.0,0.0,0.0,0,[],not_configured,serial,1,500,10000,500,recompute,7501,-0.6630765353541634,-0.5735442090275902,0.08953232632657326,0.08953232632657337,outputs/benchmark_shapley_estimators/acs_job42594737_xgboost_ease_fo_updates3/logs/SHAP_IQ_seed2042.log,outputs/benchmark_shapley_estimators/acs_job42594737_xgboost_ease_fo_updates3/per_run/SHAP_IQ_seed2042.json,{}
ok,main,improved_AME,Improved AME,improved_AME,16,2042,200,10,500,1,263.9697089600377,264.0131066220347,263.9697089600377,4.262995207682252e-05,0.05008801183430478,263.9142634659074,0.00523466506274417,2.9549701139330864e-06,0.0,0.0,7.723231101408601e-05,263.9697089600377,0.0,0.0,0.0,0,[],not_configured,serial,1,500,10000,500,recompute,9321,-0.6630765353541634,-0.5735442090275902,0.08953232632657326,0.25637531961660115,outputs/benchmark_shapley_estimators/acs_job42594737_xgboost_ease_fo_updates3/logs/improved_AME_seed2042.log,outputs/benchmark_shapley_estimators/acs_job42594737_xgboost_ease_fo_updates3/per_run/improved_AME_seed2042.json,{}
ok,main,kernelSHAP,kernelSHAP,kernelSHAP,16,2042,200,10,500,1,264.5503325460013,264.5930818259949,264.53627936000703,0.09785334899788722,0.2923204740509391,264.139092243975,0.02093152003362775,1.8856022506952286e-05,0.0,0.0,0.00011610292131081223,264.5355652049766,0.014767341024708003,0.014053185994271189,0.0007141550304368138,20,['_estimate'],wrapped:_estimate,serial,1,500,10000,500,recompute,7501,-0.6630765353541634,-0.5735442090275902,0.08953232632657326,0.08953232632657346,outputs/benchmark_shapley_estimators/acs_job42594737_xgboost_ease_fo_updates3/logs/kernelSHAP_seed2042.log,outputs/benchmark_shapley_estimators/acs_job42594737_xgboost_ease_fo_updates3/per_run/kernelSHAP_seed2042.json,{}
ok,main,LeverageSHAP,LeverageSHAP,LeverageSHAP,16,2042,200,10,500,1,265.1655331630027,265.2085141990101,265.1558362969663,0.15115722501650453,0.08156592986779287,264.91428854188416,0.01749038795242086,0.0009187099640257657,0.0,0.0,0.00011236831778660417,265.15531908301637,0.010214079986326396,0.009696866036392748,0.0005172139499336481,20,['_estimate'],wrapped:_estimate,serial,1,500,9998,500,recompute,9626,-0.6630765353541634,-0.5735442090275902,0.08953232632657326,0.08953232632657326,outputs/benchmark_shapley_estimators/acs_job42594737_xgboost_ease_fo_updates3/logs/LeverageSHAP_seed2042.log,outputs/benchmark_shapley_estimators/acs_job42594737_xgboost_ease_fo_updates3/per_run/LeverageSHAP_seed2042.json,"{""sampling_with_replacement"": true}"
ok,main,complement,Complement,complement,16,2042,200,10,500,1,264.84433498897124,264.8877629869967,264.84433498897124,4.694797098636627e-05,0.06682486104546115,264.6429151839111,0.13446001400006935,3.847002517431974e-06,0.0,0.0,8.413504110649228e-05,264.84433498897124,0.0,0.0,0.0,0,[],not_configured,serial,1,500,5000,250,recompute,9476,-0.6630765353541634,-0.5735442090275902,0.08953232632657326,0.09053298352292773,outputs/benchmark_shapley_estimators/acs_job42594737_xgboost_ease_fo_updates3/logs/complement_seed2042.log,outputs/benchmark_shapley_estimators/acs_job42594737_xgboost_ease_fo_updates3/per_run/complement_seed2042.json,{}
ok,main,group_testing,Group testing,group_testing,16,2042,200,10,500,1,263.9096938809962,263.9531420659623,263.9096938809962,3.505597123876214e-05,0.29473106405930594,263.6135052429745,0.0013398719602264464,3.7470017559826374e-06,0.0,0.0,7.889902917668223e-05,263.9096938809962,0.0,0.0,0.0,0,[],not_configured,serial,1,500,10000,500,recompute,7494,-0.6630765353541634,-0.5735442090275902,0.08953232632657326,-1.2282241322682523,outputs/benchmark_shapley_estimators/acs_job42594737_xgboost_ease_fo_updates3/logs/group_testing_seed2042.log,outputs/benchmark_shapley_estimators/acs_job42594737_xgboost_ease_fo_updates3/per_run/group_testing_seed2042.json,{}
ok,main,sampling_lift,Sampling lift,sampling_lift,16,2042,200,10,500,1,274.00046489498345,274.04395595099777,274.00046489498345,4.052603617310524e-05,0.0010703879524953663,273.9985689300811,0.0007103090174496174,2.8543989174067974e-05,0.0,0.0,4.619790706783533e-05,274.00046489498345,0.0,0.0,0.0,0,[],not_configured,serial,1,500,100,5,recompute,4882,-0.6630765353541634,-0.5735442090275902,0.08953232632657326,0.132443014570495,outputs/benchmark_shapley_estimators/acs_job42594737_xgboost_ease_fo_updates3/logs/sampling_lift_seed2042.log,outputs/benchmark_shapley_estimators/acs_job42594737_xgboost_ease_fo_updates3/per_run/sampling_lift_seed2042.json,{}
ok,main,permutation,Permutation,permutation,16,2042,200,10,500,1,268.47878634900553,268.52156787901185,268.47878634900553,5.4773990996181965e-05,0.001501278078649193,268.4764692289755,0.0006782861892133951,2.969603519886732e-05,0.0,0.0,5.3085735999047756e-05,268.47878634900553,0.0,0.0,0.0,0,[],not_configured,serial,1,500,200,10,recompute,9465,-0.6630765353541634,-0.5735442090275902,0.08953232632657326,0.08953232632657326,outputs/benchmark_shapley_estimators/acs_job42594737_xgboost_ease_fo_updates3/logs/permutation_seed2042.log,outputs/benchmark_shapley_estimators/acs_job42594737_xgboost_ease_fo_updates3/per_run/permutation_seed2042.json,{}
ok,main,OFA_baseline,OFA baseline,OFA_baseline,17,2043,200,10,500,1,263.67542390798917,263.7184979629819,263.67542390798917,5.3310999646782875e-05,0.0013731629005633295,263.6724656088627,0.0014420236693695188,3.0266994144767523e-05,0.0,0.0,5.953456275165081e-05,263.67542390798917,0.0,0.0,0.0,0,[],not_configured,serial,1,500,100,5,recompute,9467,-0.6630765353541634,-0.5735442090275902,0.08953232632657326,0.09014547160360525,outputs/benchmark_shapley_estimators/acs_job42594737_xgboost_ease_fo_updates3/logs/OFA_baseline_seed2043.log,outputs/benchmark_shapley_estimators/acs_job42594737_xgboost_ease_fo_updates3/per_run/OFA_baseline_seed2043.json,{}
ok,main,RegressionMSR_unbiased,RegressionMSR,RegressionMSR_unbiased,16,2042,200,10,500,1,266.82519686501473,266.87092796101933,266.6617819260573,0.0011448360164649785,0.36470965488115326,266.27705171285197,0.18220956006553024,5.8810110203921795e-06,0.0,0.0,7.522018859162927e-05,266.64478558907285,0.18041127594187856,0.16341493895743042,0.016996336984448135,20,['_run_kfold'],wrapped:_run_kfold,serial,1,500,10000,500,recompute,9654,-0.6630765353541634,-0.5735442090275902,0.08953232632657326,0.08953232632657321,outputs/benchmark_shapley_estimators/acs_job42594737_xgboost_ease_fo_updates3/logs/RegressionMSR_unbiased_seed2042.log,outputs/benchmark_shapley_estimators/acs_job42594737_xgboost_ease_fo_updates3/per_run/RegressionMSR_unbiased_seed2042.json,"{""num_folds"": 2, ""paired_sampling"": null, ""sampling_with_replacement"": true}"
ok,main,EaseSHAP_interaction_nonlinear,EASE-FO,EaseSHAP,17,2043,200,10,500,1,266.7152345009963,266.7580074900179,266.6524734979612,2.619479069020599,0.08714534708997235,263.8962595938938,0.1067397587466985,0.0055218119523487985,0.0,0.0,8.892029291018844e-05,266.6470042250003,0.06823027599602938,0.06276100303512067,0.005469272960908711,21,['_engine._readout_estimate'],wrapped:_engine._readout_estimate,serial,1,500,9898,500,recompute,9134,-0.6630765353541634,-0.5735442090275902,0.08953232632657326,0.08953232632657313,outputs/benchmark_shapley_estimators/acs_job42594737_xgboost_ease_fo_updates3/logs/EaseSHAP_interaction_nonlinear_seed2043.log,outputs/benchmark_shapley_estimators/acs_job42594737_xgboost_ease_fo_updates3/per_run/EaseSHAP_interaction_nonlinear_seed2043.json,"{""boundary_order"": 1, ""boundary_policy"": ""fixed"", ""exact_boundary_handling"": true, ""include_nonlinear_size_terms"": true, ""num_folds"": 2, ""pilot_design_updates"": 3, ""pilot_fraction"": 0.2, ""surrogate_basis"": 1, ""surrogate_readout_mode"": ""crossfit"", ""surrogate_ridge_lambda"": 0.01, ""surrogate_ridge_schedule"": ""times_m"", ""use_complement_sampling"": true}"
ok,main,GELS,GELS,GELS,17,2043,200,10,500,1,262.78490631998284,262.8281345849973,262.78490631998284,0.00011905399151146412,0.3003047139500268,262.4807520220056,0.0036487870384007692,3.0159717425704002e-06,0.0,0.0,7.872702553868294e-05,262.78490631998284,0.0,0.0,0.0,0,[],not_configured,serial,1,500,10000,500,recompute,7540,-0.6630765353541634,-0.5735442090275902,0.08953232632657326,0.057443550353611705,outputs/benchmark_shapley_estimators/acs_job42594737_xgboost_ease_fo_updates3/logs/GELS_seed2043.log,outputs/benchmark_shapley_estimators/acs_job42594737_xgboost_ease_fo_updates3/per_run/GELS_seed2043.json,{}
ok,main,EaseSHAP_size_player,EASE-SP,EaseSHAP,17,2043,200,10,500,1,267.1893918319838,267.2330418720376,263.89192067988915,2.6081840719562024,0.08642730390420184,260.7676548010204,3.4957012910745107,0.2313242800300941,0.0,0.0,0.00010008399840444326,263.6606403028709,3.528751529112924,3.2974711520946585,0.23128037701826543,21,['_engine._readout_estimate'],wrapped:_engine._readout_estimate,serial,1,500,9898,500,recompute,9634,-0.6630765353541634,-0.5735442090275902,0.08953232632657326,0.08953232632657158,outputs/benchmark_shapley_estimators/acs_job42594737_xgboost_ease_fo_updates3/logs/EaseSHAP_size_player_seed2043.log,outputs/benchmark_shapley_estimators/acs_job42594737_xgboost_ease_fo_updates3/per_run/EaseSHAP_size_player_seed2043.json,"{""boundary_order"": 1, ""boundary_policy"": ""fixed"", ""exact_boundary_handling"": true, ""include_nonlinear_size_terms"": false, ""num_folds"": 2, ""pilot_fraction"": 0.2, ""surrogate_basis"": ""size_player"", ""surrogate_correction_max_iter"": 10, ""surrogate_correction_solver_mode"": ""matrix_free"", ""surrogate_r_correction_alpha"": 1.0, ""surrogate_readout_mode"": ""crossfit"", ""surrogate_ridge_lambda"": 1.0, ""surrogate_ridge_scaling"": ""size_trace"", ""surrogate_ridge_schedule"": ""fixed"", ""surrogate_solver_mode"": ""size_player"", ""surrogate_stats_backend"": ""exact_conditional"", ""surrogate_u_correction_alpha"": 1.0, ""use_complement_sampling"": true}"
ok,main,group_testing,Group testing,group_testing,17,2043,200,10,500,1,261.59207227197476,261.63514273095643,261.59207227197476,5.0525006372481585e-05,0.29151640401687473,261.29902477405267,0.0013984849210828543,3.456021659076214e-06,0.0,0.0,7.862795609980822e-05,261.59207227197476,0.0,0.0,0.0,0,[],not_configured,serial,1,500,10000,500,recompute,7540,-0.6630765353541634,-0.5735442090275902,0.08953232632657326,-0.7911191403128863,outputs/benchmark_shapley_estimators/acs_job42594737_xgboost_ease_fo_updates3/logs/group_testing_seed2043.log,outputs/benchmark_shapley_estimators/acs_job42594737_xgboost_ease_fo_updates3/per_run/group_testing_seed2043.json,{}
ok,main,improved_AME,Improved AME,improved_AME,17,2043,200,10,500,1,265.7013681780081,265.7450409689918,265.7013681780081,4.785996861755848e-05,0.04995251406216994,265.64587151497835,0.005420264962594956,3.966968506574631e-06,0.0,0.0,7.205706788226962e-05,265.7013681780081,0.0,0.0,0.0,0,[],not_configured,serial,1,500,10000,500,recompute,9291,-0.6630765353541634,-0.5735442090275902,0.08953232632657326,0.21497449409211777,outputs/benchmark_shapley_estimators/acs_job42594737_xgboost_ease_fo_updates3/logs/improved_AME_seed2043.log,outputs/benchmark_shapley_estimators/acs_job42594737_xgboost_ease_fo_updates3/per_run/improved_AME_seed2043.json,{}
ok,main,SHAP_IQ,SHAP-IQ,SHAP_IQ,17,2043,200,10,500,1,266.7416151110083,266.7846974420245,266.7416151110083,0.099783593963366,0.2961701560416259,266.33972109807655,0.005829565052408725,1.8153979908674955e-05,0.0,0.0,9.254389442503452e-05,266.7416151110083,0.0,0.0,0.0,0,[],not_configured,serial,1,500,10000,500,recompute,7572,-0.6630765353541634,-0.5735442090275902,0.08953232632657326,0.08953232632657328,outputs/benchmark_shapley_estimators/acs_job42594737_xgboost_ease_fo_updates3/logs/SHAP_IQ_seed2043.log,outputs/benchmark_shapley_estimators/acs_job42594737_xgboost_ease_fo_updates3/per_run/SHAP_IQ_seed2043.json,{}
ok,main,OFA_fixed,OFA,OFA_fixed,17,2043,200,10,500,1,271.2241970759933,271.2675097209867,271.2241970759933,2.7106657259864733,0.29202763189096004,267.74468750308733,0.4766958049731329,2.265302464365959e-05,0.0,0.0,9.775703074410558e-05,271.2241970759933,0.0,0.0,0.0,0,[],not_configured,serial,1,500,10000,500,recompute,9876,-0.6630765353541634,-0.5735442090275902,0.08953232632657326,0.09010225976574689,outputs/benchmark_shapley_estimators/acs_job42594737_xgboost_ease_fo_updates3/logs/OFA_fixed_seed2043.log,outputs/benchmark_shapley_estimators/acs_job42594737_xgboost_ease_fo_updates3/per_run/OFA_fixed_seed2043.json,{}
ok,main,kernelSHAP,kernelSHAP,kernelSHAP,17,2043,200,10,500,1,266.8868400710053,266.93015097198077,266.8729916290613,0.09966099902521819,0.29527997004333884,266.47098200791515,0.02079151605721563,1.812400296330452e-05,0.0,0.0,0.00010745396139100194,266.8722777660587,0.01456230494659394,0.01384844194399193,0.000713863002602011,20,['_estimate'],wrapped:_estimate,serial,1,500,10000,500,recompute,7572,-0.6630765353541634,-0.5735442090275902,0.08953232632657326,0.08953232632657229,outputs/benchmark_shapley_estimators/acs_job42594737_xgboost_ease_fo_updates3/logs/kernelSHAP_seed2043.log,outputs/benchmark_shapley_estimators/acs_job42594737_xgboost_ease_fo_updates3/per_run/kernelSHAP_seed2043.json,{}
ok,main,LeverageSHAP,LeverageSHAP,LeverageSHAP,17,2043,200,10,500,1,266.7611585619743,266.8046288629994,266.75151740096044,0.10776785295456648,0.08151890308363363,266.55370489606867,0.017163814278319478,0.0008841439848765731,0.0,0.0,0.00011895160423591733,266.7510106769623,0.010147885011974722,0.009641161013860255,0.0005067239981144667,20,['_estimate'],wrapped:_estimate,serial,1,500,9998,500,recompute,9676,-0.6630765353541634,-0.5735442090275902,0.08953232632657326,0.08953232632657326,outputs/benchmark_shapley_estimators/acs_job42594737_xgboost_ease_fo_updates3/logs/LeverageSHAP_seed2043.log,outputs/benchmark_shapley_estimators/acs_job42594737_xgboost_ease_fo_updates3/per_run/LeverageSHAP_seed2043.json,"{""sampling_with_replacement"": true}"
ok,main,complement,Complement,complement,17,2043,200,10,500,1,266.2650014930405,266.30890912702307,266.2650014930405,4.093698225915432e-05,0.06695994298206642,266.0650719709229,0.13281624496448785,3.0266004614531994e-05,0.0,0.0,8.213118417188525e-05,266.2650014930405,0.0,0.0,0.0,0,[],not_configured,serial,1,500,5000,250,recompute,9586,-0.6630765353541634,-0.5735442090275902,0.08953232632657326,0.08964244134884497,outputs/benchmark_shapley_estimators/acs_job42594737_xgboost_ease_fo_updates3/logs/complement_seed2043.log,outputs/benchmark_shapley_estimators/acs_job42594737_xgboost_ease_fo_updates3/per_run/complement_seed2043.json,{}
ok,main,sampling_lift,Sampling lift,sampling_lift,17,2043,200,10,500,1,269.6054062100011,269.6490508179995,269.6054062100011,4.5806984417140484e-05,0.0010572808678261936,269.60358773515327,0.0006624168599955738,3.296008799225092e-06,0.0,0.0,4.967412678524852e-05,269.6054062100011,0.0,0.0,0.0,0,[],not_configured,serial,1,500,100,5,recompute,4885,-0.6630765353541634,-0.5735442090275902,0.08953232632657326,0.14837379638424492,outputs/benchmark_shapley_estimators/acs_job42594737_xgboost_ease_fo_updates3/logs/sampling_lift_seed2043.log,outputs/benchmark_shapley_estimators/acs_job42594737_xgboost_ease_fo_updates3/per_run/sampling_lift_seed2043.json,{}
ok,main,RegressionMSR_unbiased,RegressionMSR,RegressionMSR_unbiased,17,2043,200,10,500,1,264.144625757006,264.187032826012,263.99127109796973,0.0009515010169707239,0.3671814039698802,263.6068127147737,0.16957385500427336,3.1589006539434195e-05,0.0,0.0,7.469323463737965e-05,263.9766604700126,0.16796528699342161,0.15335465903626755,0.014610627957154065,20,['_run_kfold'],wrapped:_run_kfold,serial,1,500,10000,500,recompute,9678,-0.6630765353541634,-0.5735442090275902,0.08953232632657326,0.08953232632657314,outputs/benchmark_shapley_estimators/acs_job42594737_xgboost_ease_fo_updates3/logs/RegressionMSR_unbiased_seed2043.log,outputs/benchmark_shapley_estimators/acs_job42594737_xgboost_ease_fo_updates3/per_run/RegressionMSR_unbiased_seed2043.json,"{""num_folds"": 2, ""paired_sampling"": null, ""sampling_with_replacement"": true}"
ok,main,permutation,Permutation,permutation,17,2043,200,10,500,1,269.7369844330242,269.77939278498525,269.7369844330242,4.446395905688405e-05,0.00154419697355479,269.7345968700829,0.0007404353236779571,3.2360549084842205e-06,0.0,0.0,5.523063009604812e-05,269.7369844330242,0.0,0.0,0.0,0,[],not_configured,serial,1,500,200,10,recompute,9464,-0.6630765353541634,-0.5735442090275902,0.08953232632657326,0.08953232632657325,outputs/benchmark_shapley_estimators/acs_job42594737_xgboost_ease_fo_updates3/logs/permutation_seed2043.log,outputs/benchmark_shapley_estimators/acs_job42594737_xgboost_ease_fo_updates3/per_run/permutation_seed2043.json,{}
ok,main,EaseSHAP_interaction_nonlinear,EASE-FO,EaseSHAP,18,2044,200,10,500,1,263.97364669200033,264.01665551401675,263.9112097428879,2.6149660800001584,0.08765463205054402,261.1595600990695,0.10595353704411536,0.0054175659897737205,0.0,0.0,9.477784624323249e-05,263.90585735993227,0.0677893320680596,0.06243694911245257,0.005352382955607027,21,['_engine._readout_estimate'],wrapped:_engine._readout_estimate,serial,1,500,9898,500,recompute,9192,-0.6630765353541634,-0.5735442090275902,0.08953232632657326,0.08953232632657307,outputs/benchmark_shapley_estimators/acs_job42594737_xgboost_ease_fo_updates3/logs/EaseSHAP_interaction_nonlinear_seed2044.log,outputs/benchmark_shapley_estimators/acs_job42594737_xgboost_ease_fo_updates3/per_run/EaseSHAP_interaction_nonlinear_seed2044.json,"{""boundary_order"": 1, ""boundary_policy"": ""fixed"", ""exact_boundary_handling"": true, ""include_nonlinear_size_terms"": true, ""num_folds"": 2, ""pilot_design_updates"": 3, ""pilot_fraction"": 0.2, ""surrogate_basis"": 1, ""surrogate_readout_mode"": ""crossfit"", ""surrogate_ridge_lambda"": 0.01, ""surrogate_ridge_schedule"": ""times_m"", ""use_complement_sampling"": true}"
ok,main,EaseSHAP_size_player,EASE-SP,EaseSHAP,18,2044,200,10,500,1,268.4559565639938,268.49750045797555,265.2943123918376,2.705076908983756,0.08756247808923945,262.0794908379903,3.359169044997543,0.22455649299081415,0.0,0.0,0.00010080094216391444,265.0698155608261,3.3861410031677224,3.1616441721562296,0.22449683101149276,21,['_engine._readout_estimate'],wrapped:_engine._readout_estimate,serial,1,500,9898,500,recompute,9084,-0.6630765353541634,-0.5735442090275902,0.08953232632657326,0.08953232632657201,outputs/benchmark_shapley_estimators/acs_job42594737_xgboost_ease_fo_updates3/logs/EaseSHAP_size_player_seed2044.log,outputs/benchmark_shapley_estimators/acs_job42594737_xgboost_ease_fo_updates3/per_run/EaseSHAP_size_player_seed2044.json,"{""boundary_order"": 1, ""boundary_policy"": ""fixed"", ""exact_boundary_handling"": true, ""include_nonlinear_size_terms"": false, ""num_folds"": 2, ""pilot_fraction"": 0.2, ""surrogate_basis"": ""size_player"", ""surrogate_correction_max_iter"": 10, ""surrogate_correction_solver_mode"": ""matrix_free"", ""surrogate_r_correction_alpha"": 1.0, ""surrogate_readout_mode"": ""crossfit"", ""surrogate_ridge_lambda"": 1.0, ""surrogate_ridge_scaling"": ""size_trace"", ""surrogate_ridge_schedule"": ""fixed"", ""surrogate_solver_mode"": ""size_player"", ""surrogate_stats_backend"": ""exact_conditional"", ""surrogate_u_correction_alpha"": 1.0, ""use_complement_sampling"": true}"
ok,main,OFA_fixed,OFA,OFA_fixed,18,2044,200,10,500,1,270.4210625929991,270.46337544498965,270.4210625929991,2.711210316978395,0.2931636149296537,266.94116549607133,0.47539579001022503,1.884601078927517e-05,0.0,0.0,0.00010852899868041277,270.4210625929991,0.0,0.0,0.0,0,[],not_configured,serial,1,500,10000,500,recompute,9868,-0.6630765353541634,-0.5735442090275902,0.08953232632657326,0.08968225342787813,outputs/benchmark_shapley_estimators/acs_job42594737_xgboost_ease_fo_updates3/logs/OFA_fixed_seed2044.log,outputs/benchmark_shapley_estimators/acs_job42594737_xgboost_ease_fo_updates3/per_run/OFA_fixed_seed2044.json,{}
ok,main,OFA_baseline,OFA baseline,OFA_baseline,18,2044,200,10,500,1,264.4523069509887,264.493723496038,264.4523069509887,6.93310284987092e-05,0.001408143900334835,264.44926812988706,0.0014741169870831072,2.647895598784089e-05,0.0,0.0,6.075022974982858e-05,264.4523069509887,0.0,0.0,0.0,0,[],not_configured,serial,1,500,100,5,recompute,9473,-0.6630765353541634,-0.5735442090275902,0.08953232632657326,0.09037791870594174,outputs/benchmark_shapley_estimators/acs_job42594737_xgboost_ease_fo_updates3/logs/OFA_baseline_seed2044.log,outputs/benchmark_shapley_estimators/acs_job42594737_xgboost_ease_fo_updates3/per_run/OFA_baseline_seed2044.json,{}
ok,main,SHAP_IQ,SHAP-IQ,SHAP_IQ,18,2044,200,10,500,1,253.5323064129916,253.57387777400436,253.5323064129916,0.1094197949860245,0.28959440492326394,253.12763575016288,0.005550334928557277,1.8043967429548502e-05,0.0,0.0,8.808402344584465e-05,253.5323064129916,0.0,0.0,0.0,0,[],not_configured,serial,1,500,10000,500,recompute,7598,-0.6630765353541634,-0.5735442090275902,0.08953232632657326,0.08953232632657336,outputs/benchmark_shapley_estimators/acs_job42594737_xgboost_ease_fo_updates3/logs/SHAP_IQ_seed2044.log,outputs/benchmark_shapley_estimators/acs_job42594737_xgboost_ease_fo_updates3/per_run/SHAP_IQ_seed2044.json,{}
ok,main,sampling_lift,Sampling lift,sampling_lift,18,2044,200,10,500,1,258.43237995298114,258.4735002950183,258.43237995298114,3.455503610894084e-05,0.0009849541238509119,258.43065135914367,0.0006390630733221769,2.5868997909128666e-05,0.0,0.0,4.415260627865791e-05,258.43237995298114,0.0,0.0,0.0,0,[],not_configured,serial,1,500,100,5,recompute,5097,-0.6630765353541634,-0.5735442090275902,0.08953232632657326,0.03761533216160667,outputs/benchmark_shapley_estimators/acs_job42594737_xgboost_ease_fo_updates3/logs/sampling_lift_seed2044.log,outputs/benchmark_shapley_estimators/acs_job42594737_xgboost_ease_fo_updates3/per_run/sampling_lift_seed2044.json,{}
ok,main,improved_AME,Improved AME,improved_AME,18,2044,200,10,500,1,252.38658720097737,252.4280478230212,252.38658720097737,4.202901618555188e-05,0.048959454987198114,252.33238612109562,0.005134805920533836,2.6249908842146397e-06,0.0,0.0,6.21649669483304e-05,252.38658720097737,0.0,0.0,0.0,0,[],not_configured,serial,1,500,10000,500,recompute,9269,-0.6630765353541634,-0.5735442090275902,0.08953232632657326,0.17320537235558328,outputs/benchmark_shapley_estimators/acs_job42594737_xgboost_ease_fo_updates3/logs/improved_AME_seed2044.log,outputs/benchmark_shapley_estimators/acs_job42594737_xgboost_ease_fo_updates3/per_run/improved_AME_seed2044.json,{}
ok,main,GELS,GELS,GELS,18,2044,200,10,500,1,255.61820633901516,255.6595755899907,255.61820633901516,0.00016866798978298903,0.295279928133823,255.31923265202204,0.003420557943172753,2.8162961825728416e-05,0.0,0.0,7.636996451765299e-05,255.61820633901516,0.0,0.0,0.0,0,[],not_configured,serial,1,500,10000,500,recompute,7526,-0.6630765353541634,-0.5735442090275902,0.08953232632657326,0.10487223841667337,outputs/benchmark_shapley_estimators/acs_job42594737_xgboost_ease_fo_updates3/logs/GELS_seed2044.log,outputs/benchmark_shapley_estimators/acs_job42594737_xgboost_ease_fo_updates3/per_run/GELS_seed2044.json,{}
ok,main,kernelSHAP,kernelSHAP,kernelSHAP,18,2044,200,10,500,1,253.49652777297888,253.53773111099144,253.48331869300455,0.09828350000316277,0.2905702669522725,253.08792137308046,0.019634985888842493,1.8704973626881838e-05,0.0,0.0,9.894208051264286e-05,253.48265766899567,0.013870103983208537,0.013209079974330962,0.0006610240088775754,20,['_estimate'],wrapped:_estimate,serial,1,500,10000,500,recompute,7598,-0.6630765353541634,-0.5735442090275902,0.08953232632657326,0.08953232632657379,outputs/benchmark_shapley_estimators/acs_job42594737_xgboost_ease_fo_updates3/logs/kernelSHAP_seed2044.log,outputs/benchmark_shapley_estimators/acs_job42594737_xgboost_ease_fo_updates3/per_run/kernelSHAP_seed2044.json,{}
ok,main,complement,Complement,complement,18,2044,200,10,500,1,253.42193879798288,253.46232805395266,253.42193879798288,4.7249021008610725e-05,0.066149459220469,253.22444916312816,0.13121733482694253,2.6249908842146397e-06,0.0,0.0,7.29667954146862e-05,253.42193879798288,0.0,0.0,0.0,0,[],not_configured,serial,1,500,5000,250,recompute,9420,-0.6630765353541634,-0.5735442090275902,0.08953232632657326,0.08825120635433774,outputs/benchmark_shapley_estimators/acs_job42594737_xgboost_ease_fo_updates3/logs/complement_seed2044.log,outputs/benchmark_shapley_estimators/acs_job42594737_xgboost_ease_fo_updates3/per_run/complement_seed2044.json,{}
ok,main,group_testing,Group testing,group_testing,18,2044,200,10,500,1,253.192886653007,253.23366284795338,253.192886653007,4.830100806429982e-05,0.28948238503653556,252.9019355250639,0.0013164060073904693,3.2751006074249744e-05,0.0,0.0,7.128488505259156e-05,253.192886653007,0.0,0.0,0.0,0,[],not_configured,serial,1,500,10000,500,recompute,7526,-0.6630765353541634,-0.5735442090275902,0.08953232632657326,-0.7662323920964594,outputs/benchmark_shapley_estimators/acs_job42594737_xgboost_ease_fo_updates3/logs/group_testing_seed2044.log,outputs/benchmark_shapley_estimators/acs_job42594737_xgboost_ease_fo_updates3/per_run/group_testing_seed2044.json,{}
ok,main,LeverageSHAP,LeverageSHAP,LeverageSHAP,18,2044,200,10,500,1,255.78993339498993,255.83040096896002,255.78073616704205,0.09885990398470312,0.08125503495102748,255.59277067700168,0.0161525389412418,0.000800365989562124,0.0,0.0,9.487412171438336e-05,255.78023660602048,0.009696788969449699,0.009197227947879583,0.0004995610215701163,20,['_estimate'],wrapped:_estimate,serial,1,500,9998,500,recompute,9708,-0.6630765353541634,-0.5735442090275902,0.08953232632657326,0.08953232632657325,outputs/benchmark_shapley_estimators/acs_job42594737_xgboost_ease_fo_updates3/logs/LeverageSHAP_seed2044.log,outputs/benchmark_shapley_estimators/acs_job42594737_xgboost_ease_fo_updates3/per_run/LeverageSHAP_seed2044.json,"{""sampling_with_replacement"": true}"
ok,main,permutation,Permutation,permutation,18,2044,200,10,500,1,257.3627446530154,257.4025013790233,257.3627446530154,5.211797542870045e-05,0.0014688241062685847,257.3604761128663,0.0006732250330969691,2.5298038963228464e-05,0.0,0.0,4.90749953314662e-05,257.3627446530154,0.0,0.0,0.0,0,[],not_configured,serial,1,500,200,10,recompute,9464,-0.6630765353541634,-0.5735442090275902,0.08953232632657326,0.08953232632657325,outputs/benchmark_shapley_estimators/acs_job42594737_xgboost_ease_fo_updates3/logs/permutation_seed2044.log,outputs/benchmark_shapley_estimators/acs_job42594737_xgboost_ease_fo_updates3/per_run/permutation_seed2044.json,{}
ok,main,EaseSHAP_interaction_nonlinear,EASE-FO,EaseSHAP,19,2045,200,10,500,1,253.94656772795133,253.98661620303756,253.88808071485255,2.625253453035839,0.08626791893038899,251.13130430708406,0.09878949506673962,0.004869353957474232,0.0,0.0,8.319987682625651e-05,253.88326005183626,0.06330767611507326,0.05848701309878379,0.004820663016289473,21,['_engine._readout_estimate'],wrapped:_engine._readout_estimate,serial,1,500,9898,500,recompute,9478,-0.6630765353541634,-0.5735442090275902,0.08953232632657326,0.08953232632657306,outputs/benchmark_shapley_estimators/acs_job42594737_xgboost_ease_fo_updates3/logs/EaseSHAP_interaction_nonlinear_seed2045.log,outputs/benchmark_shapley_estimators/acs_job42594737_xgboost_ease_fo_updates3/per_run/EaseSHAP_interaction_nonlinear_seed2045.json,"{""boundary_order"": 1, ""boundary_policy"": ""fixed"", ""exact_boundary_handling"": true, ""include_nonlinear_size_terms"": true, ""num_folds"": 2, ""pilot_design_updates"": 3, ""pilot_fraction"": 0.2, ""surrogate_basis"": 1, ""surrogate_readout_mode"": ""crossfit"", ""surrogate_ridge_lambda"": 0.01, ""surrogate_ridge_schedule"": ""times_m"", ""use_complement_sampling"": true}"
ok,main,OFA_baseline,OFA baseline,OFA_baseline,19,2045,200,10,500,1,251.98466634901706,252.02484254504088,251.98466634901706,5.784898530691862e-05,0.0012969402014277875,251.98191237595165,0.0013459458714351058,3.296008799225092e-06,0.0,0.0,4.9941998440772295e-05,251.98466634901706,0.0,0.0,0.0,0,[],not_configured,serial,1,500,100,5,recompute,9478,-0.6630765353541634,-0.5735442090275902,0.08953232632657326,0.08801524824618344,outputs/benchmark_shapley_estimators/acs_job42594737_xgboost_ease_fo_updates3/logs/OFA_baseline_seed2045.log,outputs/benchmark_shapley_estimators/acs_job42594737_xgboost_ease_fo_updates3/per_run/OFA_baseline_seed2045.json,{}
ok,main,RegressionMSR_unbiased,RegressionMSR,RegressionMSR_unbiased,18,2044,200,10,500,1,256.82868729298934,256.8703488240135,256.67826846201206,0.0009845340391620994,0.3647550191381015,256.2978090370307,0.16506529197795317,3.976980224251747e-06,0.0,0.0,6.943382322788239e-05,256.6652243010467,0.16346299194265157,0.15041883097728714,0.013044160965364426,20,['_run_kfold'],wrapped:_run_kfold,serial,1,500,10000,500,recompute,9692,-0.6630765353541634,-0.5735442090275902,0.08953232632657326,0.08953232632657329,outputs/benchmark_shapley_estimators/acs_job42594737_xgboost_ease_fo_updates3/logs/RegressionMSR_unbiased_seed2044.log,outputs/benchmark_shapley_estimators/acs_job42594737_xgboost_ease_fo_updates3/per_run/RegressionMSR_unbiased_seed2044.json,"{""num_folds"": 2, ""paired_sampling"": null, ""sampling_with_replacement"": true}"
ok,main,SHAP_IQ,SHAP-IQ,SHAP_IQ,19,2045,200,10,500,1,251.93505157798063,251.97548689099494,251.93505157798063,0.09807325300062075,0.29321167326997966,251.53802769898903,0.005634105124045163,1.3755052350461483e-05,0.0,0.0,9.109254460781813e-05,251.93505157798063,0.0,0.0,0.0,0,[],not_configured,serial,1,500,10000,500,recompute,7592,-0.6630765353541634,-0.5735442090275902,0.08953232632657326,0.08953232632657332,outputs/benchmark_shapley_estimators/acs_job42594737_xgboost_ease_fo_updates3/logs/SHAP_IQ_seed2045.log,outputs/benchmark_shapley_estimators/acs_job42594737_xgboost_ease_fo_updates3/per_run/SHAP_IQ_seed2045.json,{}
ok,main,GELS,GELS,GELS,19,2045,200,10,500,1,251.77330837596674,251.8127366740373,251.77330837596674,8.414901094511151e-05,0.30402741784928367,251.46580020198599,0.0033200960024259984,2.8050271794199944e-06,0.0,0.0,7.370609091594815e-05,251.77330837596674,0.0,0.0,0.0,0,[],not_configured,serial,1,500,10000,500,recompute,7523,-0.6630765353541634,-0.5735442090275902,0.08953232632657326,0.07257284079350468,outputs/benchmark_shapley_estimators/acs_job42594737_xgboost_ease_fo_updates3/logs/GELS_seed2045.log,outputs/benchmark_shapley_estimators/acs_job42594737_xgboost_ease_fo_updates3/per_run/GELS_seed2045.json,{}
ok,main,improved_AME,Improved AME,improved_AME,19,2045,200,10,500,1,251.3075984469615,251.34776906197658,251.3075984469615,3.975501749664545e-05,0.049077326140832156,251.25351284904173,0.0049044229090213776,3.056018613278866e-06,0.0,0.0,6.103783380240202e-05,251.3075984469615,0.0,0.0,0.0,0,[],not_configured,serial,1,500,10000,500,recompute,9259,-0.6630765353541634,-0.5735442090275902,0.08953232632657326,-0.2492179574721718,outputs/benchmark_shapley_estimators/acs_job42594737_xgboost_ease_fo_updates3/logs/improved_AME_seed2045.log,outputs/benchmark_shapley_estimators/acs_job42594737_xgboost_ease_fo_updates3/per_run/improved_AME_seed2045.json,{}
ok,main,kernelSHAP,kernelSHAP,kernelSHAP,19,2045,200,10,500,1,251.6467154599959,251.68695181800285,251.6336722682463,0.1014030699734576,0.2899224980501458,251.23582882375922,0.01944538508541882,1.724303001537919e-05,0.0,0.0,9.844009764492512e-05,251.63302329723956,0.01369216275634244,0.013043191749602556,0.0006489710067398846,20,['_estimate'],wrapped:_estimate,serial,1,500,10000,500,recompute,7592,-0.6630765353541634,-0.5735442090275902,0.08953232632657326,0.08953232632657306,outputs/benchmark_shapley_estimators/acs_job42594737_xgboost_ease_fo_updates3/logs/kernelSHAP_seed2045.log,outputs/benchmark_shapley_estimators/acs_job42594737_xgboost_ease_fo_updates3/per_run/kernelSHAP_seed2045.json,{}
ok,main,OFA_fixed,OFA,OFA_fixed,19,2045,200,10,500,1,256.7158748790389,256.75556277600117,256.7158748790389,2.717956834996585,0.2884014149312861,253.24078509223182,0.4686260769376531,1.3765995390713215e-05,0.0,0.0,9.169394616037607e-05,256.7158748790389,0.0,0.0,0.0,0,[],not_configured,serial,1,500,10000,500,recompute,9890,-0.6630765353541634,-0.5735442090275902,0.08953232632657326,0.08966548598399378,outputs/benchmark_shapley_estimators/acs_job42594737_xgboost_ease_fo_updates3/logs/OFA_fixed_seed2045.log,outputs/benchmark_shapley_estimators/acs_job42594737_xgboost_ease_fo_updates3/per_run/OFA_fixed_seed2045.json,{}
ok,main,EaseSHAP_size_player,EASE-SP,EaseSHAP,19,2045,200,10,500,1,258.0221425589989,258.06228489102796,254.8210344739491,2.6408947390154935,0.08662248798646033,251.67714250419522,3.393610468134284,0.223784101952333,0.0,0.0,8.825771510601044e-05,254.59727132192347,3.424871237075422,3.201108085049782,0.22376315202564,21,['_engine._readout_estimate'],wrapped:_engine._readout_estimate,serial,1,500,9898,500,recompute,9550,-0.6630765353541634,-0.5735442090275902,0.08953232632657326,0.08953232632657229,outputs/benchmark_shapley_estimators/acs_job42594737_xgboost_ease_fo_updates3/logs/EaseSHAP_size_player_seed2045.log,outputs/benchmark_shapley_estimators/acs_job42594737_xgboost_ease_fo_updates3/per_run/EaseSHAP_size_player_seed2045.json,"{""boundary_order"": 1, ""boundary_policy"": ""fixed"", ""exact_boundary_handling"": true, ""include_nonlinear_size_terms"": false, ""num_folds"": 2, ""pilot_fraction"": 0.2, ""surrogate_basis"": ""size_player"", ""surrogate_correction_max_iter"": 10, ""surrogate_correction_solver_mode"": ""matrix_free"", ""surrogate_r_correction_alpha"": 1.0, ""surrogate_readout_mode"": ""crossfit"", ""surrogate_ridge_lambda"": 1.0, ""surrogate_ridge_scaling"": ""size_trace"", ""surrogate_ridge_schedule"": ""fixed"", ""surrogate_solver_mode"": ""size_player"", ""surrogate_stats_backend"": ""exact_conditional"", ""surrogate_u_correction_alpha"": 1.0, ""use_complement_sampling"": true}"
ok,main,group_testing,Group testing,group_testing,19,2045,200,10,500,1,251.6810751199955,251.72079505998408,251.6810751199955,6.020301952958107e-05,0.2904113571275957,251.38919889897807,0.0013259667321108282,2.835993655025959e-06,0.0,0.0,7.585814455524087e-05,251.6810751199955,0.0,0.0,0.0,0,[],not_configured,serial,1,500,10000,500,recompute,7523,-0.6630765353541634,-0.5735442090275902,0.08953232632657326,-1.4526180393494492,outputs/benchmark_shapley_estimators/acs_job42594737_xgboost_ease_fo_updates3/logs/group_testing_seed2045.log,outputs/benchmark_shapley_estimators/acs_job42594737_xgboost_ease_fo_updates3/per_run/group_testing_seed2045.json,{}
ok,main,LeverageSHAP,LeverageSHAP,LeverageSHAP,19,2045,200,10,500,1,255.18947191000916,255.22896522301016,255.18029608408688,0.11305283399997279,0.08131742692785338,254.97814462991664,0.01612409297376871,0.0007395420107059181,0.0,0.0,9.338418021798134e-05,255.1798205790692,0.009651330939959735,0.009175825922284275,0.0004755050176754594,20,['_estimate'],wrapped:_estimate,serial,1,500,9998,500,recompute,9644,-0.6630765353541634,-0.5735442090275902,0.08953232632657326,0.08953232632657326,outputs/benchmark_shapley_estimators/acs_job42594737_xgboost_ease_fo_updates3/logs/LeverageSHAP_seed2045.log,outputs/benchmark_shapley_estimators/acs_job42594737_xgboost_ease_fo_updates3/per_run/LeverageSHAP_seed2045.json,"{""sampling_with_replacement"": true}"
ok,main,sampling_lift,Sampling lift,sampling_lift,19,2045,200,10,500,1,259.2553315080004,259.2951549119898,259.2553315080004,4.5786029659211636e-05,0.00101658480707556,259.2535850718268,0.0006346970330923796,2.3850006982684135e-06,0.0,0.0,4.698330303654075e-05,259.2553315080004,0.0,0.0,0.0,0,[],not_configured,serial,1,500,100,5,recompute,4981,-0.6630765353541634,-0.5735442090275902,0.08953232632657326,0.13241793306700703,outputs/benchmark_shapley_estimators/acs_job42594737_xgboost_ease_fo_updates3/logs/sampling_lift_seed2045.log,outputs/benchmark_shapley_estimators/acs_job42594737_xgboost_ease_fo_updates3/per_run/sampling_lift_seed2045.json,{}
ok,main,complement,Complement,complement,19,2045,200,10,500,1,253.8442516810028,253.8835052829818,253.8442516810028,4.831101978197694e-05,0.06596713402541354,253.64629942405736,0.13183873804518953,2.697098534554243e-05,0.0,0.0,7.110286969691515e-05,253.8442516810028,0.0,0.0,0.0,0,[],not_configured,serial,1,500,5000,250,recompute,9564,-0.6630765353541634,-0.5735442090275902,0.08953232632657326,0.09018642708485367,outputs/benchmark_shapley_estimators/acs_job42594737_xgboost_ease_fo_updates3/logs/complement_seed2045.log,outputs/benchmark_shapley_estimators/acs_job42594737_xgboost_ease_fo_updates3/per_run/complement_seed2045.json,{}
ok,main,permutation,Permutation,permutation,19,2045,200,10,500,1,256.5567761940183,256.5966606439906,256.5567761940183,4.867202369496226e-05,0.0014576949179172516,256.5545672051958,0.0006493190885521472,2.373999450355768e-06,0.0,0.0,5.092879291623831e-05,256.5567761940183,0.0,0.0,0.0,0,[],not_configured,serial,1,500,200,10,recompute,9469,-0.6630765353541634,-0.5735442090275902,0.08953232632657326,0.08953232632657326,outputs/benchmark_shapley_estimators/acs_job42594737_xgboost_ease_fo_updates3/logs/permutation_seed2045.log,outputs/benchmark_shapley_estimators/acs_job42594737_xgboost_ease_fo_updates3/per_run/permutation_seed2045.json,{}
ok,main,RegressionMSR_unbiased,RegressionMSR,RegressionMSR_unbiased,19,2045,200,10,500,1,254.43488884402905,254.47554398298962,254.29526099807117,0.0009286869899369776,0.36188593989936635,253.9203489110805,0.1516444309381768,1.1070980690419674e-05,0.0,0.0,6.980414036661386e-05,254.28475303103914,0.15013581298990175,0.13962784595787525,0.0105079670320265,20,['_run_kfold'],wrapped:_run_kfold,serial,1,500,10000,500,recompute,9642,-0.6630765353541634,-0.5735442090275902,0.08953232632657326,0.0895323263265731,outputs/benchmark_shapley_estimators/acs_job42594737_xgboost_ease_fo_updates3/logs/RegressionMSR_unbiased_seed2045.log,outputs/benchmark_shapley_estimators/acs_job42594737_xgboost_ease_fo_updates3/per_run/RegressionMSR_unbiased_seed2045.json,"{""num_folds"": 2, ""paired_sampling"": null, ""sampling_with_replacement"": true}"
