18:47:59  output: /home/ziqiliu2/semivalue_coupled_sampling/real-paper/experiments/SOU_full_benchmark/results
18:47:59  game: n=40, alphas=[0.5, 0.7071067811865476, 0.8660254037844386], num_high_order=1600, sigma2=None
18:47:59  semivalues: ['shapley', 'beta1_4', 'beta4_1', 'wb0p25', 'wb0p5', 'wb0p75']
18:47:59  methods: ['EaseSHAP_interaction_nonlinear', 'EaseSHAP_size_player', 'OFA_fixed', 'OFA_baseline', 'sampling_lift', 'SHAP_IQ', 'GELS', 'improved_AME', 'kernelSHAP', 'permutation', 'complement', 'group_testing', 'WSL', 'weighted_permutation', 'OFA_optimal', 'WGELS_shapley', 'AME', 'RegressionMSR_unbiased', 'PolySHAP_regression']
18:47:59  budgets: run_nue=5000, track_step=50, n_runs=10
18:47:59  n_proc=10, force=False, allow_failures=True
18:47:59  groundtruth [1/18]: ('alpha_0p5__shapley', 'computed', 0.018481731414794922)
18:47:59  groundtruth [2/18]: ('alpha_0p5__beta1_4', 'computed', 0.0021719932556152344)
18:47:59  groundtruth [3/18]: ('alpha_0p5__beta4_1', 'computed', 0.001209259033203125)
18:47:59  groundtruth [4/18]: ('alpha_0p5__wb0p25', 'computed', 0.0019953250885009766)
18:47:59  groundtruth [5/18]: ('alpha_0p5__wb0p5', 'computed', 0.0018951892852783203)
18:47:59  groundtruth [6/18]: ('alpha_0p5__wb0p75', 'computed', 0.0019142627716064453)
18:47:59  groundtruth [7/18]: ('alpha_0p707107__shapley', 'computed', 0.016631603240966797)
18:47:59  groundtruth [8/18]: ('alpha_0p707107__beta1_4', 'computed', 0.0034770965576171875)
18:47:59  groundtruth [9/18]: ('alpha_0p707107__beta4_1', 'computed', 0.0013141632080078125)
18:47:59  groundtruth [10/18]: ('alpha_0p707107__wb0p25', 'computed', 0.0018935203552246094)
18:47:59  groundtruth [11/18]: ('alpha_0p707107__wb0p5', 'computed', 0.0018687248229980469)
18:47:59  groundtruth [12/18]: ('alpha_0p707107__wb0p75', 'computed', 0.0018973350524902344)
18:47:59  groundtruth [13/18]: ('alpha_0p866025__shapley', 'computed', 0.01694464683532715)
18:47:59  groundtruth [14/18]: ('alpha_0p866025__beta1_4', 'computed', 0.001165628433227539)
18:47:59  groundtruth [15/18]: ('alpha_0p866025__beta4_1', 'computed', 0.001100778579711914)
18:47:59  groundtruth [16/18]: ('alpha_0p866025__wb0p25', 'computed', 0.0018362998962402344)
18:47:59  groundtruth [17/18]: ('alpha_0p866025__wb0p5', 'computed', 0.0018312931060791016)
18:47:59  groundtruth [18/18]: ('alpha_0p866025__wb0p75', 'computed', 0.0018277168273925781)
18:47:59  runs: 0/2460 already complete; submitting 2460 tasks.
18:48:13  runs [1/2460]: ('alpha_0p5__shapley', 'EaseSHAP_interaction_nonlinear', 3, 'computed', 13.90452239010483)
18:48:16  runs [2/2460]: ('alpha_0p5__shapley', 'EaseSHAP_interaction_nonlinear', 5, 'computed', 16.47058176388964)
18:48:16  runs [3/2460]: ('alpha_0p5__shapley', 'EaseSHAP_interaction_nonlinear', 1, 'computed', 16.719833574723452)
18:48:16  runs [4/2460]: ('alpha_0p5__shapley', 'EaseSHAP_interaction_nonlinear', 6, 'computed', 16.80001781322062)
18:48:16  runs [5/2460]: ('alpha_0p5__shapley', 'EaseSHAP_interaction_nonlinear', 2, 'computed', 17.200952930841595)
18:48:17  runs [6/2460]: ('alpha_0p5__shapley', 'EaseSHAP_interaction_nonlinear', 4, 'computed', 17.593208667822182)
18:48:17  runs [7/2460]: ('alpha_0p5__shapley', 'EaseSHAP_interaction_nonlinear', 7, 'computed', 17.765703877899796)
18:48:18  runs [8/2460]: ('alpha_0p5__shapley', 'EaseSHAP_interaction_nonlinear', 8, 'computed', 18.390249486081302)
18:48:18  runs [9/2460]: ('alpha_0p5__shapley', 'EaseSHAP_interaction_nonlinear', 9, 'computed', 18.59459253726527)
18:48:18  runs [10/2460]: ('alpha_0p5__shapley', 'EaseSHAP_interaction_nonlinear', 0, 'computed', 18.644684963393956)
18:52:24  runs [11/2460]: ('alpha_0p5__shapley', 'EaseSHAP_size_player', 0, 'computed', 251.46478015370667)
18:52:34  runs [12/2460]: ('alpha_0p5__shapley', 'EaseSHAP_size_player', 6, 'computed', 257.4126014281064)
18:52:41  runs [13/2460]: ('alpha_0p5__shapley', 'OFA_fixed', 0, 'computed', 16.3006895435974)
18:52:51  runs [14/2460]: ('alpha_0p5__shapley', 'OFA_fixed', 1, 'computed', 16.205115932039917)
18:52:57  runs [15/2460]: ('alpha_0p5__shapley', 'OFA_fixed', 2, 'computed', 16.371203863993287)
18:53:07  runs [16/2460]: ('alpha_0p5__shapley', 'OFA_fixed', 3, 'computed', 15.988069138955325)
18:53:08  runs [17/2460]: ('alpha_0p5__shapley', 'EaseSHAP_size_player', 8, 'computed', 289.86577205127105)
18:53:08  runs [18/2460]: ('alpha_0p5__shapley', 'EaseSHAP_size_player', 1, 'computed', 292.15264818118885)
18:53:10  runs [19/2460]: ('alpha_0p5__shapley', 'EaseSHAP_size_player', 2, 'computed', 294.2297884155996)
18:53:13  runs [20/2460]: ('alpha_0p5__shapley', 'EaseSHAP_size_player', 5, 'computed', 295.80449248617515)
18:53:13  runs [21/2460]: ('alpha_0p5__shapley', 'EaseSHAP_size_player', 7, 'computed', 295.62935440428555)
18:53:13  runs [22/2460]: ('alpha_0p5__shapley', 'OFA_fixed', 4, 'computed', 16.305389953777194)
18:53:15  runs [23/2460]: ('alpha_0p5__shapley', 'EaseSHAP_size_player', 3, 'computed', 299.0563023239374)
18:53:18  runs [24/2460]: ('alpha_0p5__shapley', 'EaseSHAP_size_player', 4, 'computed', 302.0370734380558)
18:53:23  runs [25/2460]: ('alpha_0p5__shapley', 'OFA_fixed', 5, 'computed', 16.310481000691652)
18:53:23  runs [26/2460]: ('alpha_0p5__shapley', 'EaseSHAP_size_player', 9, 'computed', 305.29142687795684)
18:53:24  runs [27/2460]: ('alpha_0p5__shapley', 'OFA_fixed', 6, 'computed', 16.295425505843014)
18:53:24  runs [28/2460]: ('alpha_0p5__shapley', 'OFA_fixed', 7, 'computed', 16.443435287103057)
18:53:25  runs [29/2460]: ('alpha_0p5__shapley', 'OFA_baseline', 0, 'computed', 11.641812435351312)
18:53:25  runs [30/2460]: ('alpha_0p5__shapley', 'OFA_baseline', 1, 'computed', 11.529032854828984)
18:53:27  runs [31/2460]: ('alpha_0p5__shapley', 'OFA_baseline', 2, 'computed', 11.51235709991306)
18:53:27  runs [32/2460]: ('alpha_0p5__shapley', 'OFA_fixed', 8, 'computed', 16.50660674320534)
18:53:29  runs [33/2460]: ('alpha_0p5__shapley', 'OFA_fixed', 9, 'computed', 16.275831409264356)
18:53:30  runs [34/2460]: ('alpha_0p5__shapley', 'OFA_baseline', 3, 'computed', 11.524295665323734)
18:53:34  runs [35/2460]: ('alpha_0p5__shapley', 'OFA_baseline', 4, 'computed', 11.375343801919371)
18:53:35  runs [36/2460]: ('alpha_0p5__shapley', 'OFA_baseline', 5, 'computed', 11.833606901112944)
18:53:35  runs [37/2460]: ('alpha_0p5__shapley', 'OFA_baseline', 6, 'computed', 11.478848489932716)
18:53:36  runs [38/2460]: ('alpha_0p5__shapley', 'OFA_baseline', 7, 'computed', 11.55524150421843)
18:53:36  runs [39/2460]: ('alpha_0p5__shapley', 'OFA_baseline', 8, 'computed', 11.488907119259238)
18:53:36  runs [40/2460]: ('alpha_0p5__shapley', 'OFA_baseline', 9, 'computed', 11.38463412038982)
18:53:38  runs [41/2460]: ('alpha_0p5__shapley', 'sampling_lift', 0, 'computed', 11.414989068638533)
18:53:38  runs [42/2460]: ('alpha_0p5__shapley', 'sampling_lift', 1, 'computed', 11.366611198987812)
18:53:40  runs [43/2460]: ('alpha_0p5__shapley', 'sampling_lift', 2, 'computed', 11.407097014132887)
18:53:41  runs [44/2460]: ('alpha_0p5__shapley', 'sampling_lift', 3, 'computed', 11.328122823964804)
18:53:46  runs [45/2460]: ('alpha_0p5__shapley', 'sampling_lift', 4, 'computed', 11.437515805009753)
18:53:46  runs [46/2460]: ('alpha_0p5__shapley', 'sampling_lift', 5, 'computed', 11.550956177059561)
18:53:47  runs [47/2460]: ('alpha_0p5__shapley', 'sampling_lift', 6, 'computed', 11.481823671143502)
18:53:47  runs [48/2460]: ('alpha_0p5__shapley', 'sampling_lift', 7, 'computed', 11.35181164322421)
18:53:48  runs [49/2460]: ('alpha_0p5__shapley', 'sampling_lift', 9, 'computed', 11.377651334740222)
18:53:48  runs [50/2460]: ('alpha_0p5__shapley', 'sampling_lift', 8, 'computed', 11.551571954973042)
18:53:51  runs [51/2460]: ('alpha_0p5__shapley', 'SHAP_IQ', 0, 'computed', 12.966659291181713)
18:53:51  runs [52/2460]: ('alpha_0p5__shapley', 'SHAP_IQ', 1, 'computed', 13.106245339848101)
18:53:53  runs [53/2460]: ('alpha_0p5__shapley', 'SHAP_IQ', 2, 'computed', 13.007111762650311)
18:53:54  runs [54/2460]: ('alpha_0p5__shapley', 'SHAP_IQ', 3, 'computed', 13.03054270800203)
18:53:59  runs [55/2460]: ('alpha_0p5__shapley', 'SHAP_IQ', 4, 'computed', 13.050200775731355)
18:53:59  runs [56/2460]: ('alpha_0p5__shapley', 'SHAP_IQ', 5, 'computed', 13.036607997957617)
18:54:00  runs [57/2460]: ('alpha_0p5__shapley', 'SHAP_IQ', 7, 'computed', 12.886252590920776)
18:54:00  runs [58/2460]: ('alpha_0p5__shapley', 'SHAP_IQ', 6, 'computed', 13.180727329105139)
18:54:01  runs [59/2460]: ('alpha_0p5__shapley', 'SHAP_IQ', 9, 'computed', 12.957713009323925)
18:54:01  runs [60/2460]: ('alpha_0p5__shapley', 'SHAP_IQ', 8, 'computed', 13.035352776758373)
18:54:04  runs [61/2460]: ('alpha_0p5__shapley', 'GELS', 0, 'computed', 12.994618637021631)
18:54:04  runs [62/2460]: ('alpha_0p5__shapley', 'GELS', 1, 'computed', 13.084847082849592)
18:54:06  runs [63/2460]: ('alpha_0p5__shapley', 'GELS', 2, 'computed', 12.987124543171376)
18:54:07  runs [64/2460]: ('alpha_0p5__shapley', 'GELS', 3, 'computed', 13.002396472729743)
18:54:12  runs [65/2460]: ('alpha_0p5__shapley', 'GELS', 4, 'computed', 12.986992981750518)
18:54:12  runs [66/2460]: ('alpha_0p5__shapley', 'GELS', 5, 'computed', 12.9775494299829)
18:54:13  runs [67/2460]: ('alpha_0p5__shapley', 'GELS', 6, 'computed', 12.917030567768961)
18:54:13  runs [68/2460]: ('alpha_0p5__shapley', 'GELS', 7, 'computed', 12.989571093115956)
18:54:14  runs [69/2460]: ('alpha_0p5__shapley', 'GELS', 8, 'computed', 13.073211999144405)
18:54:14  runs [70/2460]: ('alpha_0p5__shapley', 'GELS', 9, 'computed', 13.067878188099712)
18:54:16  runs [71/2460]: ('alpha_0p5__shapley', 'improved_AME', 0, 'computed', 11.715038680937141)
18:54:16  runs [72/2460]: ('alpha_0p5__shapley', 'improved_AME', 1, 'computed', 11.747532580979168)
18:54:18  runs [73/2460]: ('alpha_0p5__shapley', 'improved_AME', 2, 'computed', 11.837318990845233)
18:54:19  runs [74/2460]: ('alpha_0p5__shapley', 'improved_AME', 3, 'computed', 11.798412877134979)
18:54:24  runs [75/2460]: ('alpha_0p5__shapley', 'improved_AME', 4, 'computed', 11.822528461925685)
18:54:24  runs [76/2460]: ('alpha_0p5__shapley', 'improved_AME', 5, 'computed', 11.846288867294788)
18:54:25  runs [77/2460]: ('alpha_0p5__shapley', 'improved_AME', 6, 'computed', 11.774299976881593)
18:54:25  runs [78/2460]: ('alpha_0p5__shapley', 'improved_AME', 7, 'computed', 11.917400388978422)
18:54:26  runs [79/2460]: ('alpha_0p5__shapley', 'improved_AME', 8, 'computed', 11.710141974966973)
18:54:26  runs [80/2460]: ('alpha_0p5__shapley', 'improved_AME', 9, 'computed', 11.777257203124464)
18:54:29  runs [81/2460]: ('alpha_0p5__shapley', 'kernelSHAP', 0, 'computed', 12.95015255920589)
18:54:29  runs [82/2460]: ('alpha_0p5__shapley', 'kernelSHAP', 1, 'computed', 13.063976716250181)
18:54:31  runs [83/2460]: ('alpha_0p5__shapley', 'kernelSHAP', 2, 'computed', 12.990149630233645)
18:54:32  runs [84/2460]: ('alpha_0p5__shapley', 'kernelSHAP', 3, 'computed', 12.976844201330096)
18:54:36  runs [85/2460]: ('alpha_0p5__shapley', 'kernelSHAP', 4, 'computed', 12.975314835086465)
18:54:37  runs [86/2460]: ('alpha_0p5__shapley', 'kernelSHAP', 5, 'computed', 12.979419877752662)
18:54:38  runs [87/2460]: ('alpha_0p5__shapley', 'kernelSHAP', 6, 'computed', 12.902980064041913)
18:54:38  runs [88/2460]: ('alpha_0p5__shapley', 'kernelSHAP', 7, 'computed', 12.967766528017819)
18:54:39  runs [89/2460]: ('alpha_0p5__shapley', 'kernelSHAP', 8, 'computed', 13.025295602157712)
18:54:39  runs [90/2460]: ('alpha_0p5__shapley', 'kernelSHAP', 9, 'computed', 13.2767170839943)
18:54:40  runs [91/2460]: ('alpha_0p5__shapley', 'permutation', 0, 'computed', 11.469078944064677)
18:54:40  runs [92/2460]: ('alpha_0p5__shapley', 'permutation', 1, 'computed', 11.395627486985177)
18:54:42  runs [93/2460]: ('alpha_0p5__shapley', 'permutation', 2, 'computed', 11.450496562756598)
18:54:43  runs [94/2460]: ('alpha_0p5__shapley', 'permutation', 3, 'computed', 11.42546288203448)
18:54:48  runs [95/2460]: ('alpha_0p5__shapley', 'permutation', 4, 'computed', 11.34713269257918)
18:54:49  runs [96/2460]: ('alpha_0p5__shapley', 'permutation', 5, 'computed', 11.445288030896336)
18:54:49  runs [97/2460]: ('alpha_0p5__shapley', 'permutation', 6, 'computed', 11.494625749997795)
18:54:49  runs [98/2460]: ('alpha_0p5__shapley', 'permutation', 7, 'computed', 11.429411926306784)
18:54:50  runs [99/2460]: ('alpha_0p5__shapley', 'permutation', 8, 'computed', 11.386334206908941)
18:54:51  runs [100/2460]: ('alpha_0p5__shapley', 'permutation', 9, 'computed', 11.56400093389675)
18:54:53  runs [101/2460]: ('alpha_0p5__shapley', 'complement', 0, 'computed', 12.574857966043055)
18:54:53  runs [102/2460]: ('alpha_0p5__shapley', 'complement', 1, 'computed', 12.690429154783487)
18:54:55  runs [103/2460]: ('alpha_0p5__shapley', 'complement', 2, 'computed', 12.633766737300903)
18:54:56  runs [104/2460]: ('alpha_0p5__shapley', 'complement', 3, 'computed', 12.624160344712436)
18:55:01  runs [105/2460]: ('alpha_0p5__shapley', 'complement', 4, 'computed', 12.70125618390739)
18:55:01  runs [106/2460]: ('alpha_0p5__shapley', 'complement', 5, 'computed', 12.740418108645827)
18:55:02  runs [107/2460]: ('alpha_0p5__shapley', 'complement', 6, 'computed', 12.793375343084335)
18:55:02  runs [108/2460]: ('alpha_0p5__shapley', 'complement', 7, 'computed', 12.574230246245861)
18:55:03  runs [109/2460]: ('alpha_0p5__shapley', 'complement', 8, 'computed', 12.75291550066322)
18:55:03  runs [110/2460]: ('alpha_0p5__shapley', 'complement', 9, 'computed', 12.642917229793966)
18:55:06  runs [111/2460]: ('alpha_0p5__shapley', 'group_testing', 0, 'computed', 12.99420033628121)
18:55:06  runs [112/2460]: ('alpha_0p5__shapley', 'group_testing', 1, 'computed', 13.183633136097342)
18:55:08  runs [113/2460]: ('alpha_0p5__shapley', 'group_testing', 2, 'computed', 13.17416462302208)
18:55:09  runs [114/2460]: ('alpha_0p5__shapley', 'group_testing', 3, 'computed', 13.152314218692482)
18:55:14  runs [115/2460]: ('alpha_0p5__shapley', 'group_testing', 4, 'computed', 13.063613472972065)
18:55:15  runs [116/2460]: ('alpha_0p5__shapley', 'group_testing', 5, 'computed', 13.175128161441535)
18:55:15  runs [117/2460]: ('alpha_0p5__shapley', 'group_testing', 7, 'computed', 13.084419424645603)
18:55:15  runs [118/2460]: ('alpha_0p5__shapley', 'group_testing', 6, 'computed', 13.217864078003913)
18:55:16  runs [119/2460]: ('alpha_0p5__shapley', 'group_testing', 8, 'computed', 13.269225012045354)
18:55:17  runs [120/2460]: ('alpha_0p5__shapley', 'group_testing', 9, 'computed', 13.435810488183051)
18:56:14  runs [121/2460]: ('alpha_0p5__shapley', 'RegressionMSR_unbiased', 0, 'computed', 68.82150923321024)
18:56:23  runs [122/2460]: ('alpha_0p5__shapley', 'RegressionMSR_unbiased', 8, 'computed', 67.14062437601388)
18:56:31  runs [123/2460]: ('alpha_0p5__shapley', 'RegressionMSR_unbiased', 1, 'computed', 84.29523364268243)
18:56:34  runs [124/2460]: ('alpha_0p5__shapley', 'RegressionMSR_unbiased', 3, 'computed', 84.35370389511809)
18:56:35  runs [125/2460]: ('alpha_0p5__shapley', 'RegressionMSR_unbiased', 2, 'computed', 86.79892103513703)
18:56:48  runs [126/2460]: ('alpha_0p5__shapley', 'RegressionMSR_unbiased', 6, 'computed', 93.16998430108652)
18:56:53  runs [127/2460]: ('alpha_0p5__shapley', 'RegressionMSR_unbiased', 9, 'computed', 96.08586746780202)
18:56:53  runs [128/2460]: ('alpha_0p5__shapley', 'RegressionMSR_unbiased', 4, 'computed', 99.34749052673578)
18:56:58  runs [129/2460]: ('alpha_0p5__shapley', 'RegressionMSR_unbiased', 7, 'computed', 102.97347042383626)
18:56:59  runs [130/2460]: ('alpha_0p5__shapley', 'RegressionMSR_unbiased', 5, 'computed', 104.49460379127413)
19:24:48  runs [131/2460]: ('alpha_0p5__shapley', 'PolySHAP_regression', 3, 'computed', 1694.3240887289867)
19:25:18  runs [132/2460]: ('alpha_0p5__shapley', 'PolySHAP_regression', 4, 'computed', 1722.6781318238936)
19:25:20  runs [133/2460]: ('alpha_0p5__beta1_4', 'EaseSHAP_interaction_nonlinear', 0, 'computed', 32.204818211030215)
19:25:29  runs [134/2460]: ('alpha_0p5__shapley', 'PolySHAP_regression', 6, 'computed', 1716.5862234998494)
19:25:39  runs [135/2460]: ('alpha_0p5__beta1_4', 'EaseSHAP_interaction_nonlinear', 2, 'computed', 19.0681791161187)
19:25:45  runs [136/2460]: ('alpha_0p5__beta1_4', 'EaseSHAP_interaction_nonlinear', 1, 'computed', 26.889493913389742)
19:25:47  runs [137/2460]: ('alpha_0p5__shapley', 'PolySHAP_regression', 2, 'computed', 1756.1465918417089)
19:25:49  runs [138/2460]: ('alpha_0p5__shapley', 'PolySHAP_regression', 8, 'computed', 1730.843193037901)
19:25:54  runs [139/2460]: ('alpha_0p5__beta1_4', 'EaseSHAP_interaction_nonlinear', 3, 'computed', 24.36370642017573)
19:26:00  runs [140/2460]: ('alpha_0p5__beta1_4', 'EaseSHAP_interaction_nonlinear', 4, 'computed', 20.290279291104525)
19:26:05  runs [141/2460]: ('alpha_0p5__shapley', 'PolySHAP_regression', 1, 'computed', 1781.8289950028993)
19:26:06  runs [142/2460]: ('alpha_0p5__beta1_4', 'EaseSHAP_interaction_nonlinear', 5, 'computed', 21.06932721612975)
19:26:08  runs [143/2460]: ('alpha_0p5__beta1_4', 'EaseSHAP_interaction_nonlinear', 6, 'computed', 21.169951635878533)
19:26:11  runs [144/2460]: ('alpha_0p5__beta1_4', 'EaseSHAP_interaction_nonlinear', 7, 'computed', 21.782257760874927)
19:26:16  runs [145/2460]: ('alpha_0p5__beta1_4', 'EaseSHAP_interaction_nonlinear', 8, 'computed', 22.214945886749774)
19:26:17  runs [146/2460]: ('alpha_0p5__beta1_4', 'EaseSHAP_interaction_nonlinear', 9, 'computed', 17.767033425159752)
19:26:22  runs [147/2460]: ('alpha_0p5__shapley', 'PolySHAP_regression', 5, 'computed', 1773.7763360347599)
19:26:29  runs [148/2460]: ('alpha_0p5__shapley', 'PolySHAP_regression', 9, 'computed', 1769.9443388651125)
19:26:56  runs [149/2460]: ('alpha_0p5__shapley', 'PolySHAP_regression', 0, 'computed', 1841.3955276799388)
19:27:00  runs [150/2460]: ('alpha_0p5__shapley', 'PolySHAP_regression', 7, 'computed', 1807.5386669812724)
19:30:50  runs [151/2460]: ('alpha_0p5__beta1_4', 'EaseSHAP_size_player', 0, 'computed', 285.48285651626065)
19:31:07  runs [152/2460]: ('alpha_0p5__beta1_4', 'OFA_fixed', 0, 'computed', 16.255230899900198)
19:31:07  runs [153/2460]: ('alpha_0p5__beta1_4', 'EaseSHAP_size_player', 3, 'computed', 296.32586799701676)
19:31:07  runs [154/2460]: ('alpha_0p5__beta1_4', 'EaseSHAP_size_player', 4, 'computed', 291.2858470338397)
19:31:10  runs [155/2460]: ('alpha_0p5__beta1_4', 'EaseSHAP_size_player', 1, 'computed', 304.2766976756975)
19:31:15  runs [156/2460]: ('alpha_0p5__beta1_4', 'EaseSHAP_size_player', 6, 'computed', 292.9843700667843)
19:31:16  runs [157/2460]: ('alpha_0p5__beta1_4', 'EaseSHAP_size_player', 2, 'computed', 308.00510268099606)
19:31:20  runs [158/2460]: ('alpha_0p5__beta1_4', 'EaseSHAP_size_player', 9, 'computed', 259.85862760292366)
19:31:22  runs [159/2460]: ('alpha_0p5__beta1_4', 'EaseSHAP_size_player', 8, 'computed', 265.96272414084524)
19:31:23  runs [160/2460]: ('alpha_0p5__beta1_4', 'EaseSHAP_size_player', 5, 'computed', 305.2101822188124)
19:31:23  runs [161/2460]: ('alpha_0p5__beta1_4', 'OFA_fixed', 1, 'computed', 16.315490359906107)
19:31:23  runs [162/2460]: ('alpha_0p5__beta1_4', 'OFA_fixed', 2, 'computed', 16.299592135008425)
19:31:24  runs [163/2460]: ('alpha_0p5__beta1_4', 'OFA_fixed', 3, 'computed', 16.35868504224345)
19:31:26  runs [164/2460]: ('alpha_0p5__beta1_4', 'OFA_fixed', 4, 'computed', 16.392314091790468)
19:31:28  runs [165/2460]: ('alpha_0p5__beta1_4', 'EaseSHAP_size_player', 7, 'computed', 299.1041080397554)
19:31:31  runs [166/2460]: ('alpha_0p5__beta1_4', 'OFA_fixed', 5, 'computed', 16.20498112309724)
19:31:32  runs [167/2460]: ('alpha_0p5__beta1_4', 'OFA_fixed', 6, 'computed', 16.14589710207656)
19:31:35  runs [168/2460]: ('alpha_0p5__beta1_4', 'OFA_baseline', 0, 'computed', 11.527594331186265)
19:31:35  runs [169/2460]: ('alpha_0p5__beta1_4', 'OFA_baseline', 1, 'computed', 11.507543920073658)
19:31:35  runs [170/2460]: ('alpha_0p5__beta1_4', 'OFA_baseline', 2, 'computed', 11.475521236192435)
19:31:37  runs [171/2460]: ('alpha_0p5__beta1_4', 'OFA_fixed', 7, 'computed', 16.323063991963863)
19:31:38  runs [172/2460]: ('alpha_0p5__beta1_4', 'OFA_baseline', 3, 'computed', 11.52453441079706)
19:31:38  runs [173/2460]: ('alpha_0p5__beta1_4', 'OFA_fixed', 8, 'computed', 16.22457281081006)
19:31:39  runs [174/2460]: ('alpha_0p5__beta1_4', 'OFA_fixed', 9, 'computed', 16.246266302652657)
19:31:40  runs [175/2460]: ('alpha_0p5__beta1_4', 'OFA_baseline', 4, 'computed', 11.539826232008636)
19:31:43  runs [176/2460]: ('alpha_0p5__beta1_4', 'OFA_baseline', 5, 'computed', 11.43339612474665)
19:31:43  runs [177/2460]: ('alpha_0p5__beta1_4', 'OFA_baseline', 6, 'computed', 11.425779851153493)
19:31:46  runs [178/2460]: ('alpha_0p5__beta1_4', 'OFA_baseline', 7, 'computed', 11.406901912763715)
19:31:46  runs [179/2460]: ('alpha_0p5__beta1_4', 'OFA_baseline', 8, 'computed', 11.375429127831012)
19:31:46  runs [180/2460]: ('alpha_0p5__beta1_4', 'OFA_baseline', 9, 'computed', 11.456705339252949)
19:31:48  runs [181/2460]: ('alpha_0p5__beta1_4', 'sampling_lift', 0, 'computed', 11.507109344005585)
19:31:49  runs [182/2460]: ('alpha_0p5__beta1_4', 'sampling_lift', 2, 'computed', 11.378014799207449)
19:31:49  runs [183/2460]: ('alpha_0p5__beta1_4', 'sampling_lift', 1, 'computed', 11.469396830070764)
19:31:50  runs [184/2460]: ('alpha_0p5__beta1_4', 'sampling_lift', 3, 'computed', 11.413280396722257)
19:31:51  runs [185/2460]: ('alpha_0p5__beta1_4', 'sampling_lift', 4, 'computed', 11.49689196003601)
19:31:54  runs [186/2460]: ('alpha_0p5__beta1_4', 'sampling_lift', 5, 'computed', 11.281399294734001)
19:31:55  runs [187/2460]: ('alpha_0p5__beta1_4', 'sampling_lift', 6, 'computed', 11.50881948787719)
19:31:57  runs [188/2460]: ('alpha_0p5__beta1_4', 'sampling_lift', 7, 'computed', 11.40976672898978)
19:31:58  runs [189/2460]: ('alpha_0p5__beta1_4', 'sampling_lift', 8, 'computed', 11.407351393252611)
19:31:58  runs [190/2460]: ('alpha_0p5__beta1_4', 'sampling_lift', 9, 'computed', 11.41989517211914)
19:32:01  runs [191/2460]: ('alpha_0p5__beta1_4', 'SHAP_IQ', 0, 'computed', 13.037625999655575)
19:32:02  runs [192/2460]: ('alpha_0p5__beta1_4', 'SHAP_IQ', 1, 'computed', 12.929289252031595)
19:32:03  runs [193/2460]: ('alpha_0p5__beta1_4', 'SHAP_IQ', 2, 'computed', 13.104752687271684)
19:32:03  runs [194/2460]: ('alpha_0p5__beta1_4', 'SHAP_IQ', 3, 'computed', 13.00051857624203)
19:32:04  runs [195/2460]: ('alpha_0p5__beta1_4', 'SHAP_IQ', 4, 'computed', 13.133850525133312)
19:32:07  runs [196/2460]: ('alpha_0p5__beta1_4', 'SHAP_IQ', 5, 'computed', 12.950895634945482)
19:32:08  runs [197/2460]: ('alpha_0p5__beta1_4', 'SHAP_IQ', 6, 'computed', 12.907994645647705)
19:32:11  runs [198/2460]: ('alpha_0p5__beta1_4', 'SHAP_IQ', 7, 'computed', 13.077986022923142)
19:32:11  runs [199/2460]: ('alpha_0p5__beta1_4', 'SHAP_IQ', 8, 'computed', 13.016017753165215)
19:32:11  runs [200/2460]: ('alpha_0p5__beta1_4', 'SHAP_IQ', 9, 'computed', 12.954584357794374)
19:32:14  runs [201/2460]: ('alpha_0p5__beta1_4', 'GELS', 0, 'computed', 13.051824246998876)
19:32:15  runs [202/2460]: ('alpha_0p5__beta1_4', 'GELS', 1, 'computed', 12.908071293029934)
19:32:16  runs [203/2460]: ('alpha_0p5__beta1_4', 'GELS', 2, 'computed', 13.17615384887904)
19:32:16  runs [204/2460]: ('alpha_0p5__beta1_4', 'GELS', 3, 'computed', 13.038993037305772)
19:32:17  runs [205/2460]: ('alpha_0p5__beta1_4', 'GELS', 4, 'computed', 12.94427204085514)
19:32:20  runs [206/2460]: ('alpha_0p5__beta1_4', 'GELS', 5, 'computed', 12.88079819874838)
19:32:21  runs [207/2460]: ('alpha_0p5__beta1_4', 'GELS', 6, 'computed', 12.89773630304262)
19:32:24  runs [208/2460]: ('alpha_0p5__beta1_4', 'GELS', 7, 'computed', 13.047656847164035)
19:32:24  runs [209/2460]: ('alpha_0p5__beta1_4', 'GELS', 8, 'computed', 13.119936561211944)
19:32:24  runs [210/2460]: ('alpha_0p5__beta1_4', 'GELS', 9, 'computed', 12.974229696206748)
19:32:26  runs [211/2460]: ('alpha_0p5__beta1_4', 'improved_AME', 0, 'computed', 11.963237998075783)
19:32:27  runs [212/2460]: ('alpha_0p5__beta1_4', 'improved_AME', 1, 'computed', 11.8961914149113)
19:32:28  runs [213/2460]: ('alpha_0p5__beta1_4', 'improved_AME', 2, 'computed', 11.81671999907121)
19:32:28  runs [214/2460]: ('alpha_0p5__beta1_4', 'improved_AME', 3, 'computed', 11.724141496233642)
19:32:29  runs [215/2460]: ('alpha_0p5__beta1_4', 'improved_AME', 4, 'computed', 11.870820912066847)
19:32:31  runs [216/2460]: ('alpha_0p5__beta1_4', 'improved_AME', 5, 'computed', 11.682391759939492)
19:32:33  runs [217/2460]: ('alpha_0p5__beta1_4', 'improved_AME', 6, 'computed', 11.744245615322143)
19:32:35  runs [218/2460]: ('alpha_0p5__beta1_4', 'improved_AME', 7, 'computed', 11.794998588971794)
19:32:36  runs [219/2460]: ('alpha_0p5__beta1_4', 'improved_AME', 9, 'computed', 11.878496516961604)
19:32:36  runs [220/2460]: ('alpha_0p5__beta1_4', 'improved_AME', 8, 'computed', 11.925197978969663)
19:32:38  runs [221/2460]: ('alpha_0p5__beta1_4', 'WSL', 0, 'computed', 11.372930149082094)
19:32:38  runs [222/2460]: ('alpha_0p5__beta1_4', 'WSL', 1, 'computed', 11.320769059006125)
19:32:39  runs [223/2460]: ('alpha_0p5__beta1_4', 'WSL', 2, 'computed', 11.479395308997482)
19:32:39  runs [224/2460]: ('alpha_0p5__beta1_4', 'WSL', 3, 'computed', 11.298210137989372)
19:32:41  runs [225/2460]: ('alpha_0p5__beta1_4', 'WSL', 4, 'computed', 11.573505484033376)
19:32:43  runs [226/2460]: ('alpha_0p5__beta1_4', 'WSL', 5, 'computed', 11.337989701423794)
19:32:44  runs [227/2460]: ('alpha_0p5__beta1_4', 'WSL', 6, 'computed', 11.367992266081274)
19:32:47  runs [228/2460]: ('alpha_0p5__beta1_4', 'WSL', 7, 'computed', 11.410390879027545)
19:32:47  runs [229/2460]: ('alpha_0p5__beta1_4', 'WSL', 8, 'computed', 11.389228464104235)
19:32:47  runs [230/2460]: ('alpha_0p5__beta1_4', 'WSL', 9, 'computed', 11.575112830847502)
19:32:49  runs [231/2460]: ('alpha_0p5__beta1_4', 'weighted_permutation', 0, 'computed', 11.409346649888903)
19:32:50  runs [232/2460]: ('alpha_0p5__beta1_4', 'weighted_permutation', 1, 'computed', 11.420772260054946)
19:32:50  runs [233/2460]: ('alpha_0p5__beta1_4', 'weighted_permutation', 2, 'computed', 11.431714784819633)
19:32:51  runs [234/2460]: ('alpha_0p5__beta1_4', 'weighted_permutation', 3, 'computed', 11.292274998035282)
19:32:52  runs [235/2460]: ('alpha_0p5__beta1_4', 'weighted_permutation', 4, 'computed', 11.432022724300623)
19:32:54  runs [236/2460]: ('alpha_0p5__beta1_4', 'weighted_permutation', 5, 'computed', 11.41878989432007)
19:32:55  runs [237/2460]: ('alpha_0p5__beta1_4', 'weighted_permutation', 6, 'computed', 11.353888496756554)
19:32:58  runs [238/2460]: ('alpha_0p5__beta1_4', 'weighted_permutation', 7, 'computed', 11.334527091123164)
19:32:59  runs [239/2460]: ('alpha_0p5__beta1_4', 'weighted_permutation', 8, 'computed', 11.430346073582768)
19:32:59  runs [240/2460]: ('alpha_0p5__beta1_4', 'weighted_permutation', 9, 'computed', 11.634560123085976)
19:33:05  runs [241/2460]: ('alpha_0p5__beta1_4', 'OFA_optimal', 0, 'computed', 16.140392877161503)
19:33:06  runs [242/2460]: ('alpha_0p5__beta1_4', 'OFA_optimal', 1, 'computed', 16.003570834174752)
19:33:07  runs [243/2460]: ('alpha_0p5__beta1_4', 'OFA_optimal', 3, 'computed', 16.036213384009898)
19:33:07  runs [244/2460]: ('alpha_0p5__beta1_4', 'OFA_optimal', 2, 'computed', 16.17085849866271)
19:33:08  runs [245/2460]: ('alpha_0p5__beta1_4', 'OFA_optimal', 4, 'computed', 16.147834808100015)
19:33:10  runs [246/2460]: ('alpha_0p5__beta1_4', 'OFA_optimal', 5, 'computed', 15.884570217691362)
19:33:11  runs [247/2460]: ('alpha_0p5__beta1_4', 'OFA_optimal', 6, 'computed', 15.988365225028247)
19:33:14  runs [248/2460]: ('alpha_0p5__beta1_4', 'OFA_optimal', 7, 'computed', 16.132034279871732)
19:33:15  runs [249/2460]: ('alpha_0p5__beta1_4', 'OFA_optimal', 8, 'computed', 15.999804510734975)
19:33:15  runs [250/2460]: ('alpha_0p5__beta1_4', 'OFA_optimal', 9, 'computed', 16.022187414113432)
19:33:18  runs [251/2460]: ('alpha_0p5__beta1_4', 'WGELS_shapley', 0, 'computed', 13.041942946147174)
19:33:19  runs [252/2460]: ('alpha_0p5__beta1_4', 'WGELS_shapley', 1, 'computed', 12.957852263003588)
19:33:20  runs [253/2460]: ('alpha_0p5__beta1_4', 'WGELS_shapley', 2, 'computed', 13.012485234998167)
19:33:20  runs [254/2460]: ('alpha_0p5__beta1_4', 'WGELS_shapley', 3, 'computed', 13.068096761126071)
19:33:21  runs [255/2460]: ('alpha_0p5__beta1_4', 'WGELS_shapley', 4, 'computed', 13.019044205080718)
19:33:23  runs [256/2460]: ('alpha_0p5__beta1_4', 'WGELS_shapley', 5, 'computed', 13.006108193192631)
19:33:24  runs [257/2460]: ('alpha_0p5__beta1_4', 'WGELS_shapley', 6, 'computed', 12.97765048732981)
19:33:27  runs [258/2460]: ('alpha_0p5__beta1_4', 'WGELS_shapley', 7, 'computed', 13.149459830950946)
19:33:28  runs [259/2460]: ('alpha_0p5__beta1_4', 'WGELS_shapley', 8, 'computed', 13.296115555800498)
19:33:28  runs [260/2460]: ('alpha_0p5__beta1_4', 'WGELS_shapley', 9, 'computed', 13.026891082059592)
19:36:11  runs [261/2460]: ('alpha_0p5__beta1_4', 'RegressionMSR_unbiased', 1, 'computed', 171.6521951961331)
19:36:21  runs [262/2460]: ('alpha_0p5__beta1_4', 'RegressionMSR_unbiased', 0, 'computed', 182.98638927796856)
19:36:26  runs [263/2460]: ('alpha_0p5__beta4_1', 'EaseSHAP_interaction_nonlinear', 0, 'computed', 15.824857695028186)
19:36:27  runs [264/2460]: ('alpha_0p5__beta1_4', 'RegressionMSR_unbiased', 5, 'computed', 183.98987900977954)
19:36:41  runs [265/2460]: ('alpha_0p5__beta4_1', 'EaseSHAP_interaction_nonlinear', 1, 'computed', 20.139635106083006)
19:36:45  runs [266/2460]: ('alpha_0p5__beta4_1', 'EaseSHAP_interaction_nonlinear', 2, 'computed', 18.509245085995644)
19:36:45  runs [267/2460]: ('alpha_0p5__beta4_1', 'EaseSHAP_interaction_nonlinear', 3, 'computed', 18.05889017181471)
19:36:58  runs [268/2460]: ('alpha_0p5__beta1_4', 'RegressionMSR_unbiased', 6, 'computed', 213.58281252300367)
19:36:58  runs [269/2460]: ('alpha_0p5__beta1_4', 'RegressionMSR_unbiased', 7, 'computed', 210.71401436487213)
19:37:03  runs [270/2460]: ('alpha_0p5__beta4_1', 'EaseSHAP_interaction_nonlinear', 5, 'computed', 18.47956161526963)
19:37:06  runs [271/2460]: ('alpha_0p5__beta4_1', 'EaseSHAP_interaction_nonlinear', 4, 'computed', 25.006439893040806)
19:37:08  runs [272/2460]: ('alpha_0p5__beta4_1', 'EaseSHAP_interaction_nonlinear', 6, 'computed', 22.40786447096616)
19:37:17  runs [273/2460]: ('alpha_0p5__beta4_1', 'EaseSHAP_interaction_nonlinear', 8, 'computed', 19.057821040973067)
19:37:23  runs [274/2460]: ('alpha_0p5__beta1_4', 'RegressionMSR_unbiased', 4, 'computed', 241.9350525829941)
19:37:24  runs [275/2460]: ('alpha_0p5__beta4_1', 'EaseSHAP_interaction_nonlinear', 7, 'computed', 25.92477821232751)
19:37:29  runs [276/2460]: ('alpha_0p5__beta4_1', 'EaseSHAP_interaction_nonlinear', 9, 'computed', 25.369174874853343)
19:37:37  runs [277/2460]: ('alpha_0p5__beta1_4', 'RegressionMSR_unbiased', 2, 'computed', 257.05599139025435)
19:37:46  runs [278/2460]: ('alpha_0p5__beta1_4', 'RegressionMSR_unbiased', 9, 'computed', 258.2053863280453)
19:37:48  runs [279/2460]: ('alpha_0p5__beta1_4', 'RegressionMSR_unbiased', 3, 'computed', 268.41498483577743)
19:37:52  runs [280/2460]: ('alpha_0p5__beta1_4', 'RegressionMSR_unbiased', 8, 'computed', 264.1544299670495)
19:41:24  runs [281/2460]: ('alpha_0p5__beta4_1', 'EaseSHAP_size_player', 5, 'computed', 235.18646264495328)
19:41:40  runs [282/2460]: ('alpha_0p5__beta4_1', 'OFA_fixed', 0, 'computed', 16.131786787882447)
19:41:55  runs [283/2460]: ('alpha_0p5__beta4_1', 'EaseSHAP_size_player', 0, 'computed', 288.64937466708943)
19:41:56  runs [284/2460]: ('alpha_0p5__beta4_1', 'OFA_fixed', 1, 'computed', 16.11250317003578)
19:42:07  runs [285/2460]: ('alpha_0p5__beta4_1', 'EaseSHAP_size_player', 6, 'computed', 270.51123534096405)
19:42:11  runs [286/2460]: ('alpha_0p5__beta4_1', 'OFA_fixed', 2, 'computed', 16.27150547504425)
19:42:12  runs [287/2460]: ('alpha_0p5__beta4_1', 'OFA_fixed', 3, 'computed', 16.149473791942)
19:42:15  runs [288/2460]: ('alpha_0p5__beta4_1', 'EaseSHAP_size_player', 2, 'computed', 297.49262394197285)
19:42:15  runs [289/2460]: ('alpha_0p5__beta4_1', 'EaseSHAP_size_player', 4, 'computed', 291.0406582741998)
19:42:20  runs [290/2460]: ('alpha_0p5__beta4_1', 'EaseSHAP_size_player', 3, 'computed', 296.9521918534301)
19:42:23  runs [291/2460]: ('alpha_0p5__beta4_1', 'EaseSHAP_size_player', 7, 'computed', 276.7760539902374)
19:42:24  runs [292/2460]: ('alpha_0p5__beta4_1', 'OFA_fixed', 4, 'computed', 16.3548493408598)
19:42:28  runs [293/2460]: ('alpha_0p5__beta4_1', 'OFA_fixed', 5, 'computed', 16.281320040114224)
19:42:28  runs [294/2460]: ('alpha_0p5__beta4_1', 'EaseSHAP_size_player', 1, 'computed', 320.14581208396703)
19:42:29  runs [295/2460]: ('alpha_0p5__beta4_1', 'OFA_fixed', 6, 'computed', 16.343892231583595)
19:42:31  runs [296/2460]: ('alpha_0p5__beta4_1', 'OFA_fixed', 7, 'computed', 16.21722151665017)
19:42:31  runs [297/2460]: ('alpha_0p5__beta4_1', 'OFA_fixed', 8, 'computed', 16.37867417279631)
19:42:34  runs [298/2460]: ('alpha_0p5__beta4_1', 'EaseSHAP_size_player', 8, 'computed', 286.37974517280236)
19:42:35  runs [299/2460]: ('alpha_0p5__beta4_1', 'OFA_baseline', 0, 'computed', 11.542935856152326)
19:42:35  runs [300/2460]: ('alpha_0p5__beta4_1', 'OFA_baseline', 1, 'computed', 11.456422088202089)
19:42:37  runs [301/2460]: ('alpha_0p5__beta4_1', 'OFA_fixed', 9, 'computed', 16.306115984916687)
19:42:38  runs [302/2460]: ('alpha_0p5__beta4_1', 'EaseSHAP_size_player', 9, 'computed', 286.5037647522986)
19:42:39  runs [303/2460]: ('alpha_0p5__beta4_1', 'OFA_baseline', 2, 'computed', 11.545165746938437)
19:42:39  runs [304/2460]: ('alpha_0p5__beta4_1', 'OFA_baseline', 3, 'computed', 11.501610090956092)
19:42:40  runs [305/2460]: ('alpha_0p5__beta4_1', 'OFA_baseline', 4, 'computed', 11.3921143328771)
19:42:42  runs [306/2460]: ('alpha_0p5__beta4_1', 'OFA_baseline', 5, 'computed', 11.329191360156983)
19:42:43  runs [307/2460]: ('alpha_0p5__beta4_1', 'OFA_baseline', 6, 'computed', 11.46696545323357)
19:42:46  runs [308/2460]: ('alpha_0p5__beta4_1', 'OFA_baseline', 7, 'computed', 11.354026558808982)
19:42:46  runs [309/2460]: ('alpha_0p5__beta4_1', 'OFA_baseline', 8, 'computed', 11.417013052850962)
19:42:46  runs [310/2460]: ('alpha_0p5__beta4_1', 'OFA_baseline', 9, 'computed', 11.396119404118508)
19:42:48  runs [311/2460]: ('alpha_0p5__beta4_1', 'sampling_lift', 0, 'computed', 11.29196783201769)
19:42:50  runs [312/2460]: ('alpha_0p5__beta4_1', 'sampling_lift', 1, 'computed', 11.543435763102025)
19:42:51  runs [313/2460]: ('alpha_0p5__beta4_1', 'sampling_lift', 2, 'computed', 11.383185049053282)
19:42:51  runs [314/2460]: ('alpha_0p5__beta4_1', 'sampling_lift', 3, 'computed', 11.40633392892778)
19:42:51  runs [315/2460]: ('alpha_0p5__beta4_1', 'sampling_lift', 4, 'computed', 11.366917881648988)
19:42:54  runs [316/2460]: ('alpha_0p5__beta4_1', 'sampling_lift', 5, 'computed', 11.377313512843102)
19:42:54  runs [317/2460]: ('alpha_0p5__beta4_1', 'sampling_lift', 6, 'computed', 11.33548362320289)
19:42:57  runs [318/2460]: ('alpha_0p5__beta4_1', 'sampling_lift', 7, 'computed', 11.296513999346644)
19:42:57  runs [319/2460]: ('alpha_0p5__beta4_1', 'sampling_lift', 8, 'computed', 11.386971020605415)
19:42:58  runs [320/2460]: ('alpha_0p5__beta4_1', 'sampling_lift', 9, 'computed', 11.404691282194108)
19:43:01  runs [321/2460]: ('alpha_0p5__beta4_1', 'SHAP_IQ', 0, 'computed', 12.96730398805812)
19:43:03  runs [322/2460]: ('alpha_0p5__beta4_1', 'SHAP_IQ', 1, 'computed', 12.967091793194413)
19:43:03  runs [323/2460]: ('alpha_0p5__beta4_1', 'SHAP_IQ', 2, 'computed', 12.971522999927402)
19:43:04  runs [324/2460]: ('alpha_0p5__beta4_1', 'SHAP_IQ', 3, 'computed', 12.944694331847131)
19:43:04  runs [325/2460]: ('alpha_0p5__beta4_1', 'SHAP_IQ', 4, 'computed', 12.98293549893424)
19:43:07  runs [326/2460]: ('alpha_0p5__beta4_1', 'SHAP_IQ', 5, 'computed', 13.00401378236711)
19:43:07  runs [327/2460]: ('alpha_0p5__beta4_1', 'SHAP_IQ', 6, 'computed', 13.09815961914137)
19:43:10  runs [328/2460]: ('alpha_0p5__beta4_1', 'SHAP_IQ', 7, 'computed', 12.902644580230117)
19:43:10  runs [329/2460]: ('alpha_0p5__beta4_1', 'SHAP_IQ', 8, 'computed', 12.94587154686451)
19:43:11  runs [330/2460]: ('alpha_0p5__beta4_1', 'SHAP_IQ', 9, 'computed', 13.125709377694875)
19:43:14  runs [331/2460]: ('alpha_0p5__beta4_1', 'GELS', 0, 'computed', 13.007395340129733)
19:43:16  runs [332/2460]: ('alpha_0p5__beta4_1', 'GELS', 1, 'computed', 12.984568377025425)
19:43:16  runs [333/2460]: ('alpha_0p5__beta4_1', 'GELS', 2, 'computed', 12.956556633580476)
19:43:17  runs [334/2460]: ('alpha_0p5__beta4_1', 'GELS', 3, 'computed', 12.983966553583741)
19:43:17  runs [335/2460]: ('alpha_0p5__beta4_1', 'GELS', 4, 'computed', 12.973586158826947)
19:43:20  runs [336/2460]: ('alpha_0p5__beta4_1', 'GELS', 5, 'computed', 13.009011746849865)
19:43:20  runs [337/2460]: ('alpha_0p5__beta4_1', 'GELS', 6, 'computed', 12.976727852132171)
19:43:23  runs [338/2460]: ('alpha_0p5__beta4_1', 'GELS', 7, 'computed', 12.870245648082346)
19:43:23  runs [339/2460]: ('alpha_0p5__beta4_1', 'GELS', 8, 'computed', 12.947168287821114)
19:43:24  runs [340/2460]: ('alpha_0p5__beta4_1', 'GELS', 9, 'computed', 13.159746878780425)
19:43:26  runs [341/2460]: ('alpha_0p5__beta4_1', 'improved_AME', 0, 'computed', 11.839545097202063)
19:43:28  runs [342/2460]: ('alpha_0p5__beta4_1', 'improved_AME', 1, 'computed', 11.826420322991908)
19:43:28  runs [343/2460]: ('alpha_0p5__beta4_1', 'improved_AME', 2, 'computed', 11.841296328697354)
19:43:28  runs [344/2460]: ('alpha_0p5__beta4_1', 'improved_AME', 3, 'computed', 11.862444370985031)
19:43:29  runs [345/2460]: ('alpha_0p5__beta4_1', 'improved_AME', 4, 'computed', 11.83993338001892)
19:43:31  runs [346/2460]: ('alpha_0p5__beta4_1', 'improved_AME', 5, 'computed', 11.7977567887865)
19:43:32  runs [347/2460]: ('alpha_0p5__beta4_1', 'improved_AME', 6, 'computed', 11.85922114411369)
19:43:35  runs [348/2460]: ('alpha_0p5__beta4_1', 'improved_AME', 7, 'computed', 11.741959274746478)
19:43:35  runs [349/2460]: ('alpha_0p5__beta4_1', 'improved_AME', 8, 'computed', 11.802332398016006)
19:43:36  runs [350/2460]: ('alpha_0p5__beta4_1', 'improved_AME', 9, 'computed', 12.034814844373614)
19:43:37  runs [351/2460]: ('alpha_0p5__beta4_1', 'WSL', 0, 'computed', 11.49950941791758)
19:43:39  runs [352/2460]: ('alpha_0p5__beta4_1', 'WSL', 1, 'computed', 11.333861588966101)
19:43:40  runs [353/2460]: ('alpha_0p5__beta4_1', 'WSL', 3, 'computed', 11.417094812728465)
19:43:40  runs [354/2460]: ('alpha_0p5__beta4_1', 'WSL', 2, 'computed', 11.516142474021763)
19:43:41  runs [355/2460]: ('alpha_0p5__beta4_1', 'WSL', 4, 'computed', 11.442113541066647)
19:43:43  runs [356/2460]: ('alpha_0p5__beta4_1', 'WSL', 5, 'computed', 11.348958180751652)
19:43:43  runs [357/2460]: ('alpha_0p5__beta4_1', 'WSL', 6, 'computed', 11.464807813055813)
19:43:46  runs [358/2460]: ('alpha_0p5__beta4_1', 'WSL', 7, 'computed', 11.30860244994983)
19:43:46  runs [359/2460]: ('alpha_0p5__beta4_1', 'WSL', 8, 'computed', 11.419029991142452)
19:43:48  runs [360/2460]: ('alpha_0p5__beta4_1', 'WSL', 9, 'computed', 11.537327975034714)
19:43:49  runs [361/2460]: ('alpha_0p5__beta4_1', 'weighted_permutation', 0, 'computed', 11.319241510238498)
19:43:51  runs [362/2460]: ('alpha_0p5__beta4_1', 'weighted_permutation', 1, 'computed', 11.459204102866352)
19:43:51  runs [363/2460]: ('alpha_0p5__beta4_1', 'weighted_permutation', 3, 'computed', 11.305609243921936)
19:43:51  runs [364/2460]: ('alpha_0p5__beta4_1', 'weighted_permutation', 2, 'computed', 11.37461692513898)
19:43:52  runs [365/2460]: ('alpha_0p5__beta4_1', 'weighted_permutation', 4, 'computed', 11.487404590006918)
19:43:54  runs [366/2460]: ('alpha_0p5__beta4_1', 'weighted_permutation', 5, 'computed', 11.359998349100351)
19:43:55  runs [367/2460]: ('alpha_0p5__beta4_1', 'weighted_permutation', 6, 'computed', 11.452572996262461)
19:43:57  runs [368/2460]: ('alpha_0p5__beta4_1', 'weighted_permutation', 7, 'computed', 11.288798285648227)
19:43:58  runs [369/2460]: ('alpha_0p5__beta4_1', 'weighted_permutation', 8, 'computed', 11.406248877290636)
19:43:59  runs [370/2460]: ('alpha_0p5__beta4_1', 'weighted_permutation', 9, 'computed', 11.469184902030975)
19:44:04  runs [371/2460]: ('alpha_0p5__beta4_1', 'OFA_optimal', 0, 'computed', 15.904366197064519)
19:44:07  runs [372/2460]: ('alpha_0p5__beta4_1', 'OFA_optimal', 1, 'computed', 16.003828201908618)
19:44:07  runs [373/2460]: ('alpha_0p5__beta4_1', 'OFA_optimal', 2, 'computed', 15.905856032855809)
19:44:08  runs [374/2460]: ('alpha_0p5__beta4_1', 'OFA_optimal', 3, 'computed', 16.437873175833374)
19:44:08  runs [375/2460]: ('alpha_0p5__beta4_1', 'OFA_optimal', 4, 'computed', 16.10434715403244)
19:44:10  runs [376/2460]: ('alpha_0p5__beta4_1', 'OFA_optimal', 5, 'computed', 15.996757542248815)
19:44:11  runs [377/2460]: ('alpha_0p5__beta4_1', 'OFA_optimal', 6, 'computed', 16.092392473015934)
19:44:13  runs [378/2460]: ('alpha_0p5__beta4_1', 'OFA_optimal', 7, 'computed', 16.134007145650685)
19:44:14  runs [379/2460]: ('alpha_0p5__beta4_1', 'OFA_optimal', 8, 'computed', 15.98799941688776)
19:44:15  runs [380/2460]: ('alpha_0p5__beta4_1', 'OFA_optimal', 9, 'computed', 15.995559125207365)
19:44:18  runs [381/2460]: ('alpha_0p5__beta4_1', 'WGELS_shapley', 0, 'computed', 13.076129239983857)
19:44:20  runs [382/2460]: ('alpha_0p5__beta4_1', 'WGELS_shapley', 1, 'computed', 13.0522574307397)
19:44:20  runs [383/2460]: ('alpha_0p5__beta4_1', 'WGELS_shapley', 2, 'computed', 13.001964625902474)
19:44:21  runs [384/2460]: ('alpha_0p5__beta4_1', 'WGELS_shapley', 3, 'computed', 13.10738144395873)
19:44:21  runs [385/2460]: ('alpha_0p5__beta4_1', 'WGELS_shapley', 4, 'computed', 12.971708479803056)
19:44:23  runs [386/2460]: ('alpha_0p5__beta4_1', 'WGELS_shapley', 5, 'computed', 13.159434624016285)
19:44:24  runs [387/2460]: ('alpha_0p5__beta4_1', 'WGELS_shapley', 6, 'computed', 13.095446223858744)
19:44:27  runs [388/2460]: ('alpha_0p5__beta4_1', 'WGELS_shapley', 7, 'computed', 13.27796181710437)
19:44:27  runs [389/2460]: ('alpha_0p5__beta4_1', 'WGELS_shapley', 8, 'computed', 13.010315845254809)
19:44:28  runs [390/2460]: ('alpha_0p5__beta4_1', 'WGELS_shapley', 9, 'computed', 13.071961803361773)
19:46:51  runs [391/2460]: ('alpha_0p5__beta4_1', 'RegressionMSR_unbiased', 4, 'computed', 149.70100528607145)
19:47:10  runs [392/2460]: ('alpha_0p5__beta4_1', 'RegressionMSR_unbiased', 2, 'computed', 169.85850213980302)
19:47:11  runs [393/2460]: ('alpha_0p5__wb0p25', 'EaseSHAP_interaction_nonlinear', 0, 'computed', 20.54735638620332)
19:47:32  runs [394/2460]: ('alpha_0p5__beta4_1', 'RegressionMSR_unbiased', 1, 'computed', 192.25465189293027)
19:47:34  runs [395/2460]: ('alpha_0p5__wb0p25', 'EaseSHAP_interaction_nonlinear', 1, 'computed', 24.237372033298016)
19:47:40  runs [396/2460]: ('alpha_0p5__wb0p25', 'EaseSHAP_interaction_nonlinear', 2, 'computed', 28.438170827925205)
19:47:53  runs [397/2460]: ('alpha_0p5__beta4_1', 'RegressionMSR_unbiased', 8, 'computed', 206.28644405212253)
19:47:56  runs [398/2460]: ('alpha_0p5__wb0p25', 'EaseSHAP_interaction_nonlinear', 4, 'computed', 21.689383146818727)
19:47:59  runs [399/2460]: ('alpha_0p5__wb0p25', 'EaseSHAP_interaction_nonlinear', 3, 'computed', 27.198057126719505)
19:48:01  runs [400/2460]: ('alpha_0p5__wb0p25', 'EaseSHAP_interaction_nonlinear', 5, 'computed', 21.238214137032628)
19:48:12  runs [401/2460]: ('alpha_0p5__wb0p25', 'EaseSHAP_interaction_nonlinear', 6, 'computed', 18.429129489697516)
19:48:14  runs [402/2460]: ('alpha_0p5__wb0p25', 'EaseSHAP_interaction_nonlinear', 7, 'computed', 17.969343771226704)
19:48:15  runs [403/2460]: ('alpha_0p5__beta4_1', 'RegressionMSR_unbiased', 9, 'computed', 227.00529286265373)
19:48:16  runs [404/2460]: ('alpha_0p5__beta4_1', 'RegressionMSR_unbiased', 3, 'computed', 235.76787840109318)
19:48:19  runs [405/2460]: ('alpha_0p5__wb0p25', 'EaseSHAP_interaction_nonlinear', 9, 'computed', 17.79735639784485)
19:48:20  runs [406/2460]: ('alpha_0p5__beta4_1', 'RegressionMSR_unbiased', 7, 'computed', 233.6082612387836)
19:48:22  runs [407/2460]: ('alpha_0p5__wb0p25', 'EaseSHAP_interaction_nonlinear', 8, 'computed', 22.92954705329612)
19:48:46  runs [408/2460]: ('alpha_0p5__beta4_1', 'RegressionMSR_unbiased', 0, 'computed', 267.9756281701848)
19:48:58  runs [409/2460]: ('alpha_0p5__beta4_1', 'RegressionMSR_unbiased', 5, 'computed', 274.2620445359498)
19:48:58  runs [410/2460]: ('alpha_0p5__beta4_1', 'RegressionMSR_unbiased', 6, 'computed', 274.4325335556641)
19:52:31  runs [411/2460]: ('alpha_0p5__wb0p25', 'EaseSHAP_size_player', 7, 'computed', 225.00617392687127)
19:52:47  runs [412/2460]: ('alpha_0p5__wb0p25', 'OFA_fixed', 0, 'computed', 16.035559117794037)
19:52:51  runs [413/2460]: ('alpha_0p5__wb0p25', 'EaseSHAP_size_player', 0, 'computed', 279.1082915379666)
19:53:03  runs [414/2460]: ('alpha_0p5__wb0p25', 'OFA_fixed', 1, 'computed', 16.269454406108707)
19:53:07  runs [415/2460]: ('alpha_0p5__wb0p25', 'OFA_fixed', 2, 'computed', 15.941390830557793)
19:53:09  runs [416/2460]: ('alpha_0p5__wb0p25', 'EaseSHAP_size_player', 4, 'computed', 289.9324920848012)
19:53:09  runs [417/2460]: ('alpha_0p5__wb0p25', 'EaseSHAP_size_player', 2, 'computed', 294.24385791271925)
19:53:17  runs [418/2460]: ('alpha_0p5__wb0p25', 'EaseSHAP_size_player', 1, 'computed', 302.75757961021736)
19:53:17  runs [419/2460]: ('alpha_0p5__wb0p25', 'EaseSHAP_size_player', 5, 'computed', 296.90124198934063)
19:53:19  runs [420/2460]: ('alpha_0p5__wb0p25', 'OFA_fixed', 3, 'computed', 16.290851722937077)
19:53:23  runs [421/2460]: ('alpha_0p5__wb0p25', 'OFA_fixed', 4, 'computed', 16.44660265184939)
19:53:25  runs [422/2460]: ('alpha_0p5__wb0p25', 'OFA_fixed', 5, 'computed', 16.244973878841847)
19:53:26  runs [423/2460]: ('alpha_0p5__wb0p25', 'EaseSHAP_size_player', 3, 'computed', 309.1694026971236)
19:53:26  runs [424/2460]: ('alpha_0p5__wb0p25', 'OFA_fixed', 6, 'computed', 16.664873650763184)
19:53:27  runs [425/2460]: ('alpha_0p5__wb0p25', 'EaseSHAP_size_player', 6, 'computed', 305.40394627302885)
19:53:33  runs [426/2460]: ('alpha_0p5__wb0p25', 'OFA_fixed', 7, 'computed', 16.637685916386545)
19:53:34  runs [427/2460]: ('alpha_0p5__wb0p25', 'OFA_fixed', 8, 'computed', 16.33873886289075)
19:53:35  runs [428/2460]: ('alpha_0p5__wb0p25', 'OFA_baseline', 0, 'computed', 11.456736435182393)
19:53:35  runs [429/2460]: ('alpha_0p5__wb0p25', 'OFA_fixed', 9, 'computed', 16.19302153168246)
19:53:37  runs [430/2460]: ('alpha_0p5__wb0p25', 'OFA_baseline', 1, 'computed', 11.525241828989238)
19:53:37  runs [431/2460]: ('alpha_0p5__wb0p25', 'EaseSHAP_size_player', 9, 'computed', 278.4371368410066)
19:53:37  runs [432/2460]: ('alpha_0p5__wb0p25', 'EaseSHAP_size_player', 8, 'computed', 279.35605186829343)
19:53:37  runs [433/2460]: ('alpha_0p5__wb0p25', 'OFA_baseline', 2, 'computed', 11.69201618200168)
19:53:38  runs [434/2460]: ('alpha_0p5__wb0p25', 'OFA_baseline', 3, 'computed', 11.487070155795664)
19:53:39  runs [435/2460]: ('alpha_0p5__wb0p25', 'OFA_baseline', 4, 'computed', 11.496513253077865)
19:53:45  runs [436/2460]: ('alpha_0p5__wb0p25', 'OFA_baseline', 5, 'computed', 11.469409046694636)
19:53:45  runs [437/2460]: ('alpha_0p5__wb0p25', 'OFA_baseline', 6, 'computed', 11.482803182676435)
19:53:46  runs [438/2460]: ('alpha_0p5__wb0p25', 'OFA_baseline', 7, 'computed', 11.326147239189595)
19:53:47  runs [439/2460]: ('alpha_0p5__wb0p25', 'OFA_baseline', 8, 'computed', 11.422360803000629)
19:53:48  runs [440/2460]: ('alpha_0p5__wb0p25', 'OFA_baseline', 9, 'computed', 11.386066927108914)
19:53:48  runs [441/2460]: ('alpha_0p5__wb0p25', 'sampling_lift', 0, 'computed', 11.375273103360087)
19:53:48  runs [442/2460]: ('alpha_0p5__wb0p25', 'sampling_lift', 1, 'computed', 11.436199358664453)
19:53:49  runs [443/2460]: ('alpha_0p5__wb0p25', 'sampling_lift', 2, 'computed', 11.483646276872605)
19:53:49  runs [444/2460]: ('alpha_0p5__wb0p25', 'sampling_lift', 3, 'computed', 11.395224075764418)
19:53:50  runs [445/2460]: ('alpha_0p5__wb0p25', 'sampling_lift', 4, 'computed', 11.32508106669411)
19:53:56  runs [446/2460]: ('alpha_0p5__wb0p25', 'sampling_lift', 5, 'computed', 11.515357858035713)
19:53:56  runs [447/2460]: ('alpha_0p5__wb0p25', 'sampling_lift', 6, 'computed', 11.434253692626953)
19:53:57  runs [448/2460]: ('alpha_0p5__wb0p25', 'sampling_lift', 7, 'computed', 11.461284967605025)
19:53:58  runs [449/2460]: ('alpha_0p5__wb0p25', 'sampling_lift', 8, 'computed', 11.364936425816268)
19:53:59  runs [450/2460]: ('alpha_0p5__wb0p25', 'sampling_lift', 9, 'computed', 11.390700672753155)
19:54:01  runs [451/2460]: ('alpha_0p5__wb0p25', 'SHAP_IQ', 1, 'computed', 12.969889937900007)
19:54:01  runs [452/2460]: ('alpha_0p5__wb0p25', 'SHAP_IQ', 0, 'computed', 13.114958858117461)
19:54:02  runs [453/2460]: ('alpha_0p5__wb0p25', 'SHAP_IQ', 2, 'computed', 12.9470877032727)
19:54:02  runs [454/2460]: ('alpha_0p5__wb0p25', 'SHAP_IQ', 3, 'computed', 13.07779282098636)
19:54:03  runs [455/2460]: ('alpha_0p5__wb0p25', 'SHAP_IQ', 4, 'computed', 12.889478941913694)
19:54:09  runs [456/2460]: ('alpha_0p5__wb0p25', 'SHAP_IQ', 5, 'computed', 13.084558449685574)
19:54:10  runs [457/2460]: ('alpha_0p5__wb0p25', 'SHAP_IQ', 6, 'computed', 13.059678209014237)
19:54:10  runs [458/2460]: ('alpha_0p5__wb0p25', 'SHAP_IQ', 7, 'computed', 13.031607267912477)
19:54:11  runs [459/2460]: ('alpha_0p5__wb0p25', 'SHAP_IQ', 8, 'computed', 12.985502513125539)
19:54:12  runs [460/2460]: ('alpha_0p5__wb0p25', 'SHAP_IQ', 9, 'computed', 12.941062326077372)
19:54:14  runs [461/2460]: ('alpha_0p5__wb0p25', 'GELS', 0, 'computed', 12.976033681072295)
19:54:14  runs [462/2460]: ('alpha_0p5__wb0p25', 'GELS', 1, 'computed', 13.05343732982874)
19:54:15  runs [463/2460]: ('alpha_0p5__wb0p25', 'GELS', 2, 'computed', 12.898153719026595)
19:54:15  runs [464/2460]: ('alpha_0p5__wb0p25', 'GELS', 3, 'computed', 13.074218976777047)
19:54:16  runs [465/2460]: ('alpha_0p5__wb0p25', 'GELS', 4, 'computed', 12.992213502991945)
19:54:22  runs [466/2460]: ('alpha_0p5__wb0p25', 'GELS', 5, 'computed', 13.079175462946296)
19:54:23  runs [467/2460]: ('alpha_0p5__wb0p25', 'GELS', 6, 'computed', 13.056605571880937)
19:54:23  runs [468/2460]: ('alpha_0p5__wb0p25', 'GELS', 7, 'computed', 12.84289065701887)
19:54:24  runs [469/2460]: ('alpha_0p5__wb0p25', 'GELS', 8, 'computed', 12.965751843061298)
19:54:25  runs [470/2460]: ('alpha_0p5__wb0p25', 'GELS', 9, 'computed', 12.914118194021285)
19:54:26  runs [471/2460]: ('alpha_0p5__wb0p25', 'improved_AME', 0, 'computed', 11.873007658869028)
19:54:26  runs [472/2460]: ('alpha_0p5__wb0p25', 'improved_AME', 1, 'computed', 11.863524436019361)
19:54:26  runs [473/2460]: ('alpha_0p5__wb0p25', 'improved_AME', 2, 'computed', 11.765369080938399)
19:54:27  runs [474/2460]: ('alpha_0p5__wb0p25', 'improved_AME', 3, 'computed', 11.834395952988416)
19:54:28  runs [475/2460]: ('alpha_0p5__wb0p25', 'improved_AME', 4, 'computed', 11.632958433125168)
19:54:34  runs [476/2460]: ('alpha_0p5__wb0p25', 'improved_AME', 5, 'computed', 11.740317136980593)
19:54:34  runs [477/2460]: ('alpha_0p5__wb0p25', 'improved_AME', 6, 'computed', 11.705192619934678)
19:54:35  runs [478/2460]: ('alpha_0p5__wb0p25', 'improved_AME', 7, 'computed', 11.751141900196671)
19:54:36  runs [479/2460]: ('alpha_0p5__wb0p25', 'improved_AME', 8, 'computed', 11.844938076101243)
19:54:37  runs [480/2460]: ('alpha_0p5__wb0p25', 'improved_AME', 9, 'computed', 11.723386788740754)
19:54:38  runs [481/2460]: ('alpha_0p5__wb0p25', 'WSL', 0, 'computed', 11.485960486810654)
19:54:38  runs [482/2460]: ('alpha_0p5__wb0p25', 'WSL', 1, 'computed', 11.380751911085099)
19:54:38  runs [483/2460]: ('alpha_0p5__wb0p25', 'WSL', 2, 'computed', 11.514585504774004)
19:54:38  runs [484/2460]: ('alpha_0p5__wb0p25', 'WSL', 3, 'computed', 11.41343251708895)
19:54:39  runs [485/2460]: ('alpha_0p5__wb0p25', 'WSL', 4, 'computed', 11.384867033921182)
19:54:46  runs [486/2460]: ('alpha_0p5__wb0p25', 'WSL', 5, 'computed', 11.50834871828556)
19:54:46  runs [487/2460]: ('alpha_0p5__wb0p25', 'WSL', 6, 'computed', 11.454668710939586)
19:54:46  runs [488/2460]: ('alpha_0p5__wb0p25', 'WSL', 7, 'computed', 11.316578754689544)
19:54:47  runs [489/2460]: ('alpha_0p5__wb0p25', 'WSL', 8, 'computed', 11.463296146132052)
19:54:48  runs [490/2460]: ('alpha_0p5__wb0p25', 'WSL', 9, 'computed', 11.359584849327803)
19:54:49  runs [491/2460]: ('alpha_0p5__wb0p25', 'weighted_permutation', 0, 'computed', 11.34394351998344)
19:54:49  runs [492/2460]: ('alpha_0p5__wb0p25', 'weighted_permutation', 1, 'computed', 11.37535696895793)
19:54:49  runs [493/2460]: ('alpha_0p5__wb0p25', 'weighted_permutation', 2, 'computed', 11.30147065827623)
19:54:50  runs [494/2460]: ('alpha_0p5__wb0p25', 'weighted_permutation', 3, 'computed', 11.375845744740218)
19:54:51  runs [495/2460]: ('alpha_0p5__wb0p25', 'weighted_permutation', 4, 'computed', 11.443988644052297)
19:54:57  runs [496/2460]: ('alpha_0p5__wb0p25', 'weighted_permutation', 6, 'computed', 11.300159606151283)
19:54:57  runs [497/2460]: ('alpha_0p5__wb0p25', 'weighted_permutation', 5, 'computed', 11.75837180716917)
19:54:58  runs [498/2460]: ('alpha_0p5__wb0p25', 'weighted_permutation', 7, 'computed', 11.379490746185184)
19:54:59  runs [499/2460]: ('alpha_0p5__wb0p25', 'weighted_permutation', 8, 'computed', 11.652451800182462)
19:55:00  runs [500/2460]: ('alpha_0p5__wb0p25', 'weighted_permutation', 9, 'computed', 11.31017873622477)
19:55:05  runs [501/2460]: ('alpha_0p5__wb0p25', 'OFA_optimal', 0, 'computed', 16.02422181190923)
19:55:05  runs [502/2460]: ('alpha_0p5__wb0p25', 'OFA_optimal', 1, 'computed', 16.08259994816035)
19:55:05  runs [503/2460]: ('alpha_0p5__wb0p25', 'OFA_optimal', 2, 'computed', 16.022266507148743)
19:55:06  runs [504/2460]: ('alpha_0p5__wb0p25', 'OFA_optimal', 3, 'computed', 16.001301430165768)
19:55:07  runs [505/2460]: ('alpha_0p5__wb0p25', 'OFA_optimal', 4, 'computed', 15.989678226877004)
19:55:13  runs [506/2460]: ('alpha_0p5__wb0p25', 'OFA_optimal', 5, 'computed', 16.12100397469476)
19:55:14  runs [507/2460]: ('alpha_0p5__wb0p25', 'OFA_optimal', 6, 'computed', 16.216679933015257)
19:55:14  runs [508/2460]: ('alpha_0p5__wb0p25', 'OFA_optimal', 7, 'computed', 15.984695462975651)
19:55:15  runs [509/2460]: ('alpha_0p5__wb0p25', 'OFA_optimal', 8, 'computed', 15.908613785170019)
19:55:16  runs [510/2460]: ('alpha_0p5__wb0p25', 'OFA_optimal', 9, 'computed', 15.965980500914156)
19:55:18  runs [511/2460]: ('alpha_0p5__wb0p25', 'WGELS_shapley', 0, 'computed', 13.02298988820985)
19:55:18  runs [512/2460]: ('alpha_0p5__wb0p25', 'WGELS_shapley', 1, 'computed', 13.107752437703311)
19:55:18  runs [513/2460]: ('alpha_0p5__wb0p25', 'WGELS_shapley', 2, 'computed', 12.976714959833771)
19:55:19  runs [514/2460]: ('alpha_0p5__wb0p25', 'WGELS_shapley', 3, 'computed', 12.852922704070807)
19:55:20  runs [515/2460]: ('alpha_0p5__wb0p25', 'WGELS_shapley', 4, 'computed', 13.029931004624814)
19:55:26  runs [516/2460]: ('alpha_0p5__wb0p25', 'WGELS_shapley', 5, 'computed', 13.023906525690109)
19:55:27  runs [517/2460]: ('alpha_0p5__wb0p25', 'WGELS_shapley', 7, 'computed', 12.951747254934162)
19:55:27  runs [518/2460]: ('alpha_0p5__wb0p25', 'WGELS_shapley', 6, 'computed', 13.217836292926222)
19:55:28  runs [519/2460]: ('alpha_0p5__wb0p25', 'WGELS_shapley', 8, 'computed', 12.961882839445025)
19:55:29  runs [520/2460]: ('alpha_0p5__wb0p25', 'WGELS_shapley', 9, 'computed', 12.967343827709556)
19:55:30  runs [521/2460]: ('alpha_0p5__wb0p25', 'AME', 0, 'computed', 11.787757308688015)
19:55:30  runs [522/2460]: ('alpha_0p5__wb0p25', 'AME', 2, 'computed', 11.783541976008564)
19:55:30  runs [523/2460]: ('alpha_0p5__wb0p25', 'AME', 1, 'computed', 11.878352602012455)
19:55:30  runs [524/2460]: ('alpha_0p5__wb0p25', 'AME', 3, 'computed', 11.646179966628551)
19:55:31  runs [525/2460]: ('alpha_0p5__wb0p25', 'AME', 4, 'computed', 11.760761192068458)
19:55:38  runs [526/2460]: ('alpha_0p5__wb0p25', 'AME', 5, 'computed', 11.843084170017391)
19:55:38  runs [527/2460]: ('alpha_0p5__wb0p25', 'AME', 6, 'computed', 11.756192912347615)
19:55:39  runs [528/2460]: ('alpha_0p5__wb0p25', 'AME', 7, 'computed', 12.071032896172255)
19:55:40  runs [529/2460]: ('alpha_0p5__wb0p25', 'AME', 8, 'computed', 11.770818324759603)
19:55:41  runs [530/2460]: ('alpha_0p5__wb0p25', 'AME', 9, 'computed', 11.86838564183563)
19:58:20  runs [531/2460]: ('alpha_0p5__wb0p25', 'RegressionMSR_unbiased', 9, 'computed', 159.22293270705268)
19:58:34  runs [532/2460]: ('alpha_0p5__wb0p25', 'RegressionMSR_unbiased', 3, 'computed', 183.95954695809633)
19:58:36  runs [533/2460]: ('alpha_0p5__wb0p25', 'RegressionMSR_unbiased', 1, 'computed', 185.54734377469867)
19:58:43  runs [534/2460]: ('alpha_0p5__wb0p5', 'EaseSHAP_interaction_nonlinear', 0, 'computed', 22.775078302714974)
19:58:45  runs [535/2460]: ('alpha_0p5__wb0p25', 'RegressionMSR_unbiased', 0, 'computed', 195.0753572122194)
19:58:59  runs [536/2460]: ('alpha_0p5__wb0p5', 'EaseSHAP_interaction_nonlinear', 2, 'computed', 22.96706147212535)
19:59:00  runs [537/2460]: ('alpha_0p5__wb0p5', 'EaseSHAP_interaction_nonlinear', 3, 'computed', 17.34556334093213)
19:59:00  runs [538/2460]: ('alpha_0p5__wb0p25', 'RegressionMSR_unbiased', 8, 'computed', 200.37750246468931)
19:59:00  runs [539/2460]: ('alpha_0p5__wb0p5', 'EaseSHAP_interaction_nonlinear', 1, 'computed', 26.14273131499067)
19:59:14  runs [540/2460]: ('alpha_0p5__wb0p5', 'EaseSHAP_interaction_nonlinear', 4, 'computed', 28.84176729992032)
19:59:18  runs [541/2460]: ('alpha_0p5__wb0p25', 'RegressionMSR_unbiased', 4, 'computed', 226.6931729610078)
19:59:18  runs [542/2460]: ('alpha_0p5__wb0p5', 'EaseSHAP_interaction_nonlinear', 7, 'computed', 18.388390474021435)
19:59:23  runs [543/2460]: ('alpha_0p5__wb0p5', 'EaseSHAP_interaction_nonlinear', 5, 'computed', 24.594873457215726)
19:59:26  runs [544/2460]: ('alpha_0p5__wb0p5', 'EaseSHAP_interaction_nonlinear', 6, 'computed', 25.772039230912924)
19:59:26  runs [545/2460]: ('alpha_0p5__wb0p5', 'EaseSHAP_interaction_nonlinear', 8, 'computed', 25.716918487101793)
19:59:30  runs [546/2460]: ('alpha_0p5__wb0p25', 'RegressionMSR_unbiased', 6, 'computed', 231.91621050192043)
19:59:35  runs [547/2460]: ('alpha_0p5__wb0p5', 'EaseSHAP_interaction_nonlinear', 9, 'computed', 21.702534866984934)
19:59:36  runs [548/2460]: ('alpha_0p5__wb0p25', 'RegressionMSR_unbiased', 2, 'computed', 246.14405453391373)
19:59:47  runs [549/2460]: ('alpha_0p5__wb0p25', 'RegressionMSR_unbiased', 7, 'computed', 247.89402401680127)
20:00:22  runs [550/2460]: ('alpha_0p5__wb0p25', 'RegressionMSR_unbiased', 5, 'computed', 283.947961315047)
20:03:40  runs [551/2460]: ('alpha_0p5__wb0p5', 'EaseSHAP_size_player', 4, 'computed', 253.47928666416556)
20:03:56  runs [552/2460]: ('alpha_0p5__wb0p5', 'OFA_fixed', 0, 'computed', 16.26721071684733)
20:04:00  runs [553/2460]: ('alpha_0p5__wb0p5', 'EaseSHAP_size_player', 0, 'computed', 281.4131438229233)
20:04:04  runs [554/2460]: ('alpha_0p5__wb0p5', 'EaseSHAP_size_player', 6, 'computed', 268.32032117201015)
20:04:09  runs [555/2460]: ('alpha_0p5__wb0p5', 'EaseSHAP_size_player', 1, 'computed', 290.3539949399419)
20:04:09  runs [556/2460]: ('alpha_0p5__wb0p5', 'EaseSHAP_size_player', 2, 'computed', 285.8198371580802)
20:04:12  runs [557/2460]: ('alpha_0p5__wb0p5', 'OFA_fixed', 1, 'computed', 16.15408118115738)
20:04:16  runs [558/2460]: ('alpha_0p5__wb0p5', 'OFA_fixed', 2, 'computed', 16.25983734987676)
20:04:17  runs [559/2460]: ('alpha_0p5__wb0p5', 'EaseSHAP_size_player', 5, 'computed', 286.72356649301946)
20:04:20  runs [560/2460]: ('alpha_0p5__wb0p5', 'EaseSHAP_size_player', 3, 'computed', 294.7551792948507)
20:04:21  runs [561/2460]: ('alpha_0p5__wb0p5', 'OFA_fixed', 3, 'computed', 17.172520825639367)
20:04:25  runs [562/2460]: ('alpha_0p5__wb0p5', 'OFA_fixed', 5, 'computed', 16.418697964865714)
20:04:26  runs [563/2460]: ('alpha_0p5__wb0p5', 'OFA_fixed', 4, 'computed', 16.774641153868288)
20:04:29  runs [564/2460]: ('alpha_0p5__wb0p5', 'OFA_fixed', 6, 'computed', 16.485360625199974)
20:04:30  runs [565/2460]: ('alpha_0p5__wb0p5', 'EaseSHAP_size_player', 7, 'computed', 293.9169472102076)
20:04:32  runs [566/2460]: ('alpha_0p5__wb0p5', 'OFA_fixed', 7, 'computed', 16.236640686169267)
20:04:33  runs [567/2460]: ('alpha_0p5__wb0p5', 'OFA_baseline', 0, 'computed', 11.602221719920635)
20:04:33  runs [568/2460]: ('alpha_0p5__wb0p5', 'OFA_fixed', 8, 'computed', 16.113025442697108)
20:04:36  runs [569/2460]: ('alpha_0p5__wb0p5', 'OFA_fixed', 9, 'computed', 16.05838186200708)
20:04:37  runs [570/2460]: ('alpha_0p5__wb0p5', 'OFA_baseline', 2, 'computed', 11.394285808783025)
20:04:37  runs [571/2460]: ('alpha_0p5__wb0p5', 'OFA_baseline', 1, 'computed', 11.778917599935085)
20:04:40  runs [572/2460]: ('alpha_0p5__wb0p5', 'OFA_baseline', 3, 'computed', 11.402399837970734)
20:04:42  runs [573/2460]: ('alpha_0p5__wb0p5', 'OFA_baseline', 4, 'computed', 11.399247280787677)
20:04:42  runs [574/2460]: ('alpha_0p5__wb0p5', 'EaseSHAP_size_player', 8, 'computed', 294.9324538470246)
20:04:44  runs [575/2460]: ('alpha_0p5__wb0p5', 'OFA_baseline', 5, 'computed', 11.523375126067549)
20:04:44  runs [576/2460]: ('alpha_0p5__wb0p5', 'OFA_baseline', 6, 'computed', 11.529521255753934)
20:04:44  runs [577/2460]: ('alpha_0p5__wb0p5', 'OFA_baseline', 7, 'computed', 11.34587236866355)
20:04:48  runs [578/2460]: ('alpha_0p5__wb0p5', 'OFA_baseline', 8, 'computed', 11.285818987060338)
20:04:48  runs [579/2460]: ('alpha_0p5__wb0p5', 'OFA_baseline', 9, 'computed', 11.36788012739271)
20:04:49  runs [580/2460]: ('alpha_0p5__wb0p5', 'sampling_lift', 0, 'computed', 11.339822311885655)
20:04:51  runs [581/2460]: ('alpha_0p5__wb0p5', 'sampling_lift', 1, 'computed', 11.513835545629263)
20:04:52  runs [582/2460]: ('alpha_0p5__wb0p5', 'EaseSHAP_size_player', 9, 'computed', 269.89984484994784)
20:04:53  runs [583/2460]: ('alpha_0p5__wb0p5', 'sampling_lift', 2, 'computed', 11.389720594976097)
20:04:53  runs [584/2460]: ('alpha_0p5__wb0p5', 'sampling_lift', 3, 'computed', 11.520431084558368)
20:04:55  runs [585/2460]: ('alpha_0p5__wb0p5', 'sampling_lift', 4, 'computed', 11.44938400760293)
20:04:55  runs [586/2460]: ('alpha_0p5__wb0p5', 'sampling_lift', 5, 'computed', 11.304508205968887)
20:04:56  runs [587/2460]: ('alpha_0p5__wb0p5', 'sampling_lift', 6, 'computed', 11.301444732118398)
20:04:59  runs [588/2460]: ('alpha_0p5__wb0p5', 'sampling_lift', 7, 'computed', 11.461916500236839)
20:05:00  runs [589/2460]: ('alpha_0p5__wb0p5', 'sampling_lift', 8, 'computed', 11.34156748931855)
20:05:00  runs [590/2460]: ('alpha_0p5__wb0p5', 'sampling_lift', 9, 'computed', 11.35128603875637)
20:05:05  runs [591/2460]: ('alpha_0p5__wb0p5', 'SHAP_IQ', 0, 'computed', 13.056838773190975)
20:05:05  runs [592/2460]: ('alpha_0p5__wb0p5', 'SHAP_IQ', 1, 'computed', 12.973803241271526)
20:05:06  runs [593/2460]: ('alpha_0p5__wb0p5', 'SHAP_IQ', 2, 'computed', 12.929182091262192)
20:05:06  runs [594/2460]: ('alpha_0p5__wb0p5', 'SHAP_IQ', 3, 'computed', 13.062171328347176)
20:05:08  runs [595/2460]: ('alpha_0p5__wb0p5', 'SHAP_IQ', 4, 'computed', 13.027215752284974)
20:05:08  runs [596/2460]: ('alpha_0p5__wb0p5', 'SHAP_IQ', 5, 'computed', 13.03819328872487)
20:05:09  runs [597/2460]: ('alpha_0p5__wb0p5', 'SHAP_IQ', 6, 'computed', 12.94930061744526)
20:05:12  runs [598/2460]: ('alpha_0p5__wb0p5', 'SHAP_IQ', 7, 'computed', 12.954644212964922)
20:05:13  runs [599/2460]: ('alpha_0p5__wb0p5', 'SHAP_IQ', 8, 'computed', 12.929912590887398)
20:05:13  runs [600/2460]: ('alpha_0p5__wb0p5', 'SHAP_IQ', 9, 'computed', 12.962108179926872)
20:05:18  runs [601/2460]: ('alpha_0p5__wb0p5', 'GELS', 0, 'computed', 12.990628871135414)
20:05:18  runs [602/2460]: ('alpha_0p5__wb0p5', 'GELS', 1, 'computed', 12.94036473101005)
20:05:19  runs [603/2460]: ('alpha_0p5__wb0p5', 'GELS', 2, 'computed', 12.808858373202384)
20:05:19  runs [604/2460]: ('alpha_0p5__wb0p5', 'GELS', 3, 'computed', 13.134954783134162)
20:05:21  runs [605/2460]: ('alpha_0p5__wb0p5', 'GELS', 4, 'computed', 12.937589034903795)
20:05:21  runs [606/2460]: ('alpha_0p5__wb0p5', 'GELS', 5, 'computed', 12.964009942952543)
20:05:22  runs [607/2460]: ('alpha_0p5__wb0p5', 'GELS', 6, 'computed', 12.964543715119362)
20:05:25  runs [608/2460]: ('alpha_0p5__wb0p5', 'GELS', 7, 'computed', 12.911619560327381)
20:05:26  runs [609/2460]: ('alpha_0p5__wb0p5', 'GELS', 8, 'computed', 12.992449537850916)
20:05:26  runs [610/2460]: ('alpha_0p5__wb0p5', 'GELS', 9, 'computed', 12.886067765764892)
20:05:29  runs [611/2460]: ('alpha_0p5__wb0p5', 'improved_AME', 0, 'computed', 11.777264921925962)
20:05:29  runs [612/2460]: ('alpha_0p5__wb0p5', 'improved_AME', 1, 'computed', 11.678686907980591)
20:05:30  runs [613/2460]: ('alpha_0p5__wb0p5', 'improved_AME', 2, 'computed', 11.726508829277009)
20:05:31  runs [614/2460]: ('alpha_0p5__wb0p5', 'improved_AME', 3, 'computed', 11.824674704112113)
20:05:33  runs [615/2460]: ('alpha_0p5__wb0p5', 'improved_AME', 4, 'computed', 11.868062552064657)
20:05:33  runs [616/2460]: ('alpha_0p5__wb0p5', 'improved_AME', 5, 'computed', 11.823984091635793)
20:05:34  runs [617/2460]: ('alpha_0p5__wb0p5', 'improved_AME', 6, 'computed', 11.80482017295435)
20:05:37  runs [618/2460]: ('alpha_0p5__wb0p5', 'improved_AME', 7, 'computed', 11.774309571366757)
20:05:37  runs [619/2460]: ('alpha_0p5__wb0p5', 'improved_AME', 8, 'computed', 11.702147745992988)
20:05:38  runs [620/2460]: ('alpha_0p5__wb0p5', 'improved_AME', 9, 'computed', 11.713146565016359)
20:05:41  runs [621/2460]: ('alpha_0p5__wb0p5', 'WSL', 0, 'computed', 11.450399419292808)
20:05:41  runs [622/2460]: ('alpha_0p5__wb0p5', 'WSL', 1, 'computed', 11.394814176950604)
20:05:42  runs [623/2460]: ('alpha_0p5__wb0p5', 'WSL', 2, 'computed', 11.486706874798983)
20:05:43  runs [624/2460]: ('alpha_0p5__wb0p5', 'WSL', 3, 'computed', 11.615084638819098)
20:05:44  runs [625/2460]: ('alpha_0p5__wb0p5', 'WSL', 4, 'computed', 11.449185294099152)
20:05:45  runs [626/2460]: ('alpha_0p5__wb0p5', 'WSL', 5, 'computed', 11.325373123865575)
20:05:45  runs [627/2460]: ('alpha_0p5__wb0p5', 'WSL', 6, 'computed', 11.442704729735851)
20:05:48  runs [628/2460]: ('alpha_0p5__wb0p5', 'WSL', 7, 'computed', 11.415323602035642)
20:05:49  runs [629/2460]: ('alpha_0p5__wb0p5', 'WSL', 8, 'computed', 11.310492881108075)
20:05:49  runs [630/2460]: ('alpha_0p5__wb0p5', 'WSL', 9, 'computed', 11.510982745327055)
20:05:52  runs [631/2460]: ('alpha_0p5__wb0p5', 'weighted_permutation', 0, 'computed', 11.451857451349497)
20:05:52  runs [632/2460]: ('alpha_0p5__wb0p5', 'weighted_permutation', 1, 'computed', 11.401723381131887)
20:05:53  runs [633/2460]: ('alpha_0p5__wb0p5', 'weighted_permutation', 2, 'computed', 11.390838080085814)
20:05:55  runs [634/2460]: ('alpha_0p5__wb0p5', 'weighted_permutation', 3, 'computed', 11.655806662049145)
20:05:56  runs [635/2460]: ('alpha_0p5__wb0p5', 'weighted_permutation', 4, 'computed', 11.369890946894884)
20:05:56  runs [636/2460]: ('alpha_0p5__wb0p5', 'weighted_permutation', 5, 'computed', 11.551068307831883)
20:05:56  runs [637/2460]: ('alpha_0p5__wb0p5', 'weighted_permutation', 6, 'computed', 11.367531316820532)
20:06:00  runs [638/2460]: ('alpha_0p5__wb0p5', 'weighted_permutation', 7, 'computed', 11.68154962407425)
20:06:00  runs [639/2460]: ('alpha_0p5__wb0p5', 'weighted_permutation', 8, 'computed', 11.394089398905635)
20:06:00  runs [640/2460]: ('alpha_0p5__wb0p5', 'weighted_permutation', 9, 'computed', 11.402749242726713)
20:06:08  runs [641/2460]: ('alpha_0p5__wb0p5', 'OFA_optimal', 0, 'computed', 16.031798546668142)
20:06:08  runs [642/2460]: ('alpha_0p5__wb0p5', 'OFA_optimal', 1, 'computed', 16.117110844235867)
20:06:09  runs [643/2460]: ('alpha_0p5__wb0p5', 'OFA_optimal', 2, 'computed', 16.063626787159592)
20:06:11  runs [644/2460]: ('alpha_0p5__wb0p5', 'OFA_optimal', 3, 'computed', 16.193839389365166)
20:06:12  runs [645/2460]: ('alpha_0p5__wb0p5', 'OFA_optimal', 4, 'computed', 16.018555705901235)
20:06:12  runs [646/2460]: ('alpha_0p5__wb0p5', 'OFA_optimal', 5, 'computed', 15.984428501222283)
20:06:12  runs [647/2460]: ('alpha_0p5__wb0p5', 'OFA_optimal', 6, 'computed', 15.954783704131842)
20:06:16  runs [648/2460]: ('alpha_0p5__wb0p5', 'OFA_optimal', 8, 'computed', 16.012142535299063)
20:06:16  runs [649/2460]: ('alpha_0p5__wb0p5', 'OFA_optimal', 7, 'computed', 16.2409506351687)
20:06:17  runs [650/2460]: ('alpha_0p5__wb0p5', 'OFA_optimal', 9, 'computed', 16.128501054365188)
20:06:21  runs [651/2460]: ('alpha_0p5__wb0p5', 'WGELS_shapley', 0, 'computed', 13.057453326880932)
20:06:21  runs [652/2460]: ('alpha_0p5__wb0p5', 'WGELS_shapley', 1, 'computed', 13.024728820193559)
20:06:22  runs [653/2460]: ('alpha_0p5__wb0p5', 'WGELS_shapley', 2, 'computed', 13.026029902044684)
20:06:24  runs [654/2460]: ('alpha_0p5__wb0p5', 'WGELS_shapley', 3, 'computed', 13.180150018073618)
20:06:25  runs [655/2460]: ('alpha_0p5__wb0p5', 'WGELS_shapley', 4, 'computed', 12.975984054151922)
20:06:25  runs [656/2460]: ('alpha_0p5__wb0p5', 'WGELS_shapley', 5, 'computed', 12.887152798008174)
20:06:25  runs [657/2460]: ('alpha_0p5__wb0p5', 'WGELS_shapley', 6, 'computed', 12.873646966181695)
20:06:29  runs [658/2460]: ('alpha_0p5__wb0p5', 'WGELS_shapley', 7, 'computed', 13.020481845363975)
20:06:29  runs [659/2460]: ('alpha_0p5__wb0p5', 'WGELS_shapley', 8, 'computed', 13.035200390033424)
20:06:30  runs [660/2460]: ('alpha_0p5__wb0p5', 'WGELS_shapley', 9, 'computed', 12.964999572839588)
20:06:33  runs [661/2460]: ('alpha_0p5__wb0p5', 'AME', 0, 'computed', 11.790579685941339)
20:06:33  runs [662/2460]: ('alpha_0p5__wb0p5', 'AME', 1, 'computed', 11.708854943048209)
20:06:34  runs [663/2460]: ('alpha_0p5__wb0p5', 'AME', 2, 'computed', 11.867030054796487)
20:06:36  runs [664/2460]: ('alpha_0p5__wb0p5', 'AME', 3, 'computed', 11.837841811124235)
20:06:37  runs [665/2460]: ('alpha_0p5__wb0p5', 'AME', 4, 'computed', 11.893201869912446)
20:06:37  runs [666/2460]: ('alpha_0p5__wb0p5', 'AME', 5, 'computed', 11.61942557990551)
20:06:37  runs [667/2460]: ('alpha_0p5__wb0p5', 'AME', 6, 'computed', 11.748791886027902)
20:06:41  runs [668/2460]: ('alpha_0p5__wb0p5', 'AME', 7, 'computed', 11.757927236147225)
20:06:41  runs [669/2460]: ('alpha_0p5__wb0p5', 'AME', 8, 'computed', 11.73703552596271)
20:06:41  runs [670/2460]: ('alpha_0p5__wb0p5', 'AME', 9, 'computed', 11.855404073838145)
20:08:42  runs [671/2460]: ('alpha_0p5__wb0p5', 'RegressionMSR_unbiased', 0, 'computed', 128.5329934717156)
20:08:57  runs [672/2460]: ('alpha_0p5__wb0p75', 'EaseSHAP_interaction_nonlinear', 0, 'computed', 15.31977514596656)
20:09:01  runs [673/2460]: ('alpha_0p5__wb0p5', 'RegressionMSR_unbiased', 1, 'computed', 147.52295055100694)
20:09:12  runs [674/2460]: ('alpha_0p5__wb0p75', 'EaseSHAP_interaction_nonlinear', 1, 'computed', 14.950502670370042)
20:09:28  runs [675/2460]: ('alpha_0p5__wb0p75', 'EaseSHAP_interaction_nonlinear', 2, 'computed', 27.491732991766185)
20:09:32  runs [676/2460]: ('alpha_0p5__wb0p75', 'EaseSHAP_interaction_nonlinear', 3, 'computed', 20.505324129015207)
20:09:37  runs [677/2460]: ('alpha_0p5__wb0p5', 'RegressionMSR_unbiased', 9, 'computed', 175.3491097940132)
20:09:47  runs [678/2460]: ('alpha_0p5__wb0p75', 'EaseSHAP_interaction_nonlinear', 4, 'computed', 19.000779793132097)
20:09:49  runs [679/2460]: ('alpha_0p5__wb0p5', 'RegressionMSR_unbiased', 7, 'computed', 188.4371547740884)
20:09:58  runs [680/2460]: ('alpha_0p5__wb0p75', 'EaseSHAP_interaction_nonlinear', 5, 'computed', 25.726093286648393)
20:10:03  runs [681/2460]: ('alpha_0p5__wb0p5', 'RegressionMSR_unbiased', 5, 'computed', 206.63044119393453)
20:10:06  runs [682/2460]: ('alpha_0p5__wb0p5', 'RegressionMSR_unbiased', 3, 'computed', 209.9953270382248)
20:10:06  runs [683/2460]: ('alpha_0p5__wb0p75', 'EaseSHAP_interaction_nonlinear', 6, 'computed', 29.481018220074475)
20:10:12  runs [684/2460]: ('alpha_0p5__wb0p75', 'EaseSHAP_interaction_nonlinear', 7, 'computed', 25.01869212090969)
20:10:14  runs [685/2460]: ('alpha_0p5__wb0p75', 'EaseSHAP_interaction_nonlinear', 8, 'computed', 24.990515423938632)
20:10:20  runs [686/2460]: ('alpha_0p5__wb0p75', 'EaseSHAP_interaction_nonlinear', 9, 'computed', 21.693144930992275)
20:10:28  runs [687/2460]: ('alpha_0p5__wb0p5', 'RegressionMSR_unbiased', 4, 'computed', 231.18638509185985)
20:10:38  runs [688/2460]: ('alpha_0p5__wb0p5', 'RegressionMSR_unbiased', 2, 'computed', 243.79330578027293)
20:10:53  runs [689/2460]: ('alpha_0p5__wb0p5', 'RegressionMSR_unbiased', 8, 'computed', 251.8687633969821)
20:10:53  runs [690/2460]: ('alpha_0p5__wb0p5', 'RegressionMSR_unbiased', 6, 'computed', 256.2595623699017)
20:14:02  runs [691/2460]: ('alpha_0p5__wb0p75', 'EaseSHAP_size_player', 0, 'computed', 238.38258664868772)
20:14:19  runs [692/2460]: ('alpha_0p5__wb0p75', 'OFA_fixed', 0, 'computed', 17.35624399688095)
20:14:36  runs [693/2460]: ('alpha_0p5__wb0p75', 'OFA_fixed', 1, 'computed', 16.960806054994464)
20:14:52  runs [694/2460]: ('alpha_0p5__wb0p75', 'OFA_fixed', 2, 'computed', 16.357238792348653)
20:14:58  runs [695/2460]: ('alpha_0p5__wb0p75', 'EaseSHAP_size_player', 3, 'computed', 285.9090761807747)
20:14:59  runs [696/2460]: ('alpha_0p5__wb0p75', 'EaseSHAP_size_player', 6, 'computed', 270.86575172515586)
20:14:59  runs [697/2460]: ('alpha_0p5__wb0p75', 'EaseSHAP_size_player', 1, 'computed', 293.20792448008433)
20:15:01  runs [698/2460]: ('alpha_0p5__wb0p75', 'EaseSHAP_size_player', 2, 'computed', 294.31142455898225)
20:15:09  runs [699/2460]: ('alpha_0p5__wb0p75', 'OFA_fixed', 3, 'computed', 16.178234191145748)
20:15:10  runs [700/2460]: ('alpha_0p5__wb0p75', 'EaseSHAP_size_player', 8, 'computed', 257.00476222811267)
20:15:14  runs [701/2460]: ('alpha_0p5__wb0p75', 'OFA_fixed', 4, 'computed', 16.302472840994596)
20:15:15  runs [702/2460]: ('alpha_0p5__wb0p75', 'OFA_fixed', 5, 'computed', 16.62927504722029)
20:15:16  runs [703/2460]: ('alpha_0p5__wb0p75', 'OFA_fixed', 6, 'computed', 16.992327155079693)
20:15:17  runs [704/2460]: ('alpha_0p5__wb0p75', 'OFA_fixed', 7, 'computed', 16.365464314818382)
20:15:25  runs [705/2460]: ('alpha_0p5__wb0p75', 'OFA_fixed', 8, 'computed', 16.270820883102715)
20:15:25  runs [706/2460]: ('alpha_0p5__wb0p75', 'EaseSHAP_size_player', 9, 'computed', 272.2259609880857)
20:15:26  runs [707/2460]: ('alpha_0p5__wb0p75', 'OFA_baseline', 0, 'computed', 11.442749931942672)
20:15:26  runs [708/2460]: ('alpha_0p5__wb0p75', 'OFA_fixed', 9, 'computed', 16.187423299066722)
20:15:27  runs [709/2460]: ('alpha_0p5__wb0p75', 'OFA_baseline', 1, 'computed', 11.37597945984453)
20:15:27  runs [710/2460]: ('alpha_0p5__wb0p75', 'EaseSHAP_size_player', 7, 'computed', 289.244049239438)
20:15:28  runs [711/2460]: ('alpha_0p5__wb0p75', 'OFA_baseline', 2, 'computed', 11.626861862838268)
20:15:28  runs [712/2460]: ('alpha_0p5__wb0p75', 'OFA_baseline', 3, 'computed', 11.381360033992678)
20:15:29  runs [713/2460]: ('alpha_0p5__wb0p75', 'EaseSHAP_size_player', 4, 'computed', 314.9528297688812)
20:15:30  runs [714/2460]: ('alpha_0p5__wb0p75', 'EaseSHAP_size_player', 5, 'computed', 310.60719903279096)
20:15:36  runs [715/2460]: ('alpha_0p5__wb0p75', 'OFA_baseline', 4, 'computed', 11.379077965393662)
20:15:37  runs [716/2460]: ('alpha_0p5__wb0p75', 'OFA_baseline', 5, 'computed', 11.460320841986686)
20:15:37  runs [717/2460]: ('alpha_0p5__wb0p75', 'OFA_baseline', 6, 'computed', 11.31396044883877)
20:15:37  runs [718/2460]: ('alpha_0p5__wb0p75', 'OFA_baseline', 7, 'computed', 11.373003182001412)
20:15:38  runs [719/2460]: ('alpha_0p5__wb0p75', 'OFA_baseline', 8, 'computed', 11.408871551975608)
20:15:39  runs [720/2460]: ('alpha_0p5__wb0p75', 'OFA_baseline', 9, 'computed', 11.343128166627139)
20:15:39  runs [721/2460]: ('alpha_0p5__wb0p75', 'sampling_lift', 0, 'computed', 11.433373881969601)
20:15:40  runs [722/2460]: ('alpha_0p5__wb0p75', 'sampling_lift', 1, 'computed', 11.395537962205708)
20:15:41  runs [723/2460]: ('alpha_0p5__wb0p75', 'sampling_lift', 2, 'computed', 11.454311666078866)
20:15:42  runs [724/2460]: ('alpha_0p5__wb0p75', 'sampling_lift', 3, 'computed', 11.379694873932749)
20:15:47  runs [725/2460]: ('alpha_0p5__wb0p75', 'sampling_lift', 4, 'computed', 11.273053485900164)
20:15:48  runs [726/2460]: ('alpha_0p5__wb0p75', 'sampling_lift', 5, 'computed', 11.384453904349357)
20:15:48  runs [727/2460]: ('alpha_0p5__wb0p75', 'sampling_lift', 6, 'computed', 11.313356745056808)
20:15:49  runs [728/2460]: ('alpha_0p5__wb0p75', 'sampling_lift', 7, 'computed', 11.31730930134654)
20:15:50  runs [729/2460]: ('alpha_0p5__wb0p75', 'sampling_lift', 8, 'computed', 11.5043183430098)
20:15:50  runs [730/2460]: ('alpha_0p5__wb0p75', 'sampling_lift', 9, 'computed', 11.261832147836685)
20:15:52  runs [731/2460]: ('alpha_0p5__wb0p75', 'SHAP_IQ', 0, 'computed', 13.055565339978784)
20:15:53  runs [732/2460]: ('alpha_0p5__wb0p75', 'SHAP_IQ', 1, 'computed', 12.92752190399915)
20:15:54  runs [733/2460]: ('alpha_0p5__wb0p75', 'SHAP_IQ', 2, 'computed', 13.054212057031691)
20:15:55  runs [734/2460]: ('alpha_0p5__wb0p75', 'SHAP_IQ', 3, 'computed', 13.098484918940812)
20:16:00  runs [735/2460]: ('alpha_0p5__wb0p75', 'SHAP_IQ', 4, 'computed', 12.90332886390388)
20:16:01  runs [736/2460]: ('alpha_0p5__wb0p75', 'SHAP_IQ', 5, 'computed', 12.912828654050827)
20:16:02  runs [737/2460]: ('alpha_0p5__wb0p75', 'SHAP_IQ', 6, 'computed', 13.021762087009847)
20:16:02  runs [738/2460]: ('alpha_0p5__wb0p75', 'SHAP_IQ', 7, 'computed', 12.828086438123137)
20:16:03  runs [739/2460]: ('alpha_0p5__wb0p75', 'SHAP_IQ', 8, 'computed', 13.039059756789356)
20:16:03  runs [740/2460]: ('alpha_0p5__wb0p75', 'SHAP_IQ', 9, 'computed', 13.279014671221375)
20:16:05  runs [741/2460]: ('alpha_0p5__wb0p75', 'GELS', 0, 'computed', 12.942806516773999)
20:16:06  runs [742/2460]: ('alpha_0p5__wb0p75', 'GELS', 1, 'computed', 13.023246030323207)
20:16:07  runs [743/2460]: ('alpha_0p5__wb0p75', 'GELS', 2, 'computed', 13.088706344366074)
20:16:08  runs [744/2460]: ('alpha_0p5__wb0p75', 'GELS', 3, 'computed', 13.064519124105573)
20:16:13  runs [745/2460]: ('alpha_0p5__wb0p75', 'GELS', 4, 'computed', 12.905253349803388)
20:16:14  runs [746/2460]: ('alpha_0p5__wb0p75', 'GELS', 5, 'computed', 12.882961120922118)
20:16:15  runs [747/2460]: ('alpha_0p5__wb0p75', 'GELS', 6, 'computed', 12.992531875148416)
20:16:15  runs [748/2460]: ('alpha_0p5__wb0p75', 'GELS', 7, 'computed', 13.027486945036799)
20:16:15  runs [749/2460]: ('alpha_0p5__wb0p75', 'GELS', 8, 'computed', 12.872843367047608)
20:16:16  runs [750/2460]: ('alpha_0p5__wb0p75', 'GELS', 9, 'computed', 13.226289466023445)
20:16:17  runs [751/2460]: ('alpha_0p5__wb0p75', 'improved_AME', 0, 'computed', 11.800518385134637)
20:16:17  runs [752/2460]: ('alpha_0p5__wb0p75', 'improved_AME', 1, 'computed', 11.762871669139713)
20:16:19  runs [753/2460]: ('alpha_0p5__wb0p75', 'improved_AME', 2, 'computed', 11.767223855946213)
20:16:20  runs [754/2460]: ('alpha_0p5__wb0p75', 'improved_AME', 3, 'computed', 11.814747536089271)
20:16:25  runs [755/2460]: ('alpha_0p5__wb0p75', 'improved_AME', 4, 'computed', 11.711426585912704)
20:16:26  runs [756/2460]: ('alpha_0p5__wb0p75', 'improved_AME', 5, 'computed', 11.7050766707398)
20:16:26  runs [757/2460]: ('alpha_0p5__wb0p75', 'improved_AME', 6, 'computed', 11.651908124797046)
20:16:26  runs [758/2460]: ('alpha_0p5__wb0p75', 'improved_AME', 7, 'computed', 11.702320729847997)
20:16:27  runs [759/2460]: ('alpha_0p5__wb0p75', 'improved_AME', 8, 'computed', 11.746294508688152)
20:16:28  runs [760/2460]: ('alpha_0p5__wb0p75', 'WSL', 0, 'computed', 11.450661522336304)
20:16:28  runs [761/2460]: ('alpha_0p5__wb0p75', 'improved_AME', 9, 'computed', 11.943121375050396)
20:16:29  runs [762/2460]: ('alpha_0p5__wb0p75', 'WSL', 1, 'computed', 11.380304436665028)
20:16:30  runs [763/2460]: ('alpha_0p5__wb0p75', 'WSL', 2, 'computed', 11.380223971791565)
20:16:31  runs [764/2460]: ('alpha_0p5__wb0p75', 'WSL', 3, 'computed', 11.397984750103205)
20:16:36  runs [765/2460]: ('alpha_0p5__wb0p75', 'WSL', 4, 'computed', 11.236953584942967)
20:16:37  runs [766/2460]: ('alpha_0p5__wb0p75', 'WSL', 5, 'computed', 11.368235042784363)
20:16:37  runs [767/2460]: ('alpha_0p5__wb0p75', 'WSL', 6, 'computed', 11.310678912792355)
20:16:38  runs [768/2460]: ('alpha_0p5__wb0p75', 'WSL', 7, 'computed', 11.375049429014325)
20:16:39  runs [769/2460]: ('alpha_0p5__wb0p75', 'WSL', 8, 'computed', 11.470994777977467)
20:16:40  runs [770/2460]: ('alpha_0p5__wb0p75', 'weighted_permutation', 0, 'computed', 11.35041719628498)
20:16:40  runs [771/2460]: ('alpha_0p5__wb0p75', 'WSL', 9, 'computed', 11.54811971122399)
20:16:40  runs [772/2460]: ('alpha_0p5__wb0p75', 'weighted_permutation', 1, 'computed', 11.39956350484863)
20:16:41  runs [773/2460]: ('alpha_0p5__wb0p75', 'weighted_permutation', 2, 'computed', 11.391421074979007)
20:16:43  runs [774/2460]: ('alpha_0p5__wb0p75', 'weighted_permutation', 3, 'computed', 11.573581400793046)
20:16:48  runs [775/2460]: ('alpha_0p5__wb0p75', 'weighted_permutation', 4, 'computed', 11.346569988876581)
20:16:49  runs [776/2460]: ('alpha_0p5__wb0p75', 'weighted_permutation', 5, 'computed', 11.401900230906904)
20:16:49  runs [777/2460]: ('alpha_0p5__wb0p75', 'weighted_permutation', 6, 'computed', 11.484187851194292)
20:16:49  runs [778/2460]: ('alpha_0p5__wb0p75', 'weighted_permutation', 7, 'computed', 11.319138969294727)
20:16:50  runs [779/2460]: ('alpha_0p5__wb0p75', 'weighted_permutation', 8, 'computed', 11.355512582231313)
20:16:51  runs [780/2460]: ('alpha_0p5__wb0p75', 'weighted_permutation', 9, 'computed', 11.336295743938535)
20:16:56  runs [781/2460]: ('alpha_0p5__wb0p75', 'OFA_optimal', 0, 'computed', 16.14637102233246)
20:16:56  runs [782/2460]: ('alpha_0p5__wb0p75', 'OFA_optimal', 1, 'computed', 16.15002035908401)
20:16:57  runs [783/2460]: ('alpha_0p5__wb0p75', 'OFA_optimal', 2, 'computed', 15.981092071160674)
20:16:59  runs [784/2460]: ('alpha_0p5__wb0p75', 'OFA_optimal', 3, 'computed', 15.872781147714704)
20:17:04  runs [785/2460]: ('alpha_0p5__wb0p75', 'OFA_optimal', 4, 'computed', 16.0012663831003)
20:17:05  runs [786/2460]: ('alpha_0p5__wb0p75', 'OFA_optimal', 5, 'computed', 15.950466652866453)
20:17:05  runs [787/2460]: ('alpha_0p5__wb0p75', 'OFA_optimal', 7, 'computed', 15.94017602270469)
20:17:05  runs [788/2460]: ('alpha_0p5__wb0p75', 'OFA_optimal', 6, 'computed', 16.015658328775316)
20:17:06  runs [789/2460]: ('alpha_0p5__wb0p75', 'OFA_optimal', 8, 'computed', 16.130178245715797)
20:17:07  runs [790/2460]: ('alpha_0p5__wb0p75', 'OFA_optimal', 9, 'computed', 16.11545874271542)
20:17:09  runs [791/2460]: ('alpha_0p5__wb0p75', 'WGELS_shapley', 0, 'computed', 12.92390348110348)
20:17:09  runs [792/2460]: ('alpha_0p5__wb0p75', 'WGELS_shapley', 1, 'computed', 13.12416779063642)
20:17:10  runs [793/2460]: ('alpha_0p5__wb0p75', 'WGELS_shapley', 2, 'computed', 13.0632726540789)
20:17:12  runs [794/2460]: ('alpha_0p5__wb0p75', 'WGELS_shapley', 3, 'computed', 12.951253125909716)
20:17:17  runs [795/2460]: ('alpha_0p5__wb0p75', 'WGELS_shapley', 4, 'computed', 13.036406476050615)
20:17:17  runs [796/2460]: ('alpha_0p5__wb0p75', 'WGELS_shapley', 5, 'computed', 12.920224223285913)
20:17:18  runs [797/2460]: ('alpha_0p5__wb0p75', 'WGELS_shapley', 6, 'computed', 12.965267007239163)
20:17:18  runs [798/2460]: ('alpha_0p5__wb0p75', 'WGELS_shapley', 7, 'computed', 13.045644398778677)
20:17:19  runs [799/2460]: ('alpha_0p5__wb0p75', 'WGELS_shapley', 8, 'computed', 13.047622106969357)
20:17:20  runs [800/2460]: ('alpha_0p5__wb0p75', 'WGELS_shapley', 9, 'computed', 13.224311782978475)
20:17:21  runs [801/2460]: ('alpha_0p5__wb0p75', 'AME', 0, 'computed', 11.714038704056293)
20:17:21  runs [802/2460]: ('alpha_0p5__wb0p75', 'AME', 1, 'computed', 11.742016502190381)
20:17:22  runs [803/2460]: ('alpha_0p5__wb0p75', 'AME', 2, 'computed', 11.730962159112096)
20:17:23  runs [804/2460]: ('alpha_0p5__wb0p75', 'AME', 3, 'computed', 11.696331958752126)
20:17:28  runs [805/2460]: ('alpha_0p5__wb0p75', 'AME', 4, 'computed', 11.793528025969863)
20:17:29  runs [806/2460]: ('alpha_0p5__wb0p75', 'AME', 5, 'computed', 11.85138567443937)
20:17:30  runs [807/2460]: ('alpha_0p5__wb0p75', 'AME', 6, 'computed', 11.873553983867168)
20:17:30  runs [808/2460]: ('alpha_0p5__wb0p75', 'AME', 7, 'computed', 11.811210033018142)
20:17:31  runs [809/2460]: ('alpha_0p5__wb0p75', 'AME', 8, 'computed', 12.101557173766196)
20:17:33  runs [810/2460]: ('alpha_0p5__wb0p75', 'AME', 9, 'computed', 12.164459264837205)
20:19:45  runs [811/2460]: ('alpha_0p5__wb0p75', 'RegressionMSR_unbiased', 2, 'computed', 142.60609235521406)
20:20:00  runs [812/2460]: ('alpha_0p707107__shapley', 'EaseSHAP_interaction_nonlinear', 0, 'computed', 15.015891748014838)
20:20:22  runs [813/2460]: ('alpha_0p5__wb0p75', 'RegressionMSR_unbiased', 3, 'computed', 178.68181254528463)
20:20:26  runs [814/2460]: ('alpha_0p5__wb0p75', 'RegressionMSR_unbiased', 0, 'computed', 185.84390244306996)
20:20:27  runs [815/2460]: ('alpha_0p707107__shapley', 'EaseSHAP_interaction_nonlinear', 1, 'computed', 27.285576067864895)
20:20:39  runs [816/2460]: ('alpha_0p707107__shapley', 'EaseSHAP_interaction_nonlinear', 2, 'computed', 17.40453072404489)
20:20:42  runs [817/2460]: ('alpha_0p707107__shapley', 'EaseSHAP_interaction_nonlinear', 3, 'computed', 15.54812604142353)
20:20:53  runs [818/2460]: ('alpha_0p707107__shapley', 'EaseSHAP_interaction_nonlinear', 4, 'computed', 25.91526325326413)
20:20:57  runs [819/2460]: ('alpha_0p707107__shapley', 'EaseSHAP_interaction_nonlinear', 6, 'computed', 14.937119083944708)
20:21:07  runs [820/2460]: ('alpha_0p707107__shapley', 'EaseSHAP_interaction_nonlinear', 5, 'computed', 27.143326421733946)
20:21:11  runs [821/2460]: ('alpha_0p707107__shapley', 'EaseSHAP_interaction_nonlinear', 8, 'computed', 14.41282015806064)
20:21:15  runs [822/2460]: ('alpha_0p707107__shapley', 'EaseSHAP_interaction_nonlinear', 7, 'computed', 21.725443265866488)
20:21:16  runs [823/2460]: ('alpha_0p5__wb0p75', 'RegressionMSR_unbiased', 1, 'computed', 234.45027064392343)
20:21:26  runs [824/2460]: ('alpha_0p707107__shapley', 'EaseSHAP_interaction_nonlinear', 9, 'computed', 19.271074111107737)
20:21:29  runs [825/2460]: ('alpha_0p5__wb0p75', 'RegressionMSR_unbiased', 9, 'computed', 235.94033189024776)
20:21:35  runs [826/2460]: ('alpha_0p5__wb0p75', 'RegressionMSR_unbiased', 5, 'computed', 245.23431170592085)
20:21:41  runs [827/2460]: ('alpha_0p5__wb0p75', 'RegressionMSR_unbiased', 6, 'computed', 251.33433546684682)
20:21:48  runs [828/2460]: ('alpha_0p5__wb0p75', 'RegressionMSR_unbiased', 7, 'computed', 258.6431758836843)
20:22:02  runs [829/2460]: ('alpha_0p5__wb0p75', 'RegressionMSR_unbiased', 4, 'computed', 273.5093534202315)
20:22:19  runs [830/2460]: ('alpha_0p5__wb0p75', 'RegressionMSR_unbiased', 8, 'computed', 287.3124248897657)
20:25:38  runs [831/2460]: ('alpha_0p707107__shapley', 'EaseSHAP_size_player', 0, 'computed', 266.5804934753105)
20:25:54  runs [832/2460]: ('alpha_0p707107__shapley', 'OFA_fixed', 0, 'computed', 16.2908671842888)
20:25:55  runs [833/2460]: ('alpha_0p707107__shapley', 'EaseSHAP_size_player', 4, 'computed', 266.2266387739219)
20:26:10  runs [834/2460]: ('alpha_0p707107__shapley', 'EaseSHAP_size_player', 1, 'computed', 294.87635406898335)
20:26:11  runs [835/2460]: ('alpha_0p707107__shapley', 'OFA_fixed', 1, 'computed', 16.32736010570079)
20:26:11  runs [836/2460]: ('alpha_0p707107__shapley', 'OFA_fixed', 2, 'computed', 16.623545571230352)
20:26:21  runs [837/2460]: ('alpha_0p707107__shapley', 'EaseSHAP_size_player', 6, 'computed', 279.97637032717466)
20:26:21  runs [838/2460]: ('alpha_0p707107__shapley', 'EaseSHAP_size_player', 3, 'computed', 295.60491834999993)
20:26:26  runs [839/2460]: ('alpha_0p707107__shapley', 'OFA_fixed', 3, 'computed', 16.081618105061352)
20:26:27  runs [840/2460]: ('alpha_0p707107__shapley', 'OFA_fixed', 4, 'computed', 16.357041832990944)
20:26:28  runs [841/2460]: ('alpha_0p707107__shapley', 'OFA_fixed', 5, 'computed', 16.411993872374296)
20:26:29  runs [842/2460]: ('alpha_0p707107__shapley', 'EaseSHAP_size_player', 2, 'computed', 313.250661234837)
20:26:29  runs [843/2460]: ('alpha_0p707107__shapley', 'EaseSHAP_size_player', 7, 'computed', 280.7084533930756)
20:26:33  runs [844/2460]: ('alpha_0p707107__shapley', 'EaseSHAP_size_player', 5, 'computed', 298.833885920234)
20:26:35  runs [845/2460]: ('alpha_0p707107__shapley', 'EaseSHAP_size_player', 9, 'computed', 256.07977178506553)
20:26:38  runs [846/2460]: ('alpha_0p707107__shapley', 'OFA_fixed', 6, 'computed', 16.383663181215525)
20:26:38  runs [847/2460]: ('alpha_0p707107__shapley', 'OFA_fixed', 7, 'computed', 16.42787900660187)
20:26:39  runs [848/2460]: ('alpha_0p707107__shapley', 'OFA_baseline', 0, 'computed', 11.522662471048534)
20:26:41  runs [849/2460]: ('alpha_0p707107__shapley', 'OFA_baseline', 2, 'computed', 11.560326835140586)
20:26:41  runs [850/2460]: ('alpha_0p707107__shapley', 'OFA_baseline', 1, 'computed', 11.886471213307232)
20:26:41  runs [851/2460]: ('alpha_0p707107__shapley', 'EaseSHAP_size_player', 8, 'computed', 279.3515829760581)
20:26:42  runs [852/2460]: ('alpha_0p707107__shapley', 'OFA_fixed', 8, 'computed', 16.158630679827183)
20:26:43  runs [853/2460]: ('alpha_0p707107__shapley', 'OFA_fixed', 9, 'computed', 16.16737717576325)
20:26:45  runs [854/2460]: ('alpha_0p707107__shapley', 'OFA_baseline', 3, 'computed', 11.498487940989435)
20:26:46  runs [855/2460]: ('alpha_0p707107__shapley', 'OFA_baseline', 4, 'computed', 11.593774890061468)
20:26:49  runs [856/2460]: ('alpha_0p707107__shapley', 'OFA_baseline', 5, 'computed', 11.462565715890378)
20:26:49  runs [857/2460]: ('alpha_0p707107__shapley', 'OFA_baseline', 6, 'computed', 11.508203383069485)
20:26:51  runs [858/2460]: ('alpha_0p707107__shapley', 'OFA_baseline', 7, 'computed', 11.441717948298901)
20:26:52  runs [859/2460]: ('alpha_0p707107__shapley', 'OFA_baseline', 8, 'computed', 11.391726260073483)
20:26:52  runs [860/2460]: ('alpha_0p707107__shapley', 'OFA_baseline', 9, 'computed', 11.432476234156638)
20:26:53  runs [861/2460]: ('alpha_0p707107__shapley', 'sampling_lift', 0, 'computed', 11.361479616723955)
20:26:53  runs [862/2460]: ('alpha_0p707107__shapley', 'sampling_lift', 1, 'computed', 11.330106996931136)
20:26:55  runs [863/2460]: ('alpha_0p707107__shapley', 'sampling_lift', 2, 'computed', 11.394589473959059)
20:26:56  runs [864/2460]: ('alpha_0p707107__shapley', 'sampling_lift', 3, 'computed', 11.438280201982707)
20:26:58  runs [865/2460]: ('alpha_0p707107__shapley', 'sampling_lift', 4, 'computed', 11.511233096942306)
20:27:00  runs [866/2460]: ('alpha_0p707107__shapley', 'sampling_lift', 5, 'computed', 11.431214896962047)
20:27:01  runs [867/2460]: ('alpha_0p707107__shapley', 'sampling_lift', 6, 'computed', 11.469054896384478)
20:27:02  runs [868/2460]: ('alpha_0p707107__shapley', 'sampling_lift', 7, 'computed', 11.431829444132745)
20:27:04  runs [869/2460]: ('alpha_0p707107__shapley', 'sampling_lift', 8, 'computed', 11.477893348317593)
20:27:04  runs [870/2460]: ('alpha_0p707107__shapley', 'sampling_lift', 9, 'computed', 11.411484189331532)
20:27:06  runs [871/2460]: ('alpha_0p707107__shapley', 'SHAP_IQ', 0, 'computed', 13.053571996744722)
20:27:06  runs [872/2460]: ('alpha_0p707107__shapley', 'SHAP_IQ', 1, 'computed', 13.021693799179047)
20:27:07  runs [873/2460]: ('alpha_0p707107__shapley', 'SHAP_IQ', 2, 'computed', 12.976311028935015)
20:27:09  runs [874/2460]: ('alpha_0p707107__shapley', 'SHAP_IQ', 3, 'computed', 13.12857489893213)
20:27:11  runs [875/2460]: ('alpha_0p707107__shapley', 'SHAP_IQ', 4, 'computed', 13.08648034883663)
20:27:13  runs [876/2460]: ('alpha_0p707107__shapley', 'SHAP_IQ', 5, 'computed', 12.995119370054454)
20:27:14  runs [877/2460]: ('alpha_0p707107__shapley', 'SHAP_IQ', 6, 'computed', 12.957448434084654)
20:27:15  runs [878/2460]: ('alpha_0p707107__shapley', 'SHAP_IQ', 7, 'computed', 13.075633488595486)
20:27:17  runs [879/2460]: ('alpha_0p707107__shapley', 'SHAP_IQ', 8, 'computed', 13.022024221718311)
20:27:17  runs [880/2460]: ('alpha_0p707107__shapley', 'SHAP_IQ', 9, 'computed', 13.07018059398979)
20:27:19  runs [881/2460]: ('alpha_0p707107__shapley', 'GELS', 0, 'computed', 13.002019659150392)
20:27:19  runs [882/2460]: ('alpha_0p707107__shapley', 'GELS', 1, 'computed', 13.186117141041905)
20:27:20  runs [883/2460]: ('alpha_0p707107__shapley', 'GELS', 2, 'computed', 12.984355429653078)
20:27:23  runs [884/2460]: ('alpha_0p707107__shapley', 'GELS', 3, 'computed', 13.103060280904174)
20:27:24  runs [885/2460]: ('alpha_0p707107__shapley', 'GELS', 4, 'computed', 13.00987199228257)
20:27:26  runs [886/2460]: ('alpha_0p707107__shapley', 'GELS', 5, 'computed', 12.887850887607783)
20:27:27  runs [887/2460]: ('alpha_0p707107__shapley', 'GELS', 6, 'computed', 13.00416076136753)
20:27:28  runs [888/2460]: ('alpha_0p707107__shapley', 'GELS', 7, 'computed', 12.97902686195448)
20:27:30  runs [889/2460]: ('alpha_0p707107__shapley', 'GELS', 8, 'computed', 12.980772138107568)
20:27:30  runs [890/2460]: ('alpha_0p707107__shapley', 'GELS', 9, 'computed', 12.965562018100172)
20:27:31  runs [891/2460]: ('alpha_0p707107__shapley', 'improved_AME', 0, 'computed', 11.842781602870673)
20:27:31  runs [892/2460]: ('alpha_0p707107__shapley', 'improved_AME', 1, 'computed', 11.915963395964354)
20:27:32  runs [893/2460]: ('alpha_0p707107__shapley', 'improved_AME', 2, 'computed', 11.80803209124133)
20:27:34  runs [894/2460]: ('alpha_0p707107__shapley', 'improved_AME', 3, 'computed', 11.958387397229671)
20:27:36  runs [895/2460]: ('alpha_0p707107__shapley', 'improved_AME', 4, 'computed', 11.895152293145657)
20:27:38  runs [896/2460]: ('alpha_0p707107__shapley', 'improved_AME', 5, 'computed', 11.792047000024468)
20:27:39  runs [897/2460]: ('alpha_0p707107__shapley', 'improved_AME', 6, 'computed', 11.773660119157284)
20:27:40  runs [898/2460]: ('alpha_0p707107__shapley', 'improved_AME', 7, 'computed', 11.830837131012231)
20:27:41  runs [899/2460]: ('alpha_0p707107__shapley', 'improved_AME', 9, 'computed', 11.774389564059675)
20:27:41  runs [900/2460]: ('alpha_0p707107__shapley', 'improved_AME', 8, 'computed', 11.826181808952242)
20:27:43  runs [901/2460]: ('alpha_0p707107__shapley', 'kernelSHAP', 0, 'computed', 12.93729922734201)
20:27:44  runs [902/2460]: ('alpha_0p707107__shapley', 'kernelSHAP', 1, 'computed', 13.010797231923789)
20:27:45  runs [903/2460]: ('alpha_0p707107__shapley', 'kernelSHAP', 2, 'computed', 12.965615740977228)
20:27:47  runs [904/2460]: ('alpha_0p707107__shapley', 'kernelSHAP', 3, 'computed', 12.958243728615344)
20:27:49  runs [905/2460]: ('alpha_0p707107__shapley', 'kernelSHAP', 4, 'computed', 12.979486463125795)
20:27:51  runs [906/2460]: ('alpha_0p707107__shapley', 'kernelSHAP', 5, 'computed', 13.14947701105848)
20:27:52  runs [907/2460]: ('alpha_0p707107__shapley', 'kernelSHAP', 6, 'computed', 12.953293627128005)
20:27:53  runs [908/2460]: ('alpha_0p707107__shapley', 'kernelSHAP', 7, 'computed', 12.929334078915417)
20:27:54  runs [909/2460]: ('alpha_0p707107__shapley', 'kernelSHAP', 8, 'computed', 12.912254601251334)
20:27:54  runs [910/2460]: ('alpha_0p707107__shapley', 'kernelSHAP', 9, 'computed', 12.994850954972208)
20:27:55  runs [911/2460]: ('alpha_0p707107__shapley', 'permutation', 0, 'computed', 11.452127339784056)
20:27:56  runs [912/2460]: ('alpha_0p707107__shapley', 'permutation', 1, 'computed', 11.388737068045884)
20:27:57  runs [913/2460]: ('alpha_0p707107__shapley', 'permutation', 2, 'computed', 11.300097437109798)
20:27:59  runs [914/2460]: ('alpha_0p707107__shapley', 'permutation', 3, 'computed', 11.255484725814313)
20:28:00  runs [915/2460]: ('alpha_0p707107__shapley', 'permutation', 4, 'computed', 11.452281956095248)
20:28:03  runs [916/2460]: ('alpha_0p707107__shapley', 'permutation', 5, 'computed', 11.46831443766132)
20:28:03  runs [917/2460]: ('alpha_0p707107__shapley', 'permutation', 6, 'computed', 11.362080504186451)
20:28:04  runs [918/2460]: ('alpha_0p707107__shapley', 'permutation', 7, 'computed', 11.32986750639975)
20:28:06  runs [919/2460]: ('alpha_0p707107__shapley', 'permutation', 9, 'computed', 11.36743687512353)
20:28:06  runs [920/2460]: ('alpha_0p707107__shapley', 'permutation', 8, 'computed', 11.520798888988793)
20:28:08  runs [921/2460]: ('alpha_0p707107__shapley', 'complement', 0, 'computed', 12.621081552002579)
20:28:08  runs [922/2460]: ('alpha_0p707107__shapley', 'complement', 1, 'computed', 12.457328632008284)
20:28:09  runs [923/2460]: ('alpha_0p707107__shapley', 'complement', 2, 'computed', 12.569924544077367)
20:28:11  runs [924/2460]: ('alpha_0p707107__shapley', 'complement', 3, 'computed', 12.541767245158553)
20:28:13  runs [925/2460]: ('alpha_0p707107__shapley', 'complement', 4, 'computed', 12.680083507671952)
20:28:15  runs [926/2460]: ('alpha_0p707107__shapley', 'complement', 5, 'computed', 12.74271208094433)
20:28:16  runs [927/2460]: ('alpha_0p707107__shapley', 'complement', 6, 'computed', 12.640957918018103)
20:28:17  runs [928/2460]: ('alpha_0p707107__shapley', 'complement', 7, 'computed', 12.734021822921932)
20:28:19  runs [929/2460]: ('alpha_0p707107__shapley', 'complement', 9, 'computed', 12.589171784929931)
20:28:19  runs [930/2460]: ('alpha_0p707107__shapley', 'complement', 8, 'computed', 12.659889854025096)
20:28:21  runs [931/2460]: ('alpha_0p707107__shapley', 'group_testing', 0, 'computed', 13.106955906841904)
20:28:21  runs [932/2460]: ('alpha_0p707107__shapley', 'group_testing', 1, 'computed', 13.152025082148612)
20:28:22  runs [933/2460]: ('alpha_0p707107__shapley', 'group_testing', 2, 'computed', 13.062476090155542)
20:28:24  runs [934/2460]: ('alpha_0p707107__shapley', 'group_testing', 3, 'computed', 13.078357391990721)
20:28:26  runs [935/2460]: ('alpha_0p707107__shapley', 'group_testing', 4, 'computed', 13.195451982319355)
20:28:29  runs [936/2460]: ('alpha_0p707107__shapley', 'group_testing', 5, 'computed', 13.113872476387769)
20:28:29  runs [937/2460]: ('alpha_0p707107__shapley', 'group_testing', 6, 'computed', 13.2101851250045)
20:28:30  runs [938/2460]: ('alpha_0p707107__shapley', 'group_testing', 7, 'computed', 13.114513594191521)
20:28:32  runs [939/2460]: ('alpha_0p707107__shapley', 'group_testing', 9, 'computed', 13.058241587132215)
20:28:32  runs [940/2460]: ('alpha_0p707107__shapley', 'group_testing', 8, 'computed', 13.13067403063178)
20:29:40  runs [941/2460]: ('alpha_0p707107__shapley', 'RegressionMSR_unbiased', 3, 'computed', 76.0776909980923)
20:29:41  runs [942/2460]: ('alpha_0p707107__shapley', 'RegressionMSR_unbiased', 0, 'computed', 80.25157292420045)
20:29:43  runs [943/2460]: ('alpha_0p707107__shapley', 'RegressionMSR_unbiased', 1, 'computed', 82.0424642469734)
20:29:50  runs [944/2460]: ('alpha_0p707107__shapley', 'RegressionMSR_unbiased', 7, 'computed', 79.61236443603411)
20:29:58  runs [945/2460]: ('alpha_0p707107__shapley', 'RegressionMSR_unbiased', 6, 'computed', 88.8547651679255)
20:30:01  runs [946/2460]: ('alpha_0p707107__shapley', 'RegressionMSR_unbiased', 5, 'computed', 92.50628306996077)
20:30:01  runs [947/2460]: ('alpha_0p707107__shapley', 'RegressionMSR_unbiased', 2, 'computed', 98.98037678003311)
20:30:02  runs [948/2460]: ('alpha_0p707107__shapley', 'RegressionMSR_unbiased', 4, 'computed', 95.93150286702439)
20:30:04  runs [949/2460]: ('alpha_0p707107__shapley', 'RegressionMSR_unbiased', 9, 'computed', 92.45100517896935)
20:30:10  runs [950/2460]: ('alpha_0p707107__shapley', 'RegressionMSR_unbiased', 8, 'computed', 98.51740359328687)
20:55:55  runs [951/2460]: ('alpha_0p707107__shapley', 'PolySHAP_regression', 8, 'computed', 1551.2915128860623)
20:56:13  runs [952/2460]: ('alpha_0p707107__beta1_4', 'EaseSHAP_interaction_nonlinear', 0, 'computed', 17.327002970967442)
20:56:34  runs [953/2460]: ('alpha_0p707107__shapley', 'PolySHAP_regression', 3, 'computed', 1604.471581025049)
20:56:37  runs [954/2460]: ('alpha_0p707107__beta1_4', 'EaseSHAP_interaction_nonlinear', 1, 'computed', 23.91619510902092)
20:56:53  runs [955/2460]: ('alpha_0p707107__beta1_4', 'EaseSHAP_interaction_nonlinear', 3, 'computed', 15.897985643707216)
20:57:02  runs [956/2460]: ('alpha_0p707107__beta1_4', 'EaseSHAP_interaction_nonlinear', 2, 'computed', 27.85854772105813)
20:57:11  runs [957/2460]: ('alpha_0p707107__beta1_4', 'EaseSHAP_interaction_nonlinear', 4, 'computed', 18.61096065165475)
20:57:27  runs [958/2460]: ('alpha_0p707107__beta1_4', 'EaseSHAP_interaction_nonlinear', 6, 'computed', 15.560767719056457)
20:57:29  runs [959/2460]: ('alpha_0p707107__beta1_4', 'EaseSHAP_interaction_nonlinear', 5, 'computed', 26.558973766397685)
20:57:50  runs [960/2460]: ('alpha_0p707107__beta1_4', 'EaseSHAP_interaction_nonlinear', 7, 'computed', 22.908867496065795)
20:57:54  runs [961/2460]: ('alpha_0p707107__shapley', 'PolySHAP_regression', 0, 'computed', 1693.7160636670887)
20:57:58  runs [962/2460]: ('alpha_0p707107__beta1_4', 'EaseSHAP_interaction_nonlinear', 8, 'computed', 29.22430574335158)
20:58:05  runs [963/2460]: ('alpha_0p707107__beta1_4', 'EaseSHAP_interaction_nonlinear', 9, 'computed', 15.707758403848857)
20:59:03  runs [964/2460]: ('alpha_0p707107__shapley', 'PolySHAP_regression', 2, 'computed', 1759.4733526469208)
20:59:03  runs [965/2460]: ('alpha_0p707107__shapley', 'PolySHAP_regression', 6, 'computed', 1741.8839438939467)
20:59:18  runs [966/2460]: ('alpha_0p707107__shapley', 'PolySHAP_regression', 4, 'computed', 1760.576442617923)
20:59:42  runs [967/2460]: ('alpha_0p707107__shapley', 'PolySHAP_regression', 5, 'computed', 1780.6752776470967)
20:59:52  runs [968/2460]: ('alpha_0p707107__shapley', 'PolySHAP_regression', 1, 'computed', 1810.8991506639868)
21:00:32  runs [969/2460]: ('alpha_0p707107__shapley', 'PolySHAP_regression', 7, 'computed', 1829.9327077250928)
21:02:44  runs [970/2460]: ('alpha_0p707107__beta1_4', 'EaseSHAP_size_player', 2, 'computed', 278.38154044700786)
21:03:00  runs [971/2460]: ('alpha_0p707107__beta1_4', 'EaseSHAP_size_player', 1, 'computed', 301.9341109120287)
21:03:16  runs [972/2460]: ('alpha_0p707107__beta1_4', 'OFA_fixed', 0, 'computed', 16.129041187930852)
21:03:24  runs [973/2460]: ('alpha_0p707107__beta1_4', 'EaseSHAP_size_player', 0, 'computed', 330.2518291338347)
21:03:32  runs [974/2460]: ('alpha_0p707107__beta1_4', 'OFA_fixed', 1, 'computed', 16.216002678032964)
21:03:36  runs [975/2460]: ('alpha_0p707107__beta1_4', 'EaseSHAP_size_player', 5, 'computed', 257.62104186136276)
21:03:41  runs [976/2460]: ('alpha_0p707107__beta1_4', 'OFA_fixed', 2, 'computed', 16.132302585057914)
21:03:48  runs [977/2460]: ('alpha_0p707107__beta1_4', 'OFA_fixed', 3, 'computed', 16.021000103093684)
21:03:52  runs [978/2460]: ('alpha_0p707107__beta1_4', 'OFA_fixed', 4, 'computed', 16.2063667611219)
21:03:53  runs [979/2460]: ('alpha_0p707107__beta1_4', 'EaseSHAP_size_player', 3, 'computed', 289.9550983258523)
21:03:57  runs [980/2460]: ('alpha_0p707107__beta1_4', 'OFA_fixed', 5, 'computed', 16.021016424056143)
21:04:04  runs [981/2460]: ('alpha_0p707107__beta1_4', 'OFA_fixed', 6, 'computed', 15.950332524254918)
21:04:08  runs [982/2460]: ('alpha_0p707107__beta1_4', 'EaseSHAP_size_player', 4, 'computed', 304.4751375201158)
21:04:08  runs [983/2460]: ('alpha_0p707107__beta1_4', 'OFA_fixed', 7, 'computed', 16.218435460701585)
21:04:09  runs [984/2460]: ('alpha_0p707107__beta1_4', 'OFA_fixed', 8, 'computed', 16.229459665715694)
21:04:09  runs [985/2460]: ('alpha_0p707107__shapley', 'PolySHAP_regression', 9, 'computed', 2038.9703074037097)
21:04:13  runs [986/2460]: ('alpha_0p707107__beta1_4', 'OFA_fixed', 9, 'computed', 16.066974812652916)
21:04:15  runs [987/2460]: ('alpha_0p707107__beta1_4', 'EaseSHAP_size_player', 6, 'computed', 273.1573017630726)
21:04:16  runs [988/2460]: ('alpha_0p707107__beta1_4', 'OFA_baseline', 0, 'computed', 11.437688182108104)
21:04:19  runs [989/2460]: ('alpha_0p707107__beta1_4', 'OFA_baseline', 1, 'computed', 11.505948352161795)
21:04:20  runs [990/2460]: ('alpha_0p707107__beta1_4', 'OFA_baseline', 2, 'computed', 11.563538340386003)
21:04:21  runs [991/2460]: ('alpha_0p707107__beta1_4', 'OFA_baseline', 3, 'computed', 11.598402227740735)
21:04:21  runs [992/2460]: ('alpha_0p707107__beta1_4', 'EaseSHAP_size_player', 7, 'computed', 268.85380819719285)
21:04:21  runs [993/2460]: ('alpha_0p707107__beta1_4', 'OFA_baseline', 4, 'computed', 11.750792013015598)
21:04:24  runs [994/2460]: ('alpha_0p707107__beta1_4', 'EaseSHAP_size_player', 8, 'computed', 231.82481213612482)
21:04:24  runs [995/2460]: ('alpha_0p707107__beta1_4', 'OFA_baseline', 5, 'computed', 11.380333800800145)
21:04:26  runs [996/2460]: ('alpha_0p707107__beta1_4', 'OFA_baseline', 6, 'computed', 11.439815912861377)
21:04:27  runs [997/2460]: ('alpha_0p707107__beta1_4', 'OFA_baseline', 7, 'computed', 11.566814034245908)
21:04:31  runs [998/2460]: ('alpha_0p707107__beta1_4', 'OFA_baseline', 8, 'computed', 11.441000209655613)
21:04:31  runs [999/2460]: ('alpha_0p707107__beta1_4', 'OFA_baseline', 9, 'computed', 11.468766102101654)
21:04:32  runs [1000/2460]: ('alpha_0p707107__beta1_4', 'sampling_lift', 0, 'computed', 11.353680376894772)
21:04:32  runs [1001/2460]: ('alpha_0p707107__beta1_4', 'sampling_lift', 1, 'computed', 11.347761129960418)
21:04:32  runs [1002/2460]: ('alpha_0p707107__beta1_4', 'sampling_lift', 2, 'computed', 11.46227946691215)
21:04:35  runs [1003/2460]: ('alpha_0p707107__beta1_4', 'sampling_lift', 4, 'computed', 11.348184880800545)
21:04:36  runs [1004/2460]: ('alpha_0p707107__beta1_4', 'sampling_lift', 3, 'computed', 11.891330308280885)
21:04:38  runs [1005/2460]: ('alpha_0p707107__beta1_4', 'sampling_lift', 5, 'computed', 11.505137066822499)
21:04:39  runs [1006/2460]: ('alpha_0p707107__beta1_4', 'sampling_lift', 6, 'computed', 11.48632074566558)
21:04:42  runs [1007/2460]: ('alpha_0p707107__beta1_4', 'sampling_lift', 7, 'computed', 11.412291281856596)
21:04:43  runs [1008/2460]: ('alpha_0p707107__beta1_4', 'sampling_lift', 8, 'computed', 11.514855823945254)
21:04:43  runs [1009/2460]: ('alpha_0p707107__beta1_4', 'sampling_lift', 9, 'computed', 11.35697281640023)
21:04:45  runs [1010/2460]: ('alpha_0p707107__beta1_4', 'SHAP_IQ', 0, 'computed', 12.945191156119108)
21:04:45  runs [1011/2460]: ('alpha_0p707107__beta1_4', 'SHAP_IQ', 1, 'computed', 12.919354538898915)
21:04:48  runs [1012/2460]: ('alpha_0p707107__beta1_4', 'SHAP_IQ', 2, 'computed', 12.98260252410546)
21:04:49  runs [1013/2460]: ('alpha_0p707107__beta1_4', 'SHAP_IQ', 3, 'computed', 12.978756767231971)
21:04:51  runs [1014/2460]: ('alpha_0p707107__beta1_4', 'SHAP_IQ', 4, 'computed', 13.018173235002905)
21:04:52  runs [1015/2460]: ('alpha_0p707107__beta1_4', 'SHAP_IQ', 5, 'computed', 13.066428232938051)
21:04:55  runs [1016/2460]: ('alpha_0p707107__beta1_4', 'SHAP_IQ', 6, 'computed', 13.027721154037863)
21:04:56  runs [1017/2460]: ('alpha_0p707107__beta1_4', 'SHAP_IQ', 7, 'computed', 13.032889042049646)
21:04:56  runs [1018/2460]: ('alpha_0p707107__beta1_4', 'SHAP_IQ', 8, 'computed', 13.066864688880742)
21:04:58  runs [1019/2460]: ('alpha_0p707107__beta1_4', 'SHAP_IQ', 9, 'computed', 13.020435087848455)
21:04:58  runs [1020/2460]: ('alpha_0p707107__beta1_4', 'GELS', 0, 'computed', 12.930968365166336)
21:05:01  runs [1021/2460]: ('alpha_0p707107__beta1_4', 'GELS', 1, 'computed', 12.982331584673375)
21:05:02  runs [1022/2460]: ('alpha_0p707107__beta1_4', 'GELS', 2, 'computed', 12.982457495760173)
21:05:04  runs [1023/2460]: ('alpha_0p707107__beta1_4', 'GELS', 3, 'computed', 12.969915512949228)
21:05:05  runs [1024/2460]: ('alpha_0p707107__beta1_4', 'GELS', 4, 'computed', 13.071405956987292)
21:05:08  runs [1025/2460]: ('alpha_0p707107__beta1_4', 'GELS', 5, 'computed', 12.999486884102225)
21:05:09  runs [1026/2460]: ('alpha_0p707107__beta1_4', 'GELS', 6, 'computed', 13.071687657386065)
21:05:09  runs [1027/2460]: ('alpha_0p707107__beta1_4', 'GELS', 7, 'computed', 13.060325725004077)
21:05:11  runs [1028/2460]: ('alpha_0p707107__beta1_4', 'GELS', 8, 'computed', 13.018546350300312)
21:05:11  runs [1029/2460]: ('alpha_0p707107__beta1_4', 'GELS', 9, 'computed', 13.074121538084)
21:05:13  runs [1030/2460]: ('alpha_0p707107__beta1_4', 'improved_AME', 0, 'computed', 11.81808871589601)
21:05:14  runs [1031/2460]: ('alpha_0p707107__beta1_4', 'improved_AME', 1, 'computed', 11.814417569898069)
21:05:16  runs [1032/2460]: ('alpha_0p707107__beta1_4', 'improved_AME', 2, 'computed', 11.826770977582783)
21:05:17  runs [1033/2460]: ('alpha_0p707107__beta1_4', 'improved_AME', 3, 'computed', 11.871622540988028)
21:05:20  runs [1034/2460]: ('alpha_0p707107__beta1_4', 'improved_AME', 4, 'computed', 11.869950365740806)
21:05:21  runs [1035/2460]: ('alpha_0p707107__beta1_4', 'improved_AME', 5, 'computed', 11.924210097640753)
21:05:21  runs [1036/2460]: ('alpha_0p707107__beta1_4', 'improved_AME', 6, 'computed', 11.840012001805007)
21:05:23  runs [1037/2460]: ('alpha_0p707107__beta1_4', 'improved_AME', 7, 'computed', 11.89139738632366)
21:05:23  runs [1038/2460]: ('alpha_0p707107__beta1_4', 'improved_AME', 8, 'computed', 12.028569858055562)
21:05:25  runs [1039/2460]: ('alpha_0p707107__beta1_4', 'improved_AME', 9, 'computed', 11.851700433995575)
21:05:26  runs [1040/2460]: ('alpha_0p707107__beta1_4', 'WSL', 0, 'computed', 11.921930642798543)
21:05:27  runs [1041/2460]: ('alpha_0p707107__beta1_4', 'WSL', 1, 'computed', 11.390551537275314)
21:05:28  runs [1042/2460]: ('alpha_0p707107__beta1_4', 'WSL', 2, 'computed', 11.363952690269798)
21:05:31  runs [1043/2460]: ('alpha_0p707107__beta1_4', 'EaseSHAP_size_player', 9, 'computed', 166.72851509507746)
21:05:31  runs [1044/2460]: ('alpha_0p707107__beta1_4', 'WSL', 3, 'computed', 11.458598705939949)
21:05:32  runs [1045/2460]: ('alpha_0p707107__beta1_4', 'WSL', 4, 'computed', 11.4062401172705)
21:05:33  runs [1046/2460]: ('alpha_0p707107__beta1_4', 'WSL', 5, 'computed', 11.493956460151821)
21:05:34  runs [1047/2460]: ('alpha_0p707107__beta1_4', 'WSL', 6, 'computed', 11.475432968698442)
21:05:35  runs [1048/2460]: ('alpha_0p707107__beta1_4', 'WSL', 7, 'computed', 11.512476623058319)
21:05:36  runs [1049/2460]: ('alpha_0p707107__beta1_4', 'WSL', 8, 'computed', 11.368643084075302)
21:05:37  runs [1050/2460]: ('alpha_0p707107__beta1_4', 'WSL', 9, 'computed', 11.51075189979747)
21:05:38  runs [1051/2460]: ('alpha_0p707107__beta1_4', 'weighted_permutation', 0, 'computed', 11.329063422977924)
21:05:40  runs [1052/2460]: ('alpha_0p707107__beta1_4', 'weighted_permutation', 1, 'computed', 11.436609586700797)
21:05:42  runs [1053/2460]: ('alpha_0p707107__beta1_4', 'weighted_permutation', 2, 'computed', 11.453754847869277)
21:05:43  runs [1054/2460]: ('alpha_0p707107__beta1_4', 'weighted_permutation', 3, 'computed', 11.312387912999839)
21:05:44  runs [1055/2460]: ('alpha_0p707107__beta1_4', 'weighted_permutation', 4, 'computed', 11.373323368374258)
21:05:44  runs [1056/2460]: ('alpha_0p707107__beta1_4', 'weighted_permutation', 5, 'computed', 11.328955806791782)
21:05:46  runs [1057/2460]: ('alpha_0p707107__beta1_4', 'weighted_permutation', 6, 'computed', 11.413448174018413)
21:05:46  runs [1058/2460]: ('alpha_0p707107__beta1_4', 'weighted_permutation', 7, 'computed', 11.396088141947985)
21:05:48  runs [1059/2460]: ('alpha_0p707107__beta1_4', 'weighted_permutation', 8, 'computed', 11.463080810382962)
21:05:48  runs [1060/2460]: ('alpha_0p707107__beta1_4', 'weighted_permutation', 9, 'computed', 11.327907167840749)
21:05:55  runs [1061/2460]: ('alpha_0p707107__beta1_4', 'OFA_optimal', 0, 'computed', 16.249819902703166)
21:05:56  runs [1062/2460]: ('alpha_0p707107__beta1_4', 'OFA_optimal', 1, 'computed', 15.927543623838574)
21:05:58  runs [1063/2460]: ('alpha_0p707107__beta1_4', 'OFA_optimal', 2, 'computed', 16.14004011126235)
21:05:59  runs [1064/2460]: ('alpha_0p707107__beta1_4', 'OFA_optimal', 3, 'computed', 15.980630586855114)
21:06:00  runs [1065/2460]: ('alpha_0p707107__beta1_4', 'OFA_optimal', 4, 'computed', 16.102442826144397)
21:06:00  runs [1066/2460]: ('alpha_0p707107__beta1_4', 'OFA_optimal', 5, 'computed', 15.964547912124544)
21:06:02  runs [1067/2460]: ('alpha_0p707107__beta1_4', 'OFA_optimal', 6, 'computed', 16.071069533005357)
21:06:02  runs [1068/2460]: ('alpha_0p707107__beta1_4', 'OFA_optimal', 7, 'computed', 16.15519142197445)
21:06:04  runs [1069/2460]: ('alpha_0p707107__beta1_4', 'OFA_optimal', 8, 'computed', 16.185867327731103)
21:06:04  runs [1070/2460]: ('alpha_0p707107__beta1_4', 'OFA_optimal', 9, 'computed', 16.020681872032583)
21:06:08  runs [1071/2460]: ('alpha_0p707107__beta1_4', 'WGELS_shapley', 0, 'computed', 13.058388700243086)
21:06:09  runs [1072/2460]: ('alpha_0p707107__beta1_4', 'WGELS_shapley', 1, 'computed', 12.985380039084703)
21:06:11  runs [1073/2460]: ('alpha_0p707107__beta1_4', 'WGELS_shapley', 2, 'computed', 13.117992805782706)
21:06:12  runs [1074/2460]: ('alpha_0p707107__beta1_4', 'WGELS_shapley', 3, 'computed', 12.964715187903494)
21:06:13  runs [1075/2460]: ('alpha_0p707107__beta1_4', 'WGELS_shapley', 4, 'computed', 13.05798956612125)
21:06:13  runs [1076/2460]: ('alpha_0p707107__beta1_4', 'WGELS_shapley', 5, 'computed', 12.991382495965809)
21:06:15  runs [1077/2460]: ('alpha_0p707107__beta1_4', 'WGELS_shapley', 6, 'computed', 13.023593564052135)
21:06:15  runs [1078/2460]: ('alpha_0p707107__beta1_4', 'WGELS_shapley', 7, 'computed', 13.071200269740075)
21:06:17  runs [1079/2460]: ('alpha_0p707107__beta1_4', 'WGELS_shapley', 8, 'computed', 13.17491376819089)
21:06:17  runs [1080/2460]: ('alpha_0p707107__beta1_4', 'WGELS_shapley', 9, 'computed', 13.068444552831352)
21:09:36  runs [1081/2460]: ('alpha_0p707107__beta1_4', 'RegressionMSR_unbiased', 8, 'computed', 198.5900922580622)
21:09:38  runs [1082/2460]: ('alpha_0p707107__beta1_4', 'RegressionMSR_unbiased', 9, 'computed', 200.05698323389515)
21:09:44  runs [1083/2460]: ('alpha_0p707107__beta1_4', 'RegressionMSR_unbiased', 1, 'computed', 215.24310703901574)
21:09:46  runs [1084/2460]: ('alpha_0p707107__beta1_4', 'RegressionMSR_unbiased', 5, 'computed', 213.14652193384245)
21:09:47  runs [1085/2460]: ('alpha_0p707107__beta1_4', 'RegressionMSR_unbiased', 2, 'computed', 215.72982882196084)
21:09:48  runs [1086/2460]: ('alpha_0p707107__beta1_4', 'RegressionMSR_unbiased', 3, 'computed', 216.09442396601662)
21:09:49  runs [1087/2460]: ('alpha_0p707107__beta1_4', 'RegressionMSR_unbiased', 0, 'computed', 221.5653484761715)
21:09:58  runs [1088/2460]: ('alpha_0p707107__beta4_1', 'EaseSHAP_interaction_nonlinear', 0, 'computed', 21.729240565095097)
21:09:59  runs [1089/2460]: ('alpha_0p707107__beta4_1', 'EaseSHAP_interaction_nonlinear', 1, 'computed', 21.892157157417387)
21:10:04  runs [1090/2460]: ('alpha_0p707107__beta1_4', 'RegressionMSR_unbiased', 4, 'computed', 231.53272484103218)
21:10:05  runs [1091/2460]: ('alpha_0p707107__beta4_1', 'EaseSHAP_interaction_nonlinear', 2, 'computed', 21.54621572420001)
21:10:07  runs [1092/2460]: ('alpha_0p707107__beta4_1', 'EaseSHAP_interaction_nonlinear', 3, 'computed', 20.718142917845398)
21:10:08  runs [1093/2460]: ('alpha_0p707107__beta1_4', 'RegressionMSR_unbiased', 6, 'computed', 233.37055739108473)
21:10:09  runs [1094/2460]: ('alpha_0p707107__beta4_1', 'EaseSHAP_interaction_nonlinear', 5, 'computed', 21.173870767932385)
21:10:10  runs [1095/2460]: ('alpha_0p707107__beta4_1', 'EaseSHAP_interaction_nonlinear', 4, 'computed', 22.691353837028146)
21:10:11  runs [1096/2460]: ('alpha_0p707107__beta4_1', 'EaseSHAP_interaction_nonlinear', 6, 'computed', 22.045178283005953)
21:10:14  runs [1097/2460]: ('alpha_0p707107__beta1_4', 'RegressionMSR_unbiased', 7, 'computed', 238.79348263004795)
21:10:17  runs [1098/2460]: ('alpha_0p707107__beta4_1', 'EaseSHAP_interaction_nonlinear', 8, 'computed', 17.802558317780495)
21:10:20  runs [1099/2460]: ('alpha_0p707107__beta4_1', 'EaseSHAP_interaction_nonlinear', 7, 'computed', 22.682819715701044)
21:10:29  runs [1100/2460]: ('alpha_0p707107__beta4_1', 'EaseSHAP_interaction_nonlinear', 9, 'computed', 24.24176264507696)
21:13:48  runs [1101/2460]: ('alpha_0p707107__beta4_1', 'EaseSHAP_size_player', 0, 'computed', 222.99435487994924)
21:14:04  runs [1102/2460]: ('alpha_0p707107__beta4_1', 'OFA_fixed', 0, 'computed', 16.07172823790461)
21:14:21  runs [1103/2460]: ('alpha_0p707107__beta4_1', 'OFA_fixed', 1, 'computed', 16.223950390238315)
21:14:37  runs [1104/2460]: ('alpha_0p707107__beta4_1', 'OFA_fixed', 2, 'computed', 16.284091438166797)
21:14:43  runs [1105/2460]: ('alpha_0p707107__beta4_1', 'EaseSHAP_size_player', 1, 'computed', 276.142761698924)
21:14:51  runs [1106/2460]: ('alpha_0p707107__beta4_1', 'EaseSHAP_size_player', 3, 'computed', 281.72930135484785)
21:14:52  runs [1107/2460]: ('alpha_0p707107__beta4_1', 'EaseSHAP_size_player', 4, 'computed', 281.8830328970216)
21:14:53  runs [1108/2460]: ('alpha_0p707107__beta4_1', 'OFA_fixed', 3, 'computed', 16.308285465929657)
21:14:59  runs [1109/2460]: ('alpha_0p707107__beta4_1', 'OFA_fixed', 4, 'computed', 16.221483611036092)
21:15:04  runs [1110/2460]: ('alpha_0p707107__beta4_1', 'EaseSHAP_size_player', 7, 'computed', 286.6616699337028)
21:15:04  runs [1111/2460]: ('alpha_0p707107__beta4_1', 'EaseSHAP_size_player', 6, 'computed', 289.9127361229621)
21:15:07  runs [1112/2460]: ('alpha_0p707107__beta4_1', 'EaseSHAP_size_player', 2, 'computed', 298.7613544110209)
21:15:08  runs [1113/2460]: ('alpha_0p707107__beta4_1', 'OFA_fixed', 6, 'computed', 16.1984127368778)
21:15:08  runs [1114/2460]: ('alpha_0p707107__beta4_1', 'EaseSHAP_size_player', 8, 'computed', 287.6796355810948)
21:15:08  runs [1115/2460]: ('alpha_0p707107__beta4_1', 'OFA_fixed', 5, 'computed', 17.77703569503501)
21:15:10  runs [1116/2460]: ('alpha_0p707107__beta4_1', 'OFA_fixed', 7, 'computed', 16.415984540246427)
21:15:16  runs [1117/2460]: ('alpha_0p707107__beta4_1', 'OFA_baseline', 0, 'computed', 11.53177056601271)
21:15:16  runs [1118/2460]: ('alpha_0p707107__beta4_1', 'OFA_fixed', 8, 'computed', 16.288772804196924)
21:15:18  runs [1119/2460]: ('alpha_0p707107__beta4_1', 'OFA_baseline', 1, 'computed', 11.407516605686396)
21:15:19  runs [1120/2460]: ('alpha_0p707107__beta4_1', 'OFA_baseline', 2, 'computed', 11.403945063706487)
21:15:19  runs [1121/2460]: ('alpha_0p707107__beta4_1', 'EaseSHAP_size_player', 5, 'computed', 308.11234271200374)
21:15:19  runs [1122/2460]: ('alpha_0p707107__beta4_1', 'OFA_baseline', 3, 'computed', 11.56114586815238)
21:15:20  runs [1123/2460]: ('alpha_0p707107__beta4_1', 'OFA_baseline', 4, 'computed', 11.439617477823049)
21:15:20  runs [1124/2460]: ('alpha_0p707107__beta4_1', 'OFA_fixed', 9, 'computed', 16.294152670074254)
21:15:21  runs [1125/2460]: ('alpha_0p707107__beta4_1', 'OFA_baseline', 5, 'computed', 11.509070662315935)
21:15:23  runs [1126/2460]: ('alpha_0p707107__beta4_1', 'EaseSHAP_size_player', 9, 'computed', 294.6034623980522)
21:15:27  runs [1127/2460]: ('alpha_0p707107__beta4_1', 'OFA_baseline', 6, 'computed', 11.421226127073169)
21:15:27  runs [1128/2460]: ('alpha_0p707107__beta4_1', 'OFA_baseline', 7, 'computed', 11.420768350828439)
21:15:30  runs [1129/2460]: ('alpha_0p707107__beta4_1', 'OFA_baseline', 8, 'computed', 11.366242419928312)
21:15:31  runs [1130/2460]: ('alpha_0p707107__beta4_1', 'OFA_baseline', 9, 'computed', 11.372541987802833)
21:15:31  runs [1131/2460]: ('alpha_0p707107__beta4_1', 'sampling_lift', 0, 'computed', 11.382751935627311)
21:15:31  runs [1132/2460]: ('alpha_0p707107__beta4_1', 'sampling_lift', 1, 'computed', 11.44764719903469)
21:15:31  runs [1133/2460]: ('alpha_0p707107__beta4_1', 'sampling_lift', 2, 'computed', 11.368636306840926)
21:15:32  runs [1134/2460]: ('alpha_0p707107__beta4_1', 'sampling_lift', 3, 'computed', 11.386036498006433)
21:15:33  runs [1135/2460]: ('alpha_0p707107__beta4_1', 'sampling_lift', 4, 'computed', 11.438394384924322)
21:15:35  runs [1136/2460]: ('alpha_0p707107__beta4_1', 'sampling_lift', 5, 'computed', 11.437252236995846)
21:15:38  runs [1137/2460]: ('alpha_0p707107__beta4_1', 'sampling_lift', 6, 'computed', 11.373173327650875)
21:15:39  runs [1138/2460]: ('alpha_0p707107__beta4_1', 'sampling_lift', 7, 'computed', 11.457431491930038)
21:15:41  runs [1139/2460]: ('alpha_0p707107__beta4_1', 'sampling_lift', 8, 'computed', 11.46467708190903)
21:15:42  runs [1140/2460]: ('alpha_0p707107__beta4_1', 'sampling_lift', 9, 'computed', 11.316653309389949)
21:15:44  runs [1141/2460]: ('alpha_0p707107__beta4_1', 'SHAP_IQ', 0, 'computed', 12.945667956955731)
21:15:44  runs [1142/2460]: ('alpha_0p707107__beta4_1', 'SHAP_IQ', 1, 'computed', 13.066356827970594)
21:15:44  runs [1143/2460]: ('alpha_0p707107__beta4_1', 'SHAP_IQ', 2, 'computed', 13.222012301906943)
21:15:45  runs [1144/2460]: ('alpha_0p707107__beta4_1', 'SHAP_IQ', 3, 'computed', 13.008561023976654)
21:15:46  runs [1145/2460]: ('alpha_0p707107__beta4_1', 'SHAP_IQ', 4, 'computed', 13.026026641950011)
21:15:48  runs [1146/2460]: ('alpha_0p707107__beta4_1', 'SHAP_IQ', 5, 'computed', 13.026928789913654)
21:15:51  runs [1147/2460]: ('alpha_0p707107__beta4_1', 'SHAP_IQ', 6, 'computed', 12.988349316641688)
21:15:52  runs [1148/2460]: ('alpha_0p707107__beta4_1', 'SHAP_IQ', 7, 'computed', 13.007951686624438)
21:15:54  runs [1149/2460]: ('alpha_0p707107__beta4_1', 'SHAP_IQ', 8, 'computed', 13.049342255108058)
21:15:55  runs [1150/2460]: ('alpha_0p707107__beta4_1', 'SHAP_IQ', 9, 'computed', 12.941050461027771)
21:15:57  runs [1151/2460]: ('alpha_0p707107__beta4_1', 'GELS', 0, 'computed', 12.90228784782812)
21:15:57  runs [1152/2460]: ('alpha_0p707107__beta4_1', 'GELS', 1, 'computed', 13.003140350803733)
21:15:58  runs [1153/2460]: ('alpha_0p707107__beta4_1', 'GELS', 2, 'computed', 13.16262273536995)
21:15:58  runs [1154/2460]: ('alpha_0p707107__beta4_1', 'GELS', 3, 'computed', 12.982991532888263)
21:15:59  runs [1155/2460]: ('alpha_0p707107__beta4_1', 'GELS', 4, 'computed', 13.040108425077051)
21:16:01  runs [1156/2460]: ('alpha_0p707107__beta4_1', 'GELS', 5, 'computed', 12.868136785924435)
21:16:04  runs [1157/2460]: ('alpha_0p707107__beta4_1', 'GELS', 6, 'computed', 12.85245712986216)
21:16:05  runs [1158/2460]: ('alpha_0p707107__beta4_1', 'GELS', 7, 'computed', 13.08277786616236)
21:16:07  runs [1159/2460]: ('alpha_0p707107__beta4_1', 'GELS', 8, 'computed', 12.935783530585468)
21:16:08  runs [1160/2460]: ('alpha_0p707107__beta4_1', 'GELS', 9, 'computed', 12.86702541494742)
21:16:09  runs [1161/2460]: ('alpha_0p707107__beta4_1', 'improved_AME', 0, 'computed', 11.829065267927945)
21:16:09  runs [1162/2460]: ('alpha_0p707107__beta4_1', 'improved_AME', 1, 'computed', 11.852149365004152)
21:16:09  runs [1163/2460]: ('alpha_0p707107__beta4_1', 'improved_AME', 3, 'computed', 11.780534818768501)
21:16:10  runs [1164/2460]: ('alpha_0p707107__beta4_1', 'improved_AME', 2, 'computed', 11.96064463397488)
21:16:11  runs [1165/2460]: ('alpha_0p707107__beta4_1', 'improved_AME', 4, 'computed', 11.852153539657593)
21:16:12  runs [1166/2460]: ('alpha_0p707107__beta4_1', 'improved_AME', 5, 'computed', 11.89399766176939)
21:16:16  runs [1167/2460]: ('alpha_0p707107__beta4_1', 'improved_AME', 6, 'computed', 11.727354436647147)
21:16:17  runs [1168/2460]: ('alpha_0p707107__beta4_1', 'improved_AME', 7, 'computed', 11.876822443678975)
21:16:19  runs [1169/2460]: ('alpha_0p707107__beta4_1', 'improved_AME', 8, 'computed', 11.738533640280366)
21:16:19  runs [1170/2460]: ('alpha_0p707107__beta4_1', 'improved_AME', 9, 'computed', 11.729547987692058)
21:16:20  runs [1171/2460]: ('alpha_0p707107__beta4_1', 'WSL', 0, 'computed', 11.373574681580067)
21:16:20  runs [1172/2460]: ('alpha_0p707107__beta4_1', 'WSL', 1, 'computed', 11.450331198982894)
21:16:21  runs [1173/2460]: ('alpha_0p707107__beta4_1', 'WSL', 2, 'computed', 11.247836189810187)
21:16:21  runs [1174/2460]: ('alpha_0p707107__beta4_1', 'WSL', 3, 'computed', 11.289635365828872)
21:16:22  runs [1175/2460]: ('alpha_0p707107__beta4_1', 'WSL', 4, 'computed', 11.486437801271677)
21:16:24  runs [1176/2460]: ('alpha_0p707107__beta4_1', 'WSL', 5, 'computed', 11.494315932039171)
21:16:27  runs [1177/2460]: ('alpha_0p707107__beta4_1', 'WSL', 6, 'computed', 11.451304493006319)
21:16:28  runs [1178/2460]: ('alpha_0p707107__beta4_1', 'WSL', 7, 'computed', 11.4252356486395)
21:16:31  runs [1179/2460]: ('alpha_0p707107__beta4_1', 'WSL', 8, 'computed', 11.4964942750521)
21:16:31  runs [1180/2460]: ('alpha_0p707107__beta4_1', 'WSL', 9, 'computed', 11.303043990395963)
21:16:31  runs [1181/2460]: ('alpha_0p707107__beta4_1', 'weighted_permutation', 0, 'computed', 11.370279049035162)
21:16:32  runs [1182/2460]: ('alpha_0p707107__beta4_1', 'weighted_permutation', 1, 'computed', 11.451696082949638)
21:16:32  runs [1183/2460]: ('alpha_0p707107__beta4_1', 'weighted_permutation', 2, 'computed', 11.352831188123673)
21:16:32  runs [1184/2460]: ('alpha_0p707107__beta4_1', 'weighted_permutation', 3, 'computed', 11.643729764036834)
21:16:33  runs [1185/2460]: ('alpha_0p707107__beta4_1', 'weighted_permutation', 4, 'computed', 11.325416314881295)
21:16:35  runs [1186/2460]: ('alpha_0p707107__beta4_1', 'weighted_permutation', 5, 'computed', 11.323688524775207)
21:16:39  runs [1187/2460]: ('alpha_0p707107__beta4_1', 'weighted_permutation', 6, 'computed', 11.380336653906852)
21:16:39  runs [1188/2460]: ('alpha_0p707107__beta4_1', 'weighted_permutation', 7, 'computed', 11.466132306028157)
21:16:42  runs [1189/2460]: ('alpha_0p707107__beta4_1', 'weighted_permutation', 8, 'computed', 11.436208936851472)
21:16:42  runs [1190/2460]: ('alpha_0p707107__beta4_1', 'weighted_permutation', 9, 'computed', 11.547444989904761)
21:16:47  runs [1191/2460]: ('alpha_0p707107__beta4_1', 'OFA_optimal', 0, 'computed', 16.067595024127513)
21:16:48  runs [1192/2460]: ('alpha_0p707107__beta4_1', 'OFA_optimal', 1, 'computed', 15.952759315725416)
21:16:48  runs [1193/2460]: ('alpha_0p707107__beta4_1', 'OFA_optimal', 2, 'computed', 15.95837380969897)
21:16:48  runs [1194/2460]: ('alpha_0p707107__beta4_1', 'OFA_optimal', 3, 'computed', 16.050253986846656)
21:16:49  runs [1195/2460]: ('alpha_0p707107__beta4_1', 'OFA_optimal', 4, 'computed', 16.072186558973044)
21:16:51  runs [1196/2460]: ('alpha_0p707107__beta4_1', 'OFA_optimal', 5, 'computed', 15.916066160891205)
21:16:55  runs [1197/2460]: ('alpha_0p707107__beta4_1', 'OFA_optimal', 6, 'computed', 16.09709844738245)
21:16:55  runs [1198/2460]: ('alpha_0p707107__beta4_1', 'OFA_optimal', 7, 'computed', 15.966630075126886)
21:16:58  runs [1199/2460]: ('alpha_0p707107__beta4_1', 'OFA_optimal', 8, 'computed', 16.05091969203204)
21:16:58  runs [1200/2460]: ('alpha_0p707107__beta4_1', 'OFA_optimal', 9, 'computed', 15.975607400760055)
21:17:00  runs [1201/2460]: ('alpha_0p707107__beta4_1', 'WGELS_shapley', 0, 'computed', 12.943974751979113)
21:17:01  runs [1202/2460]: ('alpha_0p707107__beta4_1', 'WGELS_shapley', 1, 'computed', 12.999587909318507)
21:17:01  runs [1203/2460]: ('alpha_0p707107__beta4_1', 'WGELS_shapley', 2, 'computed', 12.961113771889359)
21:17:01  runs [1204/2460]: ('alpha_0p707107__beta4_1', 'WGELS_shapley', 3, 'computed', 12.920922685880214)
21:17:03  runs [1205/2460]: ('alpha_0p707107__beta4_1', 'WGELS_shapley', 4, 'computed', 13.11872814502567)
21:17:04  runs [1206/2460]: ('alpha_0p707107__beta4_1', 'WGELS_shapley', 5, 'computed', 12.81367541430518)
21:17:08  runs [1207/2460]: ('alpha_0p707107__beta4_1', 'WGELS_shapley', 6, 'computed', 13.13886577822268)
21:17:09  runs [1208/2460]: ('alpha_0p707107__beta4_1', 'WGELS_shapley', 7, 'computed', 13.142668596003205)
21:17:11  runs [1209/2460]: ('alpha_0p707107__beta4_1', 'WGELS_shapley', 8, 'computed', 13.033555353060365)
21:17:11  runs [1210/2460]: ('alpha_0p707107__beta4_1', 'WGELS_shapley', 9, 'computed', 13.05184107273817)
21:20:00  runs [1211/2460]: ('alpha_0p707107__beta4_1', 'RegressionMSR_unbiased', 8, 'computed', 168.67942612618208)
21:20:22  runs [1212/2460]: ('alpha_0p707107__beta4_1', 'RegressionMSR_unbiased', 1, 'computed', 200.93923169421032)
21:20:30  runs [1213/2460]: ('alpha_0p707107__wb0p25', 'EaseSHAP_interaction_nonlinear', 0, 'computed', 30.26110247010365)
21:20:36  runs [1214/2460]: ('alpha_0p707107__wb0p25', 'EaseSHAP_interaction_nonlinear', 1, 'computed', 14.467389629222453)
21:20:41  runs [1215/2460]: ('alpha_0p707107__beta4_1', 'RegressionMSR_unbiased', 7, 'computed', 212.04522739630193)
21:20:46  runs [1216/2460]: ('alpha_0p707107__beta4_1', 'RegressionMSR_unbiased', 0, 'computed', 225.96510447515175)
21:20:47  runs [1217/2460]: ('alpha_0p707107__wb0p25', 'EaseSHAP_interaction_nonlinear', 2, 'computed', 17.373421406839043)
21:20:50  runs [1218/2460]: ('alpha_0p707107__beta4_1', 'RegressionMSR_unbiased', 2, 'computed', 229.51161654433236)
21:20:53  runs [1219/2460]: ('alpha_0p707107__beta4_1', 'RegressionMSR_unbiased', 3, 'computed', 232.04351738700643)
21:20:55  runs [1220/2460]: ('alpha_0p707107__beta4_1', 'RegressionMSR_unbiased', 6, 'computed', 226.53039686800912)
21:20:59  runs [1221/2460]: ('alpha_0p707107__wb0p25', 'EaseSHAP_interaction_nonlinear', 3, 'computed', 23.20614081202075)
21:21:02  runs [1222/2460]: ('alpha_0p707107__wb0p25', 'EaseSHAP_interaction_nonlinear', 4, 'computed', 21.242985499091446)
21:21:04  runs [1223/2460]: ('alpha_0p707107__beta4_1', 'RegressionMSR_unbiased', 5, 'computed', 239.750920122955)
21:21:06  runs [1224/2460]: ('alpha_0p707107__beta4_1', 'RegressionMSR_unbiased', 9, 'computed', 234.2273767129518)
21:21:10  runs [1225/2460]: ('alpha_0p707107__wb0p25', 'EaseSHAP_interaction_nonlinear', 5, 'computed', 24.12002337584272)
21:21:11  runs [1226/2460]: ('alpha_0p707107__wb0p25', 'EaseSHAP_interaction_nonlinear', 7, 'computed', 20.157549970783293)
21:21:11  runs [1227/2460]: ('alpha_0p707107__wb0p25', 'EaseSHAP_interaction_nonlinear', 6, 'computed', 23.58339836401865)
21:21:13  runs [1228/2460]: ('alpha_0p707107__wb0p25', 'EaseSHAP_interaction_nonlinear', 8, 'computed', 19.199142284225672)
21:21:18  runs [1229/2460]: ('alpha_0p707107__wb0p25', 'EaseSHAP_interaction_nonlinear', 9, 'computed', 23.65626313490793)
21:21:21  runs [1230/2460]: ('alpha_0p707107__beta4_1', 'RegressionMSR_unbiased', 4, 'computed', 258.313575158827)
21:24:53  runs [1231/2460]: ('alpha_0p707107__wb0p25', 'EaseSHAP_size_player', 7, 'computed', 220.18542533181608)
21:25:09  runs [1232/2460]: ('alpha_0p707107__wb0p25', 'OFA_fixed', 0, 'computed', 16.271938731893897)
21:25:29  runs [1233/2460]: ('alpha_0p707107__wb0p25', 'OFA_fixed', 1, 'computed', 19.68325414834544)
21:25:42  runs [1234/2460]: ('alpha_0p707107__wb0p25', 'EaseSHAP_size_player', 4, 'computed', 271.38440110208467)
21:25:45  runs [1235/2460]: ('alpha_0p707107__wb0p25', 'EaseSHAP_size_player', 0, 'computed', 285.9250666243024)
21:25:47  runs [1236/2460]: ('alpha_0p707107__wb0p25', 'EaseSHAP_size_player', 2, 'computed', 283.31231203395873)
21:25:48  runs [1237/2460]: ('alpha_0p707107__wb0p25', 'OFA_fixed', 2, 'computed', 19.009425510652363)
21:25:54  runs [1238/2460]: ('alpha_0p707107__wb0p25', 'EaseSHAP_size_player', 6, 'computed', 283.408695241902)
21:25:58  runs [1239/2460]: ('alpha_0p707107__wb0p25', 'OFA_fixed', 3, 'computed', 16.277883069589734)
21:25:58  runs [1240/2460]: ('alpha_0p707107__wb0p25', 'EaseSHAP_size_player', 1, 'computed', 296.3385842186399)
21:26:02  runs [1241/2460]: ('alpha_0p707107__wb0p25', 'OFA_fixed', 4, 'computed', 16.303943720646203)
21:26:03  runs [1242/2460]: ('alpha_0p707107__wb0p25', 'OFA_fixed', 5, 'computed', 16.18862119456753)
21:26:06  runs [1243/2460]: ('alpha_0p707107__wb0p25', 'OFA_fixed', 6, 'computed', 18.559277235064656)
21:26:07  runs [1244/2460]: ('alpha_0p707107__wb0p25', 'EaseSHAP_size_player', 3, 'computed', 301.7562324879691)
21:26:11  runs [1245/2460]: ('alpha_0p707107__wb0p25', 'OFA_fixed', 7, 'computed', 16.447159887757152)
21:26:13  runs [1246/2460]: ('alpha_0p707107__wb0p25', 'OFA_baseline', 0, 'computed', 11.696697764098644)
21:26:14  runs [1247/2460]: ('alpha_0p707107__wb0p25', 'OFA_fixed', 8, 'computed', 16.13959679286927)
21:26:14  runs [1248/2460]: ('alpha_0p707107__wb0p25', 'OFA_fixed', 9, 'computed', 16.292461128905416)
21:26:15  runs [1249/2460]: ('alpha_0p707107__wb0p25', 'OFA_baseline', 1, 'computed', 11.545969097875059)
21:26:15  runs [1250/2460]: ('alpha_0p707107__wb0p25', 'EaseSHAP_size_player', 8, 'computed', 297.074049832765)
21:26:16  runs [1251/2460]: ('alpha_0p707107__wb0p25', 'EaseSHAP_size_player', 5, 'computed', 305.2133392877877)
21:26:18  runs [1252/2460]: ('alpha_0p707107__wb0p25', 'EaseSHAP_size_player', 9, 'computed', 296.79908742103726)
21:26:19  runs [1253/2460]: ('alpha_0p707107__wb0p25', 'OFA_baseline', 2, 'computed', 12.246689999010414)
21:26:19  runs [1254/2460]: ('alpha_0p707107__wb0p25', 'OFA_baseline', 3, 'computed', 11.466893242206424)
21:26:22  runs [1255/2460]: ('alpha_0p707107__wb0p25', 'OFA_baseline', 4, 'computed', 11.23768605524674)
21:26:25  runs [1256/2460]: ('alpha_0p707107__wb0p25', 'OFA_baseline', 5, 'computed', 11.465323927346617)
21:26:26  runs [1257/2460]: ('alpha_0p707107__wb0p25', 'OFA_baseline', 6, 'computed', 11.389787738677114)
21:26:26  runs [1258/2460]: ('alpha_0p707107__wb0p25', 'OFA_baseline', 7, 'computed', 11.38373195240274)
21:26:26  runs [1259/2460]: ('alpha_0p707107__wb0p25', 'OFA_baseline', 8, 'computed', 11.431660444941372)
21:26:27  runs [1260/2460]: ('alpha_0p707107__wb0p25', 'OFA_baseline', 9, 'computed', 11.468486603815109)
21:26:27  runs [1261/2460]: ('alpha_0p707107__wb0p25', 'sampling_lift', 0, 'computed', 11.328275330830365)
21:26:29  runs [1262/2460]: ('alpha_0p707107__wb0p25', 'sampling_lift', 1, 'computed', 11.331829498056322)
21:26:30  runs [1263/2460]: ('alpha_0p707107__wb0p25', 'sampling_lift', 2, 'computed', 11.429749675095081)
21:26:30  runs [1264/2460]: ('alpha_0p707107__wb0p25', 'sampling_lift', 3, 'computed', 11.314200615044683)
21:26:33  runs [1265/2460]: ('alpha_0p707107__wb0p25', 'sampling_lift', 4, 'computed', 11.346080021001399)
21:26:36  runs [1266/2460]: ('alpha_0p707107__wb0p25', 'sampling_lift', 5, 'computed', 11.358886037021875)
21:26:37  runs [1267/2460]: ('alpha_0p707107__wb0p25', 'sampling_lift', 6, 'computed', 11.41308672213927)
21:26:37  runs [1268/2460]: ('alpha_0p707107__wb0p25', 'sampling_lift', 7, 'computed', 11.392926861997694)
21:26:38  runs [1269/2460]: ('alpha_0p707107__wb0p25', 'sampling_lift', 8, 'computed', 11.289414414670318)
21:26:38  runs [1270/2460]: ('alpha_0p707107__wb0p25', 'sampling_lift', 9, 'computed', 11.39393927063793)
21:26:40  runs [1271/2460]: ('alpha_0p707107__wb0p25', 'SHAP_IQ', 0, 'computed', 13.092371298000216)
21:26:42  runs [1272/2460]: ('alpha_0p707107__wb0p25', 'SHAP_IQ', 1, 'computed', 13.105335677042603)
21:26:43  runs [1273/2460]: ('alpha_0p707107__wb0p25', 'SHAP_IQ', 3, 'computed', 12.970771910157055)
21:26:43  runs [1274/2460]: ('alpha_0p707107__wb0p25', 'SHAP_IQ', 2, 'computed', 13.019304751418531)
21:26:46  runs [1275/2460]: ('alpha_0p707107__wb0p25', 'SHAP_IQ', 4, 'computed', 12.886748807039112)
21:26:49  runs [1276/2460]: ('alpha_0p707107__wb0p25', 'SHAP_IQ', 5, 'computed', 13.025581071153283)
21:26:50  runs [1277/2460]: ('alpha_0p707107__wb0p25', 'SHAP_IQ', 6, 'computed', 12.97436703601852)
21:26:50  runs [1278/2460]: ('alpha_0p707107__wb0p25', 'SHAP_IQ', 7, 'computed', 13.09127670712769)
21:26:50  runs [1279/2460]: ('alpha_0p707107__wb0p25', 'SHAP_IQ', 8, 'computed', 12.925585552118719)
21:26:51  runs [1280/2460]: ('alpha_0p707107__wb0p25', 'SHAP_IQ', 9, 'computed', 13.131514174863696)
21:26:53  runs [1281/2460]: ('alpha_0p707107__wb0p25', 'GELS', 0, 'computed', 12.976106218993664)
21:26:55  runs [1282/2460]: ('alpha_0p707107__wb0p25', 'GELS', 1, 'computed', 13.013214058242738)
21:26:56  runs [1283/2460]: ('alpha_0p707107__wb0p25', 'GELS', 2, 'computed', 12.956057634204626)
21:26:56  runs [1284/2460]: ('alpha_0p707107__wb0p25', 'GELS', 3, 'computed', 12.98941853363067)
21:26:59  runs [1285/2460]: ('alpha_0p707107__wb0p25', 'GELS', 4, 'computed', 12.876433053985238)
21:27:02  runs [1286/2460]: ('alpha_0p707107__wb0p25', 'GELS', 5, 'computed', 12.955549514852464)
21:27:03  runs [1287/2460]: ('alpha_0p707107__wb0p25', 'GELS', 6, 'computed', 12.931728929746896)
21:27:03  runs [1288/2460]: ('alpha_0p707107__wb0p25', 'GELS', 8, 'computed', 12.824465445242822)
21:27:03  runs [1289/2460]: ('alpha_0p707107__wb0p25', 'GELS', 7, 'computed', 13.076577629894018)
21:27:04  runs [1290/2460]: ('alpha_0p707107__wb0p25', 'GELS', 9, 'computed', 13.049497009720653)
21:27:05  runs [1291/2460]: ('alpha_0p707107__wb0p25', 'improved_AME', 0, 'computed', 11.713775248732418)
21:27:07  runs [1292/2460]: ('alpha_0p707107__wb0p25', 'improved_AME', 1, 'computed', 11.686988120898604)
21:27:08  runs [1293/2460]: ('alpha_0p707107__wb0p25', 'improved_AME', 2, 'computed', 11.731884232722223)
21:27:08  runs [1294/2460]: ('alpha_0p707107__wb0p25', 'improved_AME', 3, 'computed', 11.805296927224845)
21:27:11  runs [1295/2460]: ('alpha_0p707107__wb0p25', 'improved_AME', 4, 'computed', 11.708015264943242)
21:27:14  runs [1296/2460]: ('alpha_0p707107__wb0p25', 'improved_AME', 5, 'computed', 11.740249659866095)
21:27:15  runs [1297/2460]: ('alpha_0p707107__wb0p25', 'improved_AME', 6, 'computed', 11.725144612137228)
21:27:15  runs [1298/2460]: ('alpha_0p707107__wb0p25', 'improved_AME', 7, 'computed', 11.69988030102104)
21:27:15  runs [1299/2460]: ('alpha_0p707107__wb0p25', 'improved_AME', 8, 'computed', 11.79541824106127)
21:27:16  runs [1300/2460]: ('alpha_0p707107__wb0p25', 'improved_AME', 9, 'computed', 11.756891381926835)
21:27:16  runs [1301/2460]: ('alpha_0p707107__wb0p25', 'WSL', 0, 'computed', 11.2611792688258)
21:27:18  runs [1302/2460]: ('alpha_0p707107__wb0p25', 'WSL', 1, 'computed', 11.33767959754914)
21:27:19  runs [1303/2460]: ('alpha_0p707107__wb0p25', 'WSL', 2, 'computed', 11.31677897600457)
21:27:19  runs [1304/2460]: ('alpha_0p707107__wb0p25', 'WSL', 3, 'computed', 11.336937735788524)
21:27:22  runs [1305/2460]: ('alpha_0p707107__wb0p25', 'WSL', 4, 'computed', 11.460116741713136)
21:27:25  runs [1306/2460]: ('alpha_0p707107__wb0p25', 'WSL', 5, 'computed', 11.437988398130983)
21:27:26  runs [1307/2460]: ('alpha_0p707107__wb0p25', 'WSL', 6, 'computed', 11.393390488810837)
21:27:26  runs [1308/2460]: ('alpha_0p707107__wb0p25', 'WSL', 7, 'computed', 11.443182077724487)
21:27:27  runs [1309/2460]: ('alpha_0p707107__wb0p25', 'WSL', 8, 'computed', 11.427422968205065)
21:27:27  runs [1310/2460]: ('alpha_0p707107__wb0p25', 'weighted_permutation', 0, 'computed', 11.315468946006149)
21:27:28  runs [1311/2460]: ('alpha_0p707107__wb0p25', 'WSL', 9, 'computed', 11.538332107011229)
21:27:30  runs [1312/2460]: ('alpha_0p707107__wb0p25', 'weighted_permutation', 1, 'computed', 11.435706907883286)
21:27:30  runs [1313/2460]: ('alpha_0p707107__wb0p25', 'weighted_permutation', 2, 'computed', 11.330464514903724)
21:27:31  runs [1314/2460]: ('alpha_0p707107__wb0p25', 'weighted_permutation', 3, 'computed', 11.3298928597942)
21:27:34  runs [1315/2460]: ('alpha_0p707107__wb0p25', 'weighted_permutation', 4, 'computed', 11.39613166032359)
21:27:37  runs [1316/2460]: ('alpha_0p707107__wb0p25', 'weighted_permutation', 5, 'computed', 11.440398937091231)
21:27:37  runs [1317/2460]: ('alpha_0p707107__wb0p25', 'weighted_permutation', 6, 'computed', 11.378590503707528)
21:27:38  runs [1318/2460]: ('alpha_0p707107__wb0p25', 'weighted_permutation', 7, 'computed', 11.462720249779522)
21:27:38  runs [1319/2460]: ('alpha_0p707107__wb0p25', 'weighted_permutation', 8, 'computed', 11.394782706163824)
21:27:39  runs [1320/2460]: ('alpha_0p707107__wb0p25', 'weighted_permutation', 9, 'computed', 11.391161678824574)
21:27:44  runs [1321/2460]: ('alpha_0p707107__wb0p25', 'OFA_optimal', 0, 'computed', 16.095848937984556)
21:27:45  runs [1322/2460]: ('alpha_0p707107__wb0p25', 'OFA_optimal', 1, 'computed', 15.92695819819346)
21:27:46  runs [1323/2460]: ('alpha_0p707107__wb0p25', 'OFA_optimal', 2, 'computed', 15.967772909905761)
21:27:47  runs [1324/2460]: ('alpha_0p707107__wb0p25', 'OFA_optimal', 3, 'computed', 16.05676823668182)
21:27:50  runs [1325/2460]: ('alpha_0p707107__wb0p25', 'OFA_optimal', 4, 'computed', 16.047213254962116)
21:27:53  runs [1326/2460]: ('alpha_0p707107__wb0p25', 'OFA_optimal', 5, 'computed', 16.00979221984744)
21:27:53  runs [1327/2460]: ('alpha_0p707107__wb0p25', 'OFA_optimal', 6, 'computed', 16.033454487100244)
21:27:54  runs [1328/2460]: ('alpha_0p707107__wb0p25', 'OFA_optimal', 7, 'computed', 15.922197870910168)
21:27:54  runs [1329/2460]: ('alpha_0p707107__wb0p25', 'OFA_optimal', 8, 'computed', 16.24439143296331)
21:27:55  runs [1330/2460]: ('alpha_0p707107__wb0p25', 'OFA_optimal', 9, 'computed', 15.948562323115766)
21:27:57  runs [1331/2460]: ('alpha_0p707107__wb0p25', 'WGELS_shapley', 0, 'computed', 13.076181645970792)
21:27:58  runs [1332/2460]: ('alpha_0p707107__wb0p25', 'WGELS_shapley', 1, 'computed', 12.887423963285983)
21:27:59  runs [1333/2460]: ('alpha_0p707107__wb0p25', 'WGELS_shapley', 2, 'computed', 12.924689140170813)
21:28:00  runs [1334/2460]: ('alpha_0p707107__wb0p25', 'WGELS_shapley', 3, 'computed', 12.921599561814219)
21:28:03  runs [1335/2460]: ('alpha_0p707107__wb0p25', 'WGELS_shapley', 4, 'computed', 12.951753514353186)
21:28:06  runs [1336/2460]: ('alpha_0p707107__wb0p25', 'WGELS_shapley', 5, 'computed', 12.963718759361655)
21:28:06  runs [1337/2460]: ('alpha_0p707107__wb0p25', 'WGELS_shapley', 6, 'computed', 12.86825190903619)
21:28:07  runs [1338/2460]: ('alpha_0p707107__wb0p25', 'WGELS_shapley', 7, 'computed', 12.911812939215451)
21:28:08  runs [1339/2460]: ('alpha_0p707107__wb0p25', 'WGELS_shapley', 8, 'computed', 13.269849074073136)
21:28:08  runs [1340/2460]: ('alpha_0p707107__wb0p25', 'WGELS_shapley', 9, 'computed', 12.95628839917481)
21:28:08  runs [1341/2460]: ('alpha_0p707107__wb0p25', 'AME', 0, 'computed', 11.607795745134354)
21:28:10  runs [1342/2460]: ('alpha_0p707107__wb0p25', 'AME', 1, 'computed', 11.737039934843779)
21:28:11  runs [1343/2460]: ('alpha_0p707107__wb0p25', 'AME', 2, 'computed', 11.715159328188747)
21:28:11  runs [1344/2460]: ('alpha_0p707107__wb0p25', 'AME', 3, 'computed', 11.837423600722104)
21:28:14  runs [1345/2460]: ('alpha_0p707107__wb0p25', 'AME', 4, 'computed', 11.71994520444423)
21:28:17  runs [1346/2460]: ('alpha_0p707107__wb0p25', 'AME', 5, 'computed', 11.747701133135706)
21:28:18  runs [1347/2460]: ('alpha_0p707107__wb0p25', 'AME', 6, 'computed', 11.782381454017013)
21:28:18  runs [1348/2460]: ('alpha_0p707107__wb0p25', 'AME', 7, 'computed', 11.680997130926698)
21:28:20  runs [1349/2460]: ('alpha_0p707107__wb0p25', 'AME', 8, 'computed', 12.028020144905895)
21:28:20  runs [1350/2460]: ('alpha_0p707107__wb0p25', 'AME', 9, 'computed', 11.787634334061295)
21:31:18  runs [1351/2460]: ('alpha_0p707107__wb0p25', 'RegressionMSR_unbiased', 9, 'computed', 178.62009054468945)
21:31:26  runs [1352/2460]: ('alpha_0p707107__wb0p25', 'RegressionMSR_unbiased', 2, 'computed', 194.80451962305233)
21:31:31  runs [1353/2460]: ('alpha_0p707107__wb0p25', 'RegressionMSR_unbiased', 6, 'computed', 193.17289960198104)
21:31:38  runs [1354/2460]: ('alpha_0p707107__wb0p25', 'RegressionMSR_unbiased', 0, 'computed', 209.2987064011395)
21:31:43  runs [1355/2460]: ('alpha_0p707107__wb0p5', 'EaseSHAP_interaction_nonlinear', 0, 'computed', 24.906262535136193)
21:31:45  runs [1356/2460]: ('alpha_0p707107__wb0p25', 'RegressionMSR_unbiased', 4, 'computed', 210.55445704003796)
21:31:48  runs [1357/2460]: ('alpha_0p707107__wb0p5', 'EaseSHAP_interaction_nonlinear', 1, 'computed', 21.974395290017128)
21:31:55  runs [1358/2460]: ('alpha_0p707107__wb0p5', 'EaseSHAP_interaction_nonlinear', 2, 'computed', 23.24440615484491)
21:32:00  runs [1359/2460]: ('alpha_0p707107__wb0p5', 'EaseSHAP_interaction_nonlinear', 3, 'computed', 22.312547583598644)
21:32:00  runs [1360/2460]: ('alpha_0p707107__wb0p5', 'EaseSHAP_interaction_nonlinear', 4, 'computed', 17.214468302670866)
21:32:03  runs [1361/2460]: ('alpha_0p707107__wb0p25', 'RegressionMSR_unbiased', 1, 'computed', 233.32961552310735)
21:32:09  runs [1362/2460]: ('alpha_0p707107__wb0p5', 'EaseSHAP_interaction_nonlinear', 6, 'computed', 21.193840178195387)
21:32:10  runs [1363/2460]: ('alpha_0p707107__wb0p25', 'RegressionMSR_unbiased', 3, 'computed', 238.85314185312018)
21:32:11  runs [1364/2460]: ('alpha_0p707107__wb0p5', 'EaseSHAP_interaction_nonlinear', 5, 'computed', 25.685361122712493)
21:32:16  runs [1365/2460]: ('alpha_0p707107__wb0p5', 'EaseSHAP_interaction_nonlinear', 7, 'computed', 21.38336157007143)
21:32:16  runs [1366/2460]: ('alpha_0p707107__wb0p25', 'RegressionMSR_unbiased', 7, 'computed', 237.57593523012474)
21:32:20  runs [1367/2460]: ('alpha_0p707107__wb0p25', 'RegressionMSR_unbiased', 5, 'computed', 242.6139859096147)
21:32:26  runs [1368/2460]: ('alpha_0p707107__wb0p5', 'EaseSHAP_interaction_nonlinear', 9, 'computed', 25.540745418984443)
21:32:26  runs [1369/2460]: ('alpha_0p707107__wb0p5', 'EaseSHAP_interaction_nonlinear', 8, 'computed', 26.15284185996279)
21:32:55  runs [1370/2460]: ('alpha_0p707107__wb0p25', 'RegressionMSR_unbiased', 8, 'computed', 275.819720022846)
21:36:30  runs [1371/2460]: ('alpha_0p707107__wb0p5', 'EaseSHAP_size_player', 0, 'computed', 266.3169999201782)
21:36:40  runs [1372/2460]: ('alpha_0p707107__wb0p5', 'EaseSHAP_size_player', 1, 'computed', 271.4602007479407)
21:36:45  runs [1373/2460]: ('alpha_0p707107__wb0p5', 'EaseSHAP_size_player', 5, 'computed', 269.24904929613695)
21:36:46  runs [1374/2460]: ('alpha_0p707107__wb0p5', 'OFA_fixed', 0, 'computed', 16.330324319191277)
21:36:57  runs [1375/2460]: ('alpha_0p707107__wb0p5', 'OFA_fixed', 1, 'computed', 16.211643510963768)
21:36:58  runs [1376/2460]: ('alpha_0p707107__wb0p5', 'EaseSHAP_size_player', 2, 'computed', 287.7044463828206)
21:37:02  runs [1377/2460]: ('alpha_0p707107__wb0p5', 'OFA_fixed', 2, 'computed', 16.343336377758533)
21:37:03  runs [1378/2460]: ('alpha_0p707107__wb0p5', 'OFA_fixed', 3, 'computed', 16.397451841738075)
21:37:05  runs [1379/2460]: ('alpha_0p707107__wb0p5', 'EaseSHAP_size_player', 4, 'computed', 288.60429965518415)
21:37:10  runs [1380/2460]: ('alpha_0p707107__wb0p5', 'EaseSHAP_size_player', 3, 'computed', 299.22943371068686)
21:37:13  runs [1381/2460]: ('alpha_0p707107__wb0p5', 'OFA_fixed', 4, 'computed', 16.432129190303385)
21:37:14  runs [1382/2460]: ('alpha_0p707107__wb0p5', 'OFA_fixed', 5, 'computed', 16.415374896023422)
21:37:15  runs [1383/2460]: ('alpha_0p707107__wb0p5', 'EaseSHAP_size_player', 7, 'computed', 289.5695028239861)
21:37:18  runs [1384/2460]: ('alpha_0p707107__wb0p5', 'EaseSHAP_size_player', 8, 'computed', 291.3739093062468)
21:37:18  runs [1385/2460]: ('alpha_0p707107__wb0p5', 'OFA_fixed', 6, 'computed', 16.296375145204365)
21:37:19  runs [1386/2460]: ('alpha_0p707107__wb0p5', 'OFA_fixed', 7, 'computed', 16.38547941390425)
21:37:21  runs [1387/2460]: ('alpha_0p707107__wb0p5', 'OFA_fixed', 8, 'computed', 16.829448628704995)
21:37:23  runs [1388/2460]: ('alpha_0p707107__wb0p5', 'EaseSHAP_size_player', 6, 'computed', 302.73133430769667)
21:37:25  runs [1389/2460]: ('alpha_0p707107__wb0p5', 'OFA_baseline', 0, 'computed', 11.424374828115106)
21:37:26  runs [1390/2460]: ('alpha_0p707107__wb0p5', 'OFA_baseline', 1, 'computed', 11.434448019135743)
21:37:27  runs [1391/2460]: ('alpha_0p707107__wb0p5', 'OFA_fixed', 9, 'computed', 16.21870556427166)
21:37:27  runs [1392/2460]: ('alpha_0p707107__wb0p5', 'OFA_baseline', 2, 'computed', 11.578535844106227)
21:37:27  runs [1393/2460]: ('alpha_0p707107__wb0p5', 'EaseSHAP_size_player', 9, 'computed', 271.9366069021635)
21:37:29  runs [1394/2460]: ('alpha_0p707107__wb0p5', 'OFA_baseline', 3, 'computed', 11.288744668941945)
21:37:29  runs [1395/2460]: ('alpha_0p707107__wb0p5', 'OFA_baseline', 4, 'computed', 11.38562551094219)
21:37:31  runs [1396/2460]: ('alpha_0p707107__wb0p5', 'OFA_baseline', 5, 'computed', 11.624766064342111)
21:37:33  runs [1397/2460]: ('alpha_0p707107__wb0p5', 'OFA_baseline', 6, 'computed', 11.515002045314759)
21:37:34  runs [1398/2460]: ('alpha_0p707107__wb0p5', 'OFA_baseline', 7, 'computed', 11.4472074508667)
21:37:36  runs [1399/2460]: ('alpha_0p707107__wb0p5', 'OFA_baseline', 8, 'computed', 11.339595506899059)
21:37:37  runs [1400/2460]: ('alpha_0p707107__wb0p5', 'OFA_baseline', 9, 'computed', 11.364367548841983)
21:37:38  runs [1401/2460]: ('alpha_0p707107__wb0p5', 'sampling_lift', 0, 'computed', 11.424307726323605)
21:37:38  runs [1402/2460]: ('alpha_0p707107__wb0p5', 'sampling_lift', 1, 'computed', 11.404081917833537)
21:37:39  runs [1403/2460]: ('alpha_0p707107__wb0p5', 'sampling_lift', 2, 'computed', 11.49087484087795)
21:37:40  runs [1404/2460]: ('alpha_0p707107__wb0p5', 'sampling_lift', 3, 'computed', 11.400701032020152)
21:37:41  runs [1405/2460]: ('alpha_0p707107__wb0p5', 'sampling_lift', 4, 'computed', 11.318782115820795)
21:37:42  runs [1406/2460]: ('alpha_0p707107__wb0p5', 'sampling_lift', 5, 'computed', 11.362287993077189)
21:37:44  runs [1407/2460]: ('alpha_0p707107__wb0p5', 'sampling_lift', 6, 'computed', 11.494667558930814)
21:37:46  runs [1408/2460]: ('alpha_0p707107__wb0p5', 'sampling_lift', 7, 'computed', 11.444925736170262)
21:37:47  runs [1409/2460]: ('alpha_0p707107__wb0p5', 'sampling_lift', 8, 'computed', 11.436848091892898)
21:37:49  runs [1410/2460]: ('alpha_0p707107__wb0p5', 'sampling_lift', 9, 'computed', 11.319654498249292)
21:37:51  runs [1411/2460]: ('alpha_0p707107__wb0p5', 'SHAP_IQ', 0, 'computed', 12.944333332125098)
21:37:52  runs [1412/2460]: ('alpha_0p707107__wb0p5', 'SHAP_IQ', 1, 'computed', 13.083625460974872)
21:37:52  runs [1413/2460]: ('alpha_0p707107__wb0p5', 'SHAP_IQ', 2, 'computed', 13.04699185071513)
21:37:53  runs [1414/2460]: ('alpha_0p707107__wb0p5', 'SHAP_IQ', 3, 'computed', 13.006368797272444)
21:37:54  runs [1415/2460]: ('alpha_0p707107__wb0p5', 'SHAP_IQ', 4, 'computed', 13.00394536415115)
21:37:55  runs [1416/2460]: ('alpha_0p707107__wb0p5', 'SHAP_IQ', 5, 'computed', 12.938660794869065)
21:37:57  runs [1417/2460]: ('alpha_0p707107__wb0p5', 'SHAP_IQ', 6, 'computed', 13.027776037808508)
21:37:59  runs [1418/2460]: ('alpha_0p707107__wb0p5', 'SHAP_IQ', 7, 'computed', 13.008188994135708)
21:38:00  runs [1419/2460]: ('alpha_0p707107__wb0p5', 'SHAP_IQ', 8, 'computed', 12.902298112865537)
21:38:02  runs [1420/2460]: ('alpha_0p707107__wb0p5', 'SHAP_IQ', 9, 'computed', 12.962036557029933)
21:38:04  runs [1421/2460]: ('alpha_0p707107__wb0p5', 'GELS', 0, 'computed', 12.920266807079315)
21:38:04  runs [1422/2460]: ('alpha_0p707107__wb0p5', 'GELS', 1, 'computed', 12.916858417913318)
21:38:05  runs [1423/2460]: ('alpha_0p707107__wb0p5', 'GELS', 2, 'computed', 12.928572237957269)
21:38:06  runs [1424/2460]: ('alpha_0p707107__wb0p5', 'GELS', 3, 'computed', 12.948741206899285)
21:38:07  runs [1425/2460]: ('alpha_0p707107__wb0p5', 'GELS', 4, 'computed', 13.190183700062335)
21:38:08  runs [1426/2460]: ('alpha_0p707107__wb0p5', 'GELS', 5, 'computed', 12.923314926214516)
21:38:10  runs [1427/2460]: ('alpha_0p707107__wb0p5', 'GELS', 6, 'computed', 13.043776520062238)
21:38:12  runs [1428/2460]: ('alpha_0p707107__wb0p5', 'GELS', 7, 'computed', 12.929704628419131)
21:38:13  runs [1429/2460]: ('alpha_0p707107__wb0p5', 'GELS', 8, 'computed', 12.959283622913063)
21:38:15  runs [1430/2460]: ('alpha_0p707107__wb0p5', 'GELS', 9, 'computed', 13.004176226910204)
21:38:16  runs [1431/2460]: ('alpha_0p707107__wb0p5', 'improved_AME', 0, 'computed', 11.714294008444995)
21:38:16  runs [1432/2460]: ('alpha_0p707107__wb0p5', 'improved_AME', 1, 'computed', 11.768248450942338)
21:38:17  runs [1433/2460]: ('alpha_0p707107__wb0p5', 'improved_AME', 2, 'computed', 11.847621009219438)
21:38:18  runs [1434/2460]: ('alpha_0p707107__wb0p5', 'improved_AME', 3, 'computed', 11.747993347235024)
21:38:19  runs [1435/2460]: ('alpha_0p707107__wb0p5', 'improved_AME', 4, 'computed', 11.85780237428844)
21:38:20  runs [1436/2460]: ('alpha_0p707107__wb0p5', 'improved_AME', 5, 'computed', 11.831635524053127)
21:38:22  runs [1437/2460]: ('alpha_0p707107__wb0p5', 'improved_AME', 6, 'computed', 11.739289923105389)
21:38:23  runs [1438/2460]: ('alpha_0p707107__wb0p5', 'improved_AME', 7, 'computed', 11.778828829992563)
21:38:25  runs [1439/2460]: ('alpha_0p707107__wb0p5', 'improved_AME', 8, 'computed', 11.659085161983967)
21:38:26  runs [1440/2460]: ('alpha_0p707107__wb0p5', 'improved_AME', 9, 'computed', 11.809529053978622)
21:38:27  runs [1441/2460]: ('alpha_0p707107__wb0p5', 'WSL', 0, 'computed', 11.413498047739267)
21:38:28  runs [1442/2460]: ('alpha_0p707107__wb0p5', 'WSL', 1, 'computed', 11.292724578175694)
21:38:28  runs [1443/2460]: ('alpha_0p707107__wb0p5', 'WSL', 2, 'computed', 11.358775054104626)
21:38:30  runs [1444/2460]: ('alpha_0p707107__wb0p5', 'WSL', 3, 'computed', 11.456434493884444)
21:38:30  runs [1445/2460]: ('alpha_0p707107__wb0p5', 'WSL', 4, 'computed', 11.531852065119892)
21:38:31  runs [1446/2460]: ('alpha_0p707107__wb0p5', 'WSL', 5, 'computed', 11.344452014192939)
21:38:33  runs [1447/2460]: ('alpha_0p707107__wb0p5', 'WSL', 6, 'computed', 11.267708503175527)
21:38:35  runs [1448/2460]: ('alpha_0p707107__wb0p5', 'WSL', 7, 'computed', 11.410946018993855)
21:38:36  runs [1449/2460]: ('alpha_0p707107__wb0p5', 'WSL', 8, 'computed', 11.410514751914889)
21:38:38  runs [1450/2460]: ('alpha_0p707107__wb0p5', 'WSL', 9, 'computed', 11.332300220616162)
21:38:38  runs [1451/2460]: ('alpha_0p707107__wb0p5', 'weighted_permutation', 0, 'computed', 11.417878828011453)
21:38:39  runs [1452/2460]: ('alpha_0p707107__wb0p5', 'weighted_permutation', 1, 'computed', 11.455399638973176)
21:38:39  runs [1453/2460]: ('alpha_0p707107__wb0p5', 'weighted_permutation', 2, 'computed', 11.43735451484099)
21:38:41  runs [1454/2460]: ('alpha_0p707107__wb0p5', 'weighted_permutation', 3, 'computed', 11.279811437707394)
21:38:42  runs [1455/2460]: ('alpha_0p707107__wb0p5', 'weighted_permutation', 4, 'computed', 11.475883137900382)
21:38:42  runs [1456/2460]: ('alpha_0p707107__wb0p5', 'weighted_permutation', 5, 'computed', 11.513289602007717)
21:38:45  runs [1457/2460]: ('alpha_0p707107__wb0p5', 'weighted_permutation', 6, 'computed', 11.515254362951964)
21:38:46  runs [1458/2460]: ('alpha_0p707107__wb0p5', 'weighted_permutation', 7, 'computed', 11.375751061365008)
21:38:48  runs [1459/2460]: ('alpha_0p707107__wb0p5', 'weighted_permutation', 8, 'computed', 11.373271563090384)
21:38:49  runs [1460/2460]: ('alpha_0p707107__wb0p5', 'weighted_permutation', 9, 'computed', 11.412525221239775)
21:38:54  runs [1461/2460]: ('alpha_0p707107__wb0p5', 'OFA_optimal', 0, 'computed', 16.01184860896319)
21:38:55  runs [1462/2460]: ('alpha_0p707107__wb0p5', 'OFA_optimal', 1, 'computed', 16.012319492176175)
21:38:55  runs [1463/2460]: ('alpha_0p707107__wb0p5', 'OFA_optimal', 2, 'computed', 15.94948856625706)
21:38:57  runs [1464/2460]: ('alpha_0p707107__wb0p5', 'OFA_optimal', 3, 'computed', 15.970937746111304)
21:38:58  runs [1465/2460]: ('alpha_0p707107__wb0p5', 'OFA_optimal', 4, 'computed', 16.00104748690501)
21:38:59  runs [1466/2460]: ('alpha_0p707107__wb0p5', 'OFA_optimal', 5, 'computed', 16.126563458237797)
21:39:01  runs [1467/2460]: ('alpha_0p707107__wb0p5', 'OFA_optimal', 6, 'computed', 16.091158121824265)
21:39:02  runs [1468/2460]: ('alpha_0p707107__wb0p5', 'OFA_optimal', 7, 'computed', 15.910130728036165)
21:39:04  runs [1469/2460]: ('alpha_0p707107__wb0p5', 'OFA_optimal', 8, 'computed', 16.040919760242105)
21:39:05  runs [1470/2460]: ('alpha_0p707107__wb0p5', 'OFA_optimal', 9, 'computed', 16.03076544823125)
21:39:07  runs [1471/2460]: ('alpha_0p707107__wb0p5', 'WGELS_shapley', 0, 'computed', 12.952559773344547)
21:39:08  runs [1472/2460]: ('alpha_0p707107__wb0p5', 'WGELS_shapley', 1, 'computed', 13.074861255008727)
21:39:08  runs [1473/2460]: ('alpha_0p707107__wb0p5', 'WGELS_shapley', 2, 'computed', 13.075160037726164)
21:39:10  runs [1474/2460]: ('alpha_0p707107__wb0p5', 'WGELS_shapley', 3, 'computed', 13.128322700969875)
21:39:11  runs [1475/2460]: ('alpha_0p707107__wb0p5', 'WGELS_shapley', 4, 'computed', 12.919784685596824)
21:39:12  runs [1476/2460]: ('alpha_0p707107__wb0p5', 'WGELS_shapley', 5, 'computed', 12.959555585868657)
21:39:14  runs [1477/2460]: ('alpha_0p707107__wb0p5', 'WGELS_shapley', 6, 'computed', 13.023154310882092)
21:39:15  runs [1478/2460]: ('alpha_0p707107__wb0p5', 'WGELS_shapley', 7, 'computed', 12.951475876849145)
21:39:17  runs [1479/2460]: ('alpha_0p707107__wb0p5', 'WGELS_shapley', 8, 'computed', 12.999065364245325)
21:39:18  runs [1480/2460]: ('alpha_0p707107__wb0p5', 'WGELS_shapley', 9, 'computed', 13.006695450749248)
21:39:19  runs [1481/2460]: ('alpha_0p707107__wb0p5', 'AME', 0, 'computed', 11.660668638069183)
21:39:20  runs [1482/2460]: ('alpha_0p707107__wb0p5', 'AME', 1, 'computed', 11.799245450180024)
21:39:20  runs [1483/2460]: ('alpha_0p707107__wb0p5', 'AME', 2, 'computed', 11.906985216774046)
21:39:22  runs [1484/2460]: ('alpha_0p707107__wb0p5', 'AME', 3, 'computed', 11.746112572960556)
21:39:22  runs [1485/2460]: ('alpha_0p707107__wb0p5', 'AME', 4, 'computed', 11.776985988020897)
21:39:23  runs [1486/2460]: ('alpha_0p707107__wb0p5', 'AME', 5, 'computed', 11.783686925191432)
21:39:26  runs [1487/2460]: ('alpha_0p707107__wb0p5', 'AME', 6, 'computed', 11.818295383825898)
21:39:27  runs [1488/2460]: ('alpha_0p707107__wb0p5', 'AME', 7, 'computed', 11.865306593012065)
21:39:29  runs [1489/2460]: ('alpha_0p707107__wb0p5', 'AME', 8, 'computed', 11.847198282834142)
21:39:30  runs [1490/2460]: ('alpha_0p707107__wb0p5', 'AME', 9, 'computed', 11.97783186705783)
21:41:30  runs [1491/2460]: ('alpha_0p707107__wb0p5', 'RegressionMSR_unbiased', 8, 'computed', 121.60761880455539)
21:41:39  runs [1492/2460]: ('alpha_0p707107__wb0p5', 'RegressionMSR_unbiased', 0, 'computed', 139.90738240676)
21:41:47  runs [1493/2460]: ('alpha_0p707107__wb0p75', 'EaseSHAP_interaction_nonlinear', 0, 'computed', 17.257870884612203)
21:42:04  runs [1494/2460]: ('alpha_0p707107__wb0p75', 'EaseSHAP_interaction_nonlinear', 1, 'computed', 24.906892218161374)
21:42:14  runs [1495/2460]: ('alpha_0p707107__wb0p75', 'EaseSHAP_interaction_nonlinear', 2, 'computed', 26.961644095368683)
21:42:19  runs [1496/2460]: ('alpha_0p707107__wb0p5', 'RegressionMSR_unbiased', 5, 'computed', 175.1879887250252)
21:42:27  runs [1497/2460]: ('alpha_0p707107__wb0p75', 'EaseSHAP_interaction_nonlinear', 3, 'computed', 22.701033937744796)
21:42:34  runs [1498/2460]: ('alpha_0p707107__wb0p75', 'EaseSHAP_interaction_nonlinear', 4, 'computed', 19.160143120214343)
21:42:37  runs [1499/2460]: ('alpha_0p707107__wb0p5', 'RegressionMSR_unbiased', 1, 'computed', 197.3407155899331)
21:42:41  runs [1500/2460]: ('alpha_0p707107__wb0p75', 'EaseSHAP_interaction_nonlinear', 5, 'computed', 22.30975220212713)
21:42:43  runs [1501/2460]: ('alpha_0p707107__wb0p5', 'RegressionMSR_unbiased', 4, 'computed', 200.6483488380909)
21:42:51  runs [1502/2460]: ('alpha_0p707107__wb0p75', 'EaseSHAP_interaction_nonlinear', 6, 'computed', 24.38933790102601)
21:42:52  runs [1503/2460]: ('alpha_0p707107__wb0p75', 'EaseSHAP_interaction_nonlinear', 7, 'computed', 18.939928692299873)
21:42:57  runs [1504/2460]: ('alpha_0p707107__wb0p5', 'RegressionMSR_unbiased', 3, 'computed', 215.67123925918713)
21:42:59  runs [1505/2460]: ('alpha_0p707107__wb0p75', 'EaseSHAP_interaction_nonlinear', 8, 'computed', 21.596725972834975)
21:43:08  runs [1506/2460]: ('alpha_0p707107__wb0p75', 'EaseSHAP_interaction_nonlinear', 9, 'computed', 26.70416682679206)
21:43:14  runs [1507/2460]: ('alpha_0p707107__wb0p5', 'RegressionMSR_unbiased', 2, 'computed', 233.79411961510777)
21:43:17  runs [1508/2460]: ('alpha_0p707107__wb0p5', 'RegressionMSR_unbiased', 6, 'computed', 231.3330883900635)
21:43:27  runs [1509/2460]: ('alpha_0p707107__wb0p5', 'RegressionMSR_unbiased', 7, 'computed', 240.11987268785015)
21:43:38  runs [1510/2460]: ('alpha_0p707107__wb0p5', 'RegressionMSR_unbiased', 9, 'computed', 247.7891961201094)
21:47:30  runs [1511/2460]: ('alpha_0p707107__wb0p75', 'EaseSHAP_size_player', 2, 'computed', 277.727379410062)
21:47:38  runs [1512/2460]: ('alpha_0p707107__wb0p75', 'EaseSHAP_size_player', 7, 'computed', 260.68897416070104)
21:47:44  runs [1513/2460]: ('alpha_0p707107__wb0p75', 'EaseSHAP_size_player', 5, 'computed', 276.47567337797955)
21:47:44  runs [1514/2460]: ('alpha_0p707107__wb0p75', 'EaseSHAP_size_player', 1, 'computed', 293.4503054120578)
21:47:46  runs [1515/2460]: ('alpha_0p707107__wb0p75', 'OFA_fixed', 0, 'computed', 16.231975903268903)
21:47:54  runs [1516/2460]: ('alpha_0p707107__wb0p75', 'OFA_fixed', 1, 'computed', 16.33405166771263)
21:47:58  runs [1517/2460]: ('alpha_0p707107__wb0p75', 'EaseSHAP_size_player', 4, 'computed', 299.4196947119199)
21:48:00  runs [1518/2460]: ('alpha_0p707107__wb0p75', 'EaseSHAP_size_player', 6, 'computed', 285.8281146180816)
21:48:00  runs [1519/2460]: ('alpha_0p707107__wb0p75', 'OFA_fixed', 2, 'computed', 16.307669695001096)
21:48:01  runs [1520/2460]: ('alpha_0p707107__wb0p75', 'OFA_fixed', 3, 'computed', 16.619158803950995)
21:48:03  runs [1521/2460]: ('alpha_0p707107__wb0p75', 'OFA_fixed', 4, 'computed', 16.374446258414537)
21:48:03  runs [1522/2460]: ('alpha_0p707107__wb0p75', 'EaseSHAP_size_player', 3, 'computed', 305.5724478950724)
21:48:03  runs [1523/2460]: ('alpha_0p707107__wb0p75', 'EaseSHAP_size_player', 0, 'computed', 320.29200373310596)
21:48:09  runs [1524/2460]: ('alpha_0p707107__wb0p75', 'EaseSHAP_size_player', 9, 'computed', 271.3419274077751)
21:48:11  runs [1525/2460]: ('alpha_0p707107__wb0p75', 'OFA_fixed', 5, 'computed', 16.375288479961455)
21:48:13  runs [1526/2460]: ('alpha_0p707107__wb0p75', 'EaseSHAP_size_player', 8, 'computed', 285.991182371974)
21:48:14  runs [1527/2460]: ('alpha_0p707107__wb0p75', 'OFA_baseline', 0, 'computed', 11.58419291395694)
21:48:15  runs [1528/2460]: ('alpha_0p707107__wb0p75', 'OFA_baseline', 1, 'computed', 11.616240667644888)
21:48:15  runs [1529/2460]: ('alpha_0p707107__wb0p75', 'OFA_fixed', 6, 'computed', 16.33610060205683)
21:48:15  runs [1530/2460]: ('alpha_0p707107__wb0p75', 'OFA_baseline', 2, 'computed', 11.474875801242888)
21:48:17  runs [1531/2460]: ('alpha_0p707107__wb0p75', 'OFA_fixed', 7, 'computed', 16.47691043606028)
21:48:17  runs [1532/2460]: ('alpha_0p707107__wb0p75', 'OFA_fixed', 8, 'computed', 16.339934043120593)
21:48:17  runs [1533/2460]: ('alpha_0p707107__wb0p75', 'OFA_fixed', 9, 'computed', 16.115444203838706)
21:48:21  runs [1534/2460]: ('alpha_0p707107__wb0p75', 'OFA_baseline', 3, 'computed', 11.597588848788291)
21:48:22  runs [1535/2460]: ('alpha_0p707107__wb0p75', 'OFA_baseline', 4, 'computed', 11.334035192616284)
21:48:25  runs [1536/2460]: ('alpha_0p707107__wb0p75', 'OFA_baseline', 5, 'computed', 11.599992085248232)
21:48:26  runs [1537/2460]: ('alpha_0p707107__wb0p75', 'OFA_baseline', 6, 'computed', 11.394442229066044)
21:48:26  runs [1538/2460]: ('alpha_0p707107__wb0p75', 'OFA_baseline', 8, 'computed', 11.392245999071747)
21:48:26  runs [1539/2460]: ('alpha_0p707107__wb0p75', 'OFA_baseline', 7, 'computed', 11.477892388124019)
21:48:26  runs [1540/2460]: ('alpha_0p707107__wb0p75', 'OFA_baseline', 9, 'computed', 11.295586043037474)
21:48:28  runs [1541/2460]: ('alpha_0p707107__wb0p75', 'sampling_lift', 1, 'computed', 11.26571489777416)
21:48:28  runs [1542/2460]: ('alpha_0p707107__wb0p75', 'sampling_lift', 0, 'computed', 11.585814660880715)
21:48:28  runs [1543/2460]: ('alpha_0p707107__wb0p75', 'sampling_lift', 2, 'computed', 11.19981236429885)
21:48:32  runs [1544/2460]: ('alpha_0p707107__wb0p75', 'sampling_lift', 3, 'computed', 11.414727508090436)
21:48:33  runs [1545/2460]: ('alpha_0p707107__wb0p75', 'sampling_lift', 4, 'computed', 11.313953053206205)
21:48:36  runs [1546/2460]: ('alpha_0p707107__wb0p75', 'sampling_lift', 5, 'computed', 11.435652259737253)
21:48:37  runs [1547/2460]: ('alpha_0p707107__wb0p75', 'sampling_lift', 6, 'computed', 11.292306147981435)
21:48:37  runs [1548/2460]: ('alpha_0p707107__wb0p75', 'sampling_lift', 8, 'computed', 11.314675597008318)
21:48:37  runs [1549/2460]: ('alpha_0p707107__wb0p75', 'sampling_lift', 9, 'computed', 11.30085030477494)
21:48:37  runs [1550/2460]: ('alpha_0p707107__wb0p75', 'sampling_lift', 7, 'computed', 11.465121857821941)
21:48:41  runs [1551/2460]: ('alpha_0p707107__wb0p75', 'SHAP_IQ', 0, 'computed', 12.91130522172898)
21:48:41  runs [1552/2460]: ('alpha_0p707107__wb0p75', 'SHAP_IQ', 2, 'computed', 12.89451980870217)
21:48:41  runs [1553/2460]: ('alpha_0p707107__wb0p75', 'SHAP_IQ', 1, 'computed', 13.126681277994066)
21:48:45  runs [1554/2460]: ('alpha_0p707107__wb0p75', 'SHAP_IQ', 3, 'computed', 12.976675900164992)
21:48:46  runs [1555/2460]: ('alpha_0p707107__wb0p75', 'SHAP_IQ', 4, 'computed', 13.011720329057425)
21:48:49  runs [1556/2460]: ('alpha_0p707107__wb0p75', 'SHAP_IQ', 5, 'computed', 13.112701650243253)
21:48:50  runs [1557/2460]: ('alpha_0p707107__wb0p75', 'SHAP_IQ', 6, 'computed', 13.0619410071522)
21:48:50  runs [1558/2460]: ('alpha_0p707107__wb0p75', 'SHAP_IQ', 7, 'computed', 12.92075953213498)
21:48:50  runs [1559/2460]: ('alpha_0p707107__wb0p75', 'SHAP_IQ', 9, 'computed', 12.94857601635158)
21:48:50  runs [1560/2460]: ('alpha_0p707107__wb0p75', 'SHAP_IQ', 8, 'computed', 12.953789221122861)
21:48:54  runs [1561/2460]: ('alpha_0p707107__wb0p75', 'GELS', 0, 'computed', 12.933731449767947)
21:48:54  runs [1562/2460]: ('alpha_0p707107__wb0p75', 'GELS', 1, 'computed', 12.920065623242408)
21:48:54  runs [1563/2460]: ('alpha_0p707107__wb0p75', 'GELS', 2, 'computed', 13.122270438820124)
21:48:58  runs [1564/2460]: ('alpha_0p707107__wb0p75', 'GELS', 3, 'computed', 12.956405241973698)
21:48:59  runs [1565/2460]: ('alpha_0p707107__wb0p75', 'GELS', 4, 'computed', 13.036055412143469)
21:49:02  runs [1566/2460]: ('alpha_0p707107__wb0p75', 'GELS', 5, 'computed', 13.046375670935959)
21:49:03  runs [1567/2460]: ('alpha_0p707107__wb0p75', 'GELS', 7, 'computed', 12.92730976967141)
21:49:03  runs [1568/2460]: ('alpha_0p707107__wb0p75', 'GELS', 6, 'computed', 13.05080466484651)
21:49:03  runs [1569/2460]: ('alpha_0p707107__wb0p75', 'GELS', 9, 'computed', 12.921764698345214)
21:49:03  runs [1570/2460]: ('alpha_0p707107__wb0p75', 'GELS', 8, 'computed', 13.022389004938304)
21:49:06  runs [1571/2460]: ('alpha_0p707107__wb0p75', 'improved_AME', 0, 'computed', 11.751534496899694)
21:49:06  runs [1572/2460]: ('alpha_0p707107__wb0p75', 'improved_AME', 1, 'computed', 11.597904775757343)
21:49:06  runs [1573/2460]: ('alpha_0p707107__wb0p75', 'improved_AME', 2, 'computed', 11.883733666036278)
21:49:10  runs [1574/2460]: ('alpha_0p707107__wb0p75', 'improved_AME', 3, 'computed', 11.789917388930917)
21:49:11  runs [1575/2460]: ('alpha_0p707107__wb0p75', 'improved_AME', 4, 'computed', 11.784843881148845)
21:49:14  runs [1576/2460]: ('alpha_0p707107__wb0p75', 'improved_AME', 5, 'computed', 11.832660043146461)
21:49:15  runs [1577/2460]: ('alpha_0p707107__wb0p75', 'improved_AME', 6, 'computed', 11.70836587715894)
21:49:15  runs [1578/2460]: ('alpha_0p707107__wb0p75', 'improved_AME', 7, 'computed', 11.676486690994352)
21:49:15  runs [1579/2460]: ('alpha_0p707107__wb0p75', 'improved_AME', 8, 'computed', 11.67451777914539)
21:49:15  runs [1580/2460]: ('alpha_0p707107__wb0p75', 'improved_AME', 9, 'computed', 11.796777338720858)
21:49:17  runs [1581/2460]: ('alpha_0p707107__wb0p75', 'WSL', 0, 'computed', 11.355359226930887)
21:49:17  runs [1582/2460]: ('alpha_0p707107__wb0p75', 'WSL', 1, 'computed', 11.252104602288455)
21:49:18  runs [1583/2460]: ('alpha_0p707107__wb0p75', 'WSL', 2, 'computed', 11.56972141098231)
21:49:22  runs [1584/2460]: ('alpha_0p707107__wb0p75', 'WSL', 3, 'computed', 11.414610392414033)
21:49:22  runs [1585/2460]: ('alpha_0p707107__wb0p75', 'WSL', 4, 'computed', 11.317419515922666)
21:49:26  runs [1586/2460]: ('alpha_0p707107__wb0p75', 'WSL', 5, 'computed', 11.465718891937286)
21:49:26  runs [1587/2460]: ('alpha_0p707107__wb0p75', 'WSL', 6, 'computed', 11.38027450395748)
21:49:26  runs [1588/2460]: ('alpha_0p707107__wb0p75', 'WSL', 7, 'computed', 11.361551119945943)
21:49:26  runs [1589/2460]: ('alpha_0p707107__wb0p75', 'WSL', 8, 'computed', 11.32870626822114)
21:49:27  runs [1590/2460]: ('alpha_0p707107__wb0p75', 'WSL', 9, 'computed', 11.474410017952323)
21:49:28  runs [1591/2460]: ('alpha_0p707107__wb0p75', 'weighted_permutation', 0, 'computed', 11.387030621990561)
21:49:28  runs [1592/2460]: ('alpha_0p707107__wb0p75', 'weighted_permutation', 1, 'computed', 11.457176832016557)
21:49:29  runs [1593/2460]: ('alpha_0p707107__wb0p75', 'weighted_permutation', 2, 'computed', 11.45125977974385)
21:49:33  runs [1594/2460]: ('alpha_0p707107__wb0p75', 'weighted_permutation', 3, 'computed', 11.467521131038666)
21:49:34  runs [1595/2460]: ('alpha_0p707107__wb0p75', 'weighted_permutation', 4, 'computed', 11.393660794943571)
21:49:37  runs [1596/2460]: ('alpha_0p707107__wb0p75', 'weighted_permutation', 5, 'computed', 11.397126373834908)
21:49:38  runs [1597/2460]: ('alpha_0p707107__wb0p75', 'weighted_permutation', 8, 'computed', 11.317387686111033)
21:49:38  runs [1598/2460]: ('alpha_0p707107__wb0p75', 'weighted_permutation', 6, 'computed', 11.429761359002441)
21:49:38  runs [1599/2460]: ('alpha_0p707107__wb0p75', 'weighted_permutation', 7, 'computed', 11.444863809272647)
21:49:38  runs [1600/2460]: ('alpha_0p707107__wb0p75', 'weighted_permutation', 9, 'computed', 11.398878970183432)
21:49:44  runs [1601/2460]: ('alpha_0p707107__wb0p75', 'OFA_optimal', 0, 'computed', 15.972930934280157)
21:49:44  runs [1602/2460]: ('alpha_0p707107__wb0p75', 'OFA_optimal', 1, 'computed', 16.03126531885937)
21:49:45  runs [1603/2460]: ('alpha_0p707107__wb0p75', 'OFA_optimal', 2, 'computed', 16.201797279994935)
21:49:49  runs [1604/2460]: ('alpha_0p707107__wb0p75', 'OFA_optimal', 3, 'computed', 16.04158285399899)
21:49:50  runs [1605/2460]: ('alpha_0p707107__wb0p75', 'OFA_optimal', 4, 'computed', 16.010350155178457)
21:49:53  runs [1606/2460]: ('alpha_0p707107__wb0p75', 'OFA_optimal', 5, 'computed', 15.939443406183273)
21:49:54  runs [1607/2460]: ('alpha_0p707107__wb0p75', 'OFA_optimal', 7, 'computed', 15.845367704052478)
21:49:54  runs [1608/2460]: ('alpha_0p707107__wb0p75', 'OFA_optimal', 6, 'computed', 15.953192142769694)
21:49:54  runs [1609/2460]: ('alpha_0p707107__wb0p75', 'OFA_optimal', 8, 'computed', 15.98033448588103)
21:49:54  runs [1610/2460]: ('alpha_0p707107__wb0p75', 'OFA_optimal', 9, 'computed', 16.0730367959477)
21:49:57  runs [1611/2460]: ('alpha_0p707107__wb0p75', 'WGELS_shapley', 0, 'computed', 12.955269881989807)
21:49:57  runs [1612/2460]: ('alpha_0p707107__wb0p75', 'WGELS_shapley', 1, 'computed', 12.933192370925099)
21:49:59  runs [1613/2460]: ('alpha_0p707107__wb0p75', 'WGELS_shapley', 2, 'computed', 13.077448738273233)
21:50:02  runs [1614/2460]: ('alpha_0p707107__wb0p75', 'WGELS_shapley', 3, 'computed', 13.050168711226434)
21:50:03  runs [1615/2460]: ('alpha_0p707107__wb0p75', 'WGELS_shapley', 4, 'computed', 12.986286548431963)
21:50:06  runs [1616/2460]: ('alpha_0p707107__wb0p75', 'WGELS_shapley', 5, 'computed', 13.088454060722142)
21:50:07  runs [1617/2460]: ('alpha_0p707107__wb0p75', 'WGELS_shapley', 6, 'computed', 12.969432884361595)
21:50:07  runs [1618/2460]: ('alpha_0p707107__wb0p75', 'WGELS_shapley', 7, 'computed', 12.97344136191532)
21:50:07  runs [1619/2460]: ('alpha_0p707107__wb0p75', 'WGELS_shapley', 8, 'computed', 13.071289388928562)
21:50:07  runs [1620/2460]: ('alpha_0p707107__wb0p75', 'WGELS_shapley', 9, 'computed', 12.94719870109111)
21:50:09  runs [1621/2460]: ('alpha_0p707107__wb0p75', 'AME', 0, 'computed', 11.719578392803669)
21:50:09  runs [1622/2460]: ('alpha_0p707107__wb0p75', 'AME', 1, 'computed', 11.656056268606335)
21:50:10  runs [1623/2460]: ('alpha_0p707107__wb0p75', 'AME', 2, 'computed', 11.908586205914617)
21:50:14  runs [1624/2460]: ('alpha_0p707107__wb0p75', 'AME', 3, 'computed', 12.076498629059643)
21:50:15  runs [1625/2460]: ('alpha_0p707107__wb0p75', 'AME', 4, 'computed', 11.910517795942724)
21:50:18  runs [1626/2460]: ('alpha_0p707107__wb0p75', 'AME', 5, 'computed', 11.771834503859282)
21:50:18  runs [1627/2460]: ('alpha_0p707107__wb0p75', 'AME', 6, 'computed', 11.721568525303155)
21:50:18  runs [1628/2460]: ('alpha_0p707107__wb0p75', 'AME', 7, 'computed', 11.805916131008416)
21:50:19  runs [1629/2460]: ('alpha_0p707107__wb0p75', 'AME', 8, 'computed', 11.765122015960515)
21:50:19  runs [1630/2460]: ('alpha_0p707107__wb0p75', 'AME', 9, 'computed', 11.737154631875455)
21:52:41  runs [1631/2460]: ('alpha_0p707107__wb0p75', 'RegressionMSR_unbiased', 2, 'computed', 150.26647758018225)
21:53:05  runs [1632/2460]: ('alpha_0p866025__shapley', 'EaseSHAP_interaction_nonlinear', 0, 'computed', 23.890851659700274)
21:53:15  runs [1633/2460]: ('alpha_0p707107__wb0p75', 'RegressionMSR_unbiased', 6, 'computed', 176.58091806899756)
21:53:26  runs [1634/2460]: ('alpha_0p707107__wb0p75', 'RegressionMSR_unbiased', 4, 'computed', 191.20357089303434)
21:53:30  runs [1635/2460]: ('alpha_0p866025__shapley', 'EaseSHAP_interaction_nonlinear', 1, 'computed', 25.59729162696749)
21:53:38  runs [1636/2460]: ('alpha_0p866025__shapley', 'EaseSHAP_interaction_nonlinear', 2, 'computed', 22.95904321130365)
21:53:48  runs [1637/2460]: ('alpha_0p866025__shapley', 'EaseSHAP_interaction_nonlinear', 3, 'computed', 21.640895609743893)
21:53:50  runs [1638/2460]: ('alpha_0p866025__shapley', 'EaseSHAP_interaction_nonlinear', 4, 'computed', 19.9465963980183)
21:53:51  runs [1639/2460]: ('alpha_0p707107__wb0p75', 'RegressionMSR_unbiased', 5, 'computed', 212.90019490011036)
21:54:01  runs [1640/2460]: ('alpha_0p866025__shapley', 'EaseSHAP_interaction_nonlinear', 5, 'computed', 22.96815166482702)
21:54:04  runs [1641/2460]: ('alpha_0p707107__wb0p75', 'RegressionMSR_unbiased', 9, 'computed', 224.71414967393503)
21:54:09  runs [1642/2460]: ('alpha_0p707107__wb0p75', 'RegressionMSR_unbiased', 0, 'computed', 240.21827351814136)
21:54:09  runs [1643/2460]: ('alpha_0p707107__wb0p75', 'RegressionMSR_unbiased', 8, 'computed', 230.64877605019137)
21:54:09  runs [1644/2460]: ('alpha_0p866025__shapley', 'EaseSHAP_interaction_nonlinear', 6, 'computed', 21.72157905017957)
21:54:15  runs [1645/2460]: ('alpha_0p866025__shapley', 'EaseSHAP_interaction_nonlinear', 7, 'computed', 25.002597134094685)
21:54:17  runs [1646/2460]: ('alpha_0p866025__shapley', 'EaseSHAP_interaction_nonlinear', 8, 'computed', 25.948199961800128)
21:54:17  runs [1647/2460]: ('alpha_0p707107__wb0p75', 'RegressionMSR_unbiased', 3, 'computed', 242.5835353587754)
21:54:19  runs [1648/2460]: ('alpha_0p866025__shapley', 'EaseSHAP_interaction_nonlinear', 9, 'computed', 18.029872092884034)
21:54:33  runs [1649/2460]: ('alpha_0p707107__wb0p75', 'RegressionMSR_unbiased', 1, 'computed', 264.33847640501335)
21:54:36  runs [1650/2460]: ('alpha_0p707107__wb0p75', 'RegressionMSR_unbiased', 7, 'computed', 257.9317776709795)
21:58:18  runs [1651/2460]: ('alpha_0p866025__shapley', 'EaseSHAP_size_player', 2, 'computed', 248.9564881552942)
21:58:35  runs [1652/2460]: ('alpha_0p866025__shapley', 'OFA_fixed', 0, 'computed', 16.494980901945382)
21:58:36  runs [1653/2460]: ('alpha_0p866025__shapley', 'EaseSHAP_size_player', 1, 'computed', 267.10335802007467)
21:58:48  runs [1654/2460]: ('alpha_0p866025__shapley', 'EaseSHAP_size_player', 7, 'computed', 269.31906211096793)
21:58:51  runs [1655/2460]: ('alpha_0p866025__shapley', 'OFA_fixed', 1, 'computed', 16.254191249143332)
21:58:52  runs [1656/2460]: ('alpha_0p866025__shapley', 'OFA_fixed', 2, 'computed', 16.038381348829716)
21:58:54  runs [1657/2460]: ('alpha_0p866025__shapley', 'EaseSHAP_size_player', 6, 'computed', 277.31646010512486)
21:59:03  runs [1658/2460]: ('alpha_0p866025__shapley', 'EaseSHAP_size_player', 3, 'computed', 293.55029871687293)
21:59:05  runs [1659/2460]: ('alpha_0p866025__shapley', 'OFA_fixed', 3, 'computed', 16.33464967785403)
21:59:07  runs [1660/2460]: ('alpha_0p866025__shapley', 'OFA_fixed', 4, 'computed', 16.32790660718456)
21:59:08  runs [1661/2460]: ('alpha_0p866025__shapley', 'OFA_fixed', 5, 'computed', 16.10354637587443)
21:59:13  runs [1662/2460]: ('alpha_0p866025__shapley', 'EaseSHAP_size_player', 0, 'computed', 309.3119637221098)
21:59:13  runs [1663/2460]: ('alpha_0p866025__shapley', 'OFA_fixed', 6, 'computed', 19.15360751375556)
21:59:13  runs [1664/2460]: ('alpha_0p866025__shapley', 'EaseSHAP_size_player', 4, 'computed', 298.1959742801264)
21:59:14  runs [1665/2460]: ('alpha_0p866025__shapley', 'EaseSHAP_size_player', 5, 'computed', 297.7043415810913)
21:59:19  runs [1666/2460]: ('alpha_0p866025__shapley', 'OFA_fixed', 7, 'computed', 16.19210804020986)
21:59:20  runs [1667/2460]: ('alpha_0p866025__shapley', 'OFA_baseline', 0, 'computed', 11.334970513824373)
21:59:21  runs [1668/2460]: ('alpha_0p866025__shapley', 'EaseSHAP_size_player', 9, 'computed', 284.35892649181187)
21:59:21  runs [1669/2460]: ('alpha_0p866025__shapley', 'OFA_fixed', 8, 'computed', 16.201112737879157)
21:59:24  runs [1670/2460]: ('alpha_0p866025__shapley', 'OFA_fixed', 9, 'computed', 16.29277596110478)
21:59:24  runs [1671/2460]: ('alpha_0p866025__shapley', 'OFA_baseline', 1, 'computed', 11.485817447770387)
21:59:25  runs [1672/2460]: ('alpha_0p866025__shapley', 'OFA_baseline', 3, 'computed', 11.501750215888023)
21:59:25  runs [1673/2460]: ('alpha_0p866025__shapley', 'OFA_baseline', 2, 'computed', 12.245746460743248)
21:59:26  runs [1674/2460]: ('alpha_0p866025__shapley', 'OFA_baseline', 4, 'computed', 11.690927787218243)
21:59:30  runs [1675/2460]: ('alpha_0p866025__shapley', 'EaseSHAP_size_player', 8, 'computed', 296.10973212635145)
21:59:30  runs [1676/2460]: ('alpha_0p866025__shapley', 'OFA_baseline', 5, 'computed', 11.368315252941102)
21:59:31  runs [1677/2460]: ('alpha_0p866025__shapley', 'OFA_baseline', 6, 'computed', 11.301351150032133)
21:59:32  runs [1678/2460]: ('alpha_0p866025__shapley', 'OFA_baseline', 7, 'computed', 11.357008797116578)
21:59:32  runs [1679/2460]: ('alpha_0p866025__shapley', 'OFA_baseline', 8, 'computed', 11.388058039359748)
21:59:35  runs [1680/2460]: ('alpha_0p866025__shapley', 'OFA_baseline', 9, 'computed', 11.369280151091516)
21:59:36  runs [1681/2460]: ('alpha_0p866025__shapley', 'sampling_lift', 0, 'computed', 11.407046519219875)
21:59:36  runs [1682/2460]: ('alpha_0p866025__shapley', 'sampling_lift', 1, 'computed', 11.496679422911257)
21:59:37  runs [1683/2460]: ('alpha_0p866025__shapley', 'sampling_lift', 2, 'computed', 11.466074442025274)
21:59:37  runs [1684/2460]: ('alpha_0p866025__shapley', 'sampling_lift', 3, 'computed', 11.37986884266138)
21:59:41  runs [1685/2460]: ('alpha_0p866025__shapley', 'sampling_lift', 4, 'computed', 11.358224113937467)
21:59:42  runs [1686/2460]: ('alpha_0p866025__shapley', 'sampling_lift', 5, 'computed', 11.280083013232797)
21:59:42  runs [1687/2460]: ('alpha_0p866025__shapley', 'sampling_lift', 6, 'computed', 11.340247471816838)
21:59:43  runs [1688/2460]: ('alpha_0p866025__shapley', 'sampling_lift', 7, 'computed', 11.27435442013666)
21:59:44  runs [1689/2460]: ('alpha_0p866025__shapley', 'sampling_lift', 8, 'computed', 11.451565401162952)
21:59:46  runs [1690/2460]: ('alpha_0p866025__shapley', 'sampling_lift', 9, 'computed', 11.367748036980629)
21:59:49  runs [1691/2460]: ('alpha_0p866025__shapley', 'SHAP_IQ', 0, 'computed', 12.941644217818975)
21:59:49  runs [1692/2460]: ('alpha_0p866025__shapley', 'SHAP_IQ', 1, 'computed', 13.077954668086022)
21:59:50  runs [1693/2460]: ('alpha_0p866025__shapley', 'SHAP_IQ', 2, 'computed', 12.912100079935044)
21:59:50  runs [1694/2460]: ('alpha_0p866025__shapley', 'SHAP_IQ', 3, 'computed', 12.970511450897902)
21:59:54  runs [1695/2460]: ('alpha_0p866025__shapley', 'SHAP_IQ', 4, 'computed', 12.981206356082112)
21:59:55  runs [1696/2460]: ('alpha_0p866025__shapley', 'SHAP_IQ', 5, 'computed', 12.927355530206114)
21:59:55  runs [1697/2460]: ('alpha_0p866025__shapley', 'SHAP_IQ', 6, 'computed', 12.933915233705193)
21:59:56  runs [1698/2460]: ('alpha_0p866025__shapley', 'SHAP_IQ', 7, 'computed', 12.926609992049634)
21:59:56  runs [1699/2460]: ('alpha_0p866025__shapley', 'SHAP_IQ', 8, 'computed', 12.931754855904728)
21:59:59  runs [1700/2460]: ('alpha_0p866025__shapley', 'SHAP_IQ', 9, 'computed', 13.112357754725963)
22:00:02  runs [1701/2460]: ('alpha_0p866025__shapley', 'GELS', 0, 'computed', 12.91864404361695)
22:00:03  runs [1702/2460]: ('alpha_0p866025__shapley', 'GELS', 1, 'computed', 13.059173414949328)
22:00:03  runs [1703/2460]: ('alpha_0p866025__shapley', 'GELS', 2, 'computed', 12.922441668342799)
22:00:03  runs [1704/2460]: ('alpha_0p866025__shapley', 'GELS', 3, 'computed', 12.894860107917339)
22:00:07  runs [1705/2460]: ('alpha_0p866025__shapley', 'GELS', 4, 'computed', 12.957695378456265)
22:00:08  runs [1706/2460]: ('alpha_0p866025__shapley', 'GELS', 5, 'computed', 12.905332644004375)
22:00:08  runs [1707/2460]: ('alpha_0p866025__shapley', 'GELS', 6, 'computed', 12.877212901134044)
22:00:09  runs [1708/2460]: ('alpha_0p866025__shapley', 'GELS', 7, 'computed', 12.972391195129603)
22:00:10  runs [1709/2460]: ('alpha_0p866025__shapley', 'GELS', 8, 'computed', 12.955322759691626)
22:00:12  runs [1710/2460]: ('alpha_0p866025__shapley', 'GELS', 9, 'computed', 13.01937675382942)
22:00:13  runs [1711/2460]: ('alpha_0p866025__shapley', 'improved_AME', 0, 'computed', 11.7036936217919)
22:00:14  runs [1712/2460]: ('alpha_0p866025__shapley', 'improved_AME', 1, 'computed', 11.880620751995593)
22:00:15  runs [1713/2460]: ('alpha_0p866025__shapley', 'improved_AME', 2, 'computed', 11.879157264716923)
22:00:15  runs [1714/2460]: ('alpha_0p866025__shapley', 'improved_AME', 3, 'computed', 11.722426813095808)
22:00:19  runs [1715/2460]: ('alpha_0p866025__shapley', 'improved_AME', 4, 'computed', 11.765168771147728)
22:00:19  runs [1716/2460]: ('alpha_0p866025__shapley', 'improved_AME', 5, 'computed', 11.728812514338642)
22:00:20  runs [1717/2460]: ('alpha_0p866025__shapley', 'improved_AME', 6, 'computed', 11.816947410814464)
22:00:21  runs [1718/2460]: ('alpha_0p866025__shapley', 'improved_AME', 7, 'computed', 11.877861137036234)
22:00:21  runs [1719/2460]: ('alpha_0p866025__shapley', 'improved_AME', 8, 'computed', 11.690735490061343)
22:00:24  runs [1720/2460]: ('alpha_0p866025__shapley', 'improved_AME', 9, 'computed', 11.760931947268546)
22:00:26  runs [1721/2460]: ('alpha_0p866025__shapley', 'kernelSHAP', 0, 'computed', 12.957950360141695)
22:00:28  runs [1722/2460]: ('alpha_0p866025__shapley', 'kernelSHAP', 1, 'computed', 13.110526748932898)
22:00:28  runs [1723/2460]: ('alpha_0p866025__shapley', 'kernelSHAP', 2, 'computed', 12.989088731817901)
22:00:28  runs [1724/2460]: ('alpha_0p866025__shapley', 'kernelSHAP', 3, 'computed', 12.883408138062805)
22:00:32  runs [1725/2460]: ('alpha_0p866025__shapley', 'kernelSHAP', 4, 'computed', 12.997693744953722)
22:00:32  runs [1726/2460]: ('alpha_0p866025__shapley', 'kernelSHAP', 5, 'computed', 12.970532028004527)
22:00:33  runs [1727/2460]: ('alpha_0p866025__shapley', 'kernelSHAP', 6, 'computed', 12.919006153941154)
22:00:34  runs [1728/2460]: ('alpha_0p866025__shapley', 'kernelSHAP', 7, 'computed', 12.981299633625895)
22:00:34  runs [1729/2460]: ('alpha_0p866025__shapley', 'kernelSHAP', 8, 'computed', 12.923152445815504)
22:00:37  runs [1730/2460]: ('alpha_0p866025__shapley', 'kernelSHAP', 9, 'computed', 13.091902506072074)
22:00:38  runs [1731/2460]: ('alpha_0p866025__shapley', 'permutation', 0, 'computed', 11.377812736202031)
22:00:39  runs [1732/2460]: ('alpha_0p866025__shapley', 'permutation', 1, 'computed', 11.422241105232388)
22:00:39  runs [1733/2460]: ('alpha_0p866025__shapley', 'permutation', 2, 'computed', 11.538915849290788)
22:00:39  runs [1734/2460]: ('alpha_0p866025__shapley', 'permutation', 3, 'computed', 11.398465966340154)
22:00:43  runs [1735/2460]: ('alpha_0p866025__shapley', 'permutation', 4, 'computed', 11.432249195873737)
22:00:44  runs [1736/2460]: ('alpha_0p866025__shapley', 'permutation', 5, 'computed', 11.328814313281327)
22:00:44  runs [1737/2460]: ('alpha_0p866025__shapley', 'permutation', 6, 'computed', 11.360839285422117)
22:00:45  runs [1738/2460]: ('alpha_0p866025__shapley', 'permutation', 8, 'computed', 11.343791390303522)
22:00:46  runs [1739/2460]: ('alpha_0p866025__shapley', 'permutation', 7, 'computed', 11.519587386865169)
22:00:49  runs [1740/2460]: ('alpha_0p866025__shapley', 'permutation', 9, 'computed', 11.39149280032143)
22:00:50  runs [1741/2460]: ('alpha_0p866025__shapley', 'complement', 0, 'computed', 12.624439179897308)
22:00:51  runs [1742/2460]: ('alpha_0p866025__shapley', 'complement', 1, 'computed', 12.543708054348826)
22:00:52  runs [1743/2460]: ('alpha_0p866025__shapley', 'complement', 2, 'computed', 12.578413049690425)
22:00:52  runs [1744/2460]: ('alpha_0p866025__shapley', 'complement', 3, 'computed', 12.54385538585484)
22:00:56  runs [1745/2460]: ('alpha_0p866025__shapley', 'complement', 4, 'computed', 12.695075989700854)
22:00:56  runs [1746/2460]: ('alpha_0p866025__shapley', 'complement', 5, 'computed', 12.615343546960503)
22:00:57  runs [1747/2460]: ('alpha_0p866025__shapley', 'complement', 6, 'computed', 12.518577539362013)
22:00:58  runs [1748/2460]: ('alpha_0p866025__shapley', 'complement', 7, 'computed', 12.579567450098693)
22:00:58  runs [1749/2460]: ('alpha_0p866025__shapley', 'complement', 8, 'computed', 12.607565819751471)
22:01:01  runs [1750/2460]: ('alpha_0p866025__shapley', 'complement', 9, 'computed', 12.701687873806804)
22:01:03  runs [1751/2460]: ('alpha_0p866025__shapley', 'group_testing', 0, 'computed', 13.062053300905973)
22:01:05  runs [1752/2460]: ('alpha_0p866025__shapley', 'group_testing', 1, 'computed', 13.134485370013863)
22:01:05  runs [1753/2460]: ('alpha_0p866025__shapley', 'group_testing', 2, 'computed', 13.168976755812764)
22:01:05  runs [1754/2460]: ('alpha_0p866025__shapley', 'group_testing', 3, 'computed', 13.163712402805686)
22:01:09  runs [1755/2460]: ('alpha_0p866025__shapley', 'group_testing', 4, 'computed', 13.086467484943569)
22:01:09  runs [1756/2460]: ('alpha_0p866025__shapley', 'group_testing', 5, 'computed', 13.038738734088838)
22:01:10  runs [1757/2460]: ('alpha_0p866025__shapley', 'group_testing', 6, 'computed', 13.08319293288514)
22:01:11  runs [1758/2460]: ('alpha_0p866025__shapley', 'group_testing', 7, 'computed', 13.095793300308287)
22:01:11  runs [1759/2460]: ('alpha_0p866025__shapley', 'group_testing', 8, 'computed', 13.10029854811728)
22:01:15  runs [1760/2460]: ('alpha_0p866025__shapley', 'group_testing', 9, 'computed', 13.253756197169423)
22:02:25  runs [1761/2460]: ('alpha_0p866025__shapley', 'RegressionMSR_unbiased', 1, 'computed', 80.75106607191265)
22:02:29  runs [1762/2460]: ('alpha_0p866025__shapley', 'RegressionMSR_unbiased', 5, 'computed', 79.75156950671226)
22:02:33  runs [1763/2460]: ('alpha_0p866025__shapley', 'RegressionMSR_unbiased', 8, 'computed', 81.35167460003868)
22:02:34  runs [1764/2460]: ('alpha_0p866025__shapley', 'RegressionMSR_unbiased', 0, 'computed', 90.52852364908904)
22:02:36  runs [1765/2460]: ('alpha_0p866025__shapley', 'RegressionMSR_unbiased', 2, 'computed', 91.11796587519348)
22:02:37  runs [1766/2460]: ('alpha_0p866025__shapley', 'RegressionMSR_unbiased', 3, 'computed', 92.34853222500533)
22:02:42  runs [1767/2460]: ('alpha_0p866025__shapley', 'RegressionMSR_unbiased', 6, 'computed', 91.62065090425313)
22:02:44  runs [1768/2460]: ('alpha_0p866025__shapley', 'RegressionMSR_unbiased', 9, 'computed', 89.51478540804237)
22:02:50  runs [1769/2460]: ('alpha_0p866025__shapley', 'RegressionMSR_unbiased', 4, 'computed', 100.89777219807729)
22:02:57  runs [1770/2460]: ('alpha_0p866025__shapley', 'RegressionMSR_unbiased', 7, 'computed', 105.8636583937332)
22:29:45  runs [1771/2460]: ('alpha_0p866025__shapley', 'PolySHAP_regression', 8, 'computed', 1615.380516574718)
22:30:04  runs [1772/2460]: ('alpha_0p866025__beta1_4', 'EaseSHAP_interaction_nonlinear', 0, 'computed', 18.539652646053582)
22:30:11  runs [1773/2460]: ('alpha_0p866025__shapley', 'PolySHAP_regression', 0, 'computed', 1665.8937048930675)
22:30:19  runs [1774/2460]: ('alpha_0p866025__beta1_4', 'EaseSHAP_interaction_nonlinear', 1, 'computed', 15.497873838059604)
22:30:30  runs [1775/2460]: ('alpha_0p866025__beta1_4', 'EaseSHAP_interaction_nonlinear', 2, 'computed', 18.538319966290146)
22:30:38  runs [1776/2460]: ('alpha_0p866025__beta1_4', 'EaseSHAP_interaction_nonlinear', 3, 'computed', 18.423622547648847)
22:30:56  runs [1777/2460]: ('alpha_0p866025__beta1_4', 'EaseSHAP_interaction_nonlinear', 5, 'computed', 18.69584257993847)
22:30:59  runs [1778/2460]: ('alpha_0p866025__beta1_4', 'EaseSHAP_interaction_nonlinear', 4, 'computed', 28.819043439347297)
22:31:13  runs [1779/2460]: ('alpha_0p866025__beta1_4', 'EaseSHAP_interaction_nonlinear', 6, 'computed', 17.010019300039858)
22:31:23  runs [1780/2460]: ('alpha_0p866025__beta1_4', 'EaseSHAP_interaction_nonlinear', 7, 'computed', 23.95245684683323)
22:31:29  runs [1781/2460]: ('alpha_0p866025__shapley', 'PolySHAP_regression', 6, 'computed', 1727.9352099611424)
22:31:33  runs [1782/2460]: ('alpha_0p866025__beta1_4', 'EaseSHAP_interaction_nonlinear', 8, 'computed', 19.91283777123317)
22:31:35  runs [1783/2460]: ('alpha_0p866025__shapley', 'PolySHAP_regression', 5, 'computed', 1737.8800234673545)
22:31:38  runs [1784/2460]: ('alpha_0p866025__shapley', 'PolySHAP_regression', 3, 'computed', 1744.43302055588)
22:31:46  runs [1785/2460]: ('alpha_0p866025__beta1_4', 'EaseSHAP_interaction_nonlinear', 9, 'computed', 23.139942615758628)
22:32:28  runs [1786/2460]: ('alpha_0p866025__shapley', 'PolySHAP_regression', 1, 'computed', 1798.846275143791)
22:32:40  runs [1787/2460]: ('alpha_0p866025__shapley', 'PolySHAP_regression', 7, 'computed', 1796.05297683971)
22:32:41  runs [1788/2460]: ('alpha_0p866025__shapley', 'PolySHAP_regression', 4, 'computed', 1804.9398000822403)
22:33:26  runs [1789/2460]: ('alpha_0p866025__shapley', 'PolySHAP_regression', 9, 'computed', 1828.988473153673)
22:34:02  runs [1790/2460]: ('alpha_0p866025__shapley', 'PolySHAP_regression', 2, 'computed', 1889.6256132652052)
22:35:30  runs [1791/2460]: ('alpha_0p866025__beta1_4', 'EaseSHAP_size_player', 0, 'computed', 240.29313599970192)
22:35:47  runs [1792/2460]: ('alpha_0p866025__beta1_4', 'OFA_fixed', 0, 'computed', 16.92749352566898)
22:36:03  runs [1793/2460]: ('alpha_0p866025__beta1_4', 'OFA_fixed', 1, 'computed', 16.73718114104122)
22:36:20  runs [1794/2460]: ('alpha_0p866025__beta1_4', 'OFA_fixed', 2, 'computed', 16.55758294602856)
22:36:22  runs [1795/2460]: ('alpha_0p866025__beta1_4', 'EaseSHAP_size_player', 4, 'computed', 276.4701173240319)
22:36:36  runs [1796/2460]: ('alpha_0p866025__beta1_4', 'OFA_fixed', 3, 'computed', 16.26405822392553)
22:36:38  runs [1797/2460]: ('alpha_0p866025__beta1_4', 'EaseSHAP_size_player', 1, 'computed', 305.0340776150115)
22:36:39  runs [1798/2460]: ('alpha_0p866025__beta1_4', 'OFA_fixed', 4, 'computed', 16.710531829856336)
22:36:46  runs [1799/2460]: ('alpha_0p866025__beta1_4', 'EaseSHAP_size_player', 2, 'computed', 310.56989411404356)
22:36:47  runs [1800/2460]: ('alpha_0p866025__beta1_4', 'EaseSHAP_size_player', 3, 'computed', 308.5392037886195)
22:36:49  runs [1801/2460]: ('alpha_0p866025__beta1_4', 'EaseSHAP_size_player', 5, 'computed', 260.7158412989229)
22:36:53  runs [1802/2460]: ('alpha_0p866025__beta1_4', 'OFA_fixed', 5, 'computed', 16.218124879989773)
22:36:55  runs [1803/2460]: ('alpha_0p866025__beta1_4', 'OFA_fixed', 6, 'computed', 16.178191964048892)
22:36:55  runs [1804/2460]: ('alpha_0p866025__beta1_4', 'OFA_fixed', 7, 'computed', 16.43109234329313)
22:37:00  runs [1805/2460]: ('alpha_0p866025__beta1_4', 'OFA_baseline', 0, 'computed', 11.521484155207872)
22:37:03  runs [1806/2460]: ('alpha_0p866025__beta1_4', 'OFA_fixed', 8, 'computed', 17.071785558015108)
22:37:03  runs [1807/2460]: ('alpha_0p866025__beta1_4', 'OFA_fixed', 9, 'computed', 16.359687289223075)
22:37:04  runs [1808/2460]: ('alpha_0p866025__beta1_4', 'OFA_baseline', 1, 'computed', 11.440589266829193)
22:37:06  runs [1809/2460]: ('alpha_0p866025__beta1_4', 'OFA_baseline', 2, 'computed', 11.51001793378964)
22:37:07  runs [1810/2460]: ('alpha_0p866025__beta1_4', 'OFA_baseline', 3, 'computed', 11.642258131876588)
22:37:11  runs [1811/2460]: ('alpha_0p866025__beta1_4', 'EaseSHAP_size_player', 6, 'computed', 271.00284492596984)
22:37:12  runs [1812/2460]: ('alpha_0p866025__beta1_4', 'OFA_baseline', 4, 'computed', 11.523152729962021)
22:37:15  runs [1813/2460]: ('alpha_0p866025__beta1_4', 'OFA_baseline', 6, 'computed', 11.33831543289125)
22:37:15  runs [1814/2460]: ('alpha_0p866025__beta1_4', 'OFA_baseline', 7, 'computed', 11.245812381617725)
22:37:15  runs [1815/2460]: ('alpha_0p866025__beta1_4', 'OFA_baseline', 5, 'computed', 12.443631568923593)
22:37:17  runs [1816/2460]: ('alpha_0p866025__beta1_4', 'OFA_baseline', 8, 'computed', 11.309481476899236)
22:37:18  runs [1817/2460]: ('alpha_0p866025__beta1_4', 'OFA_baseline', 9, 'computed', 11.343889738898724)
22:37:21  runs [1818/2460]: ('alpha_0p866025__beta1_4', 'EaseSHAP_size_player', 7, 'computed', 279.92350741289556)
22:37:23  runs [1819/2460]: ('alpha_0p866025__beta1_4', 'sampling_lift', 0, 'computed', 11.345878056716174)
22:37:23  runs [1820/2460]: ('alpha_0p866025__beta1_4', 'sampling_lift', 1, 'computed', 11.58644440304488)
22:37:26  runs [1821/2460]: ('alpha_0p866025__beta1_4', 'sampling_lift', 2, 'computed', 11.431119849905372)
22:37:26  runs [1822/2460]: ('alpha_0p866025__beta1_4', 'sampling_lift', 3, 'computed', 11.240318739786744)
22:37:27  runs [1823/2460]: ('alpha_0p866025__beta1_4', 'sampling_lift', 4, 'computed', 11.427759133279324)
22:37:29  runs [1824/2460]: ('alpha_0p866025__beta1_4', 'sampling_lift', 5, 'computed', 11.391949557699263)
22:37:30  runs [1825/2460]: ('alpha_0p866025__beta1_4', 'sampling_lift', 6, 'computed', 11.54076139582321)
22:37:33  runs [1826/2460]: ('alpha_0p866025__beta1_4', 'sampling_lift', 7, 'computed', 11.609883694909513)
22:37:34  runs [1827/2460]: ('alpha_0p866025__beta1_4', 'sampling_lift', 8, 'computed', 11.467024158220738)
22:37:35  runs [1828/2460]: ('alpha_0p866025__beta1_4', 'sampling_lift', 9, 'computed', 11.739904874935746)
22:37:36  runs [1829/2460]: ('alpha_0p866025__beta1_4', 'EaseSHAP_size_player', 8, 'computed', 250.3231671131216)
22:37:39  runs [1830/2460]: ('alpha_0p866025__beta1_4', 'SHAP_IQ', 0, 'computed', 13.16457501705736)
22:37:39  runs [1831/2460]: ('alpha_0p866025__beta1_4', 'SHAP_IQ', 1, 'computed', 13.029006754048169)
22:37:40  runs [1832/2460]: ('alpha_0p866025__beta1_4', 'SHAP_IQ', 2, 'computed', 13.4092610119842)
22:37:42  runs [1833/2460]: ('alpha_0p866025__beta1_4', 'SHAP_IQ', 3, 'computed', 13.095986370928586)
22:37:43  runs [1834/2460]: ('alpha_0p866025__beta1_4', 'SHAP_IQ', 4, 'computed', 13.16691221576184)
22:37:46  runs [1835/2460]: ('alpha_0p866025__beta1_4', 'SHAP_IQ', 5, 'computed', 13.030324068851769)
22:37:47  runs [1836/2460]: ('alpha_0p866025__beta1_4', 'SHAP_IQ', 6, 'computed', 13.05392348812893)
22:37:48  runs [1837/2460]: ('alpha_0p866025__beta1_4', 'SHAP_IQ', 7, 'computed', 12.94688717322424)
22:37:49  runs [1838/2460]: ('alpha_0p866025__beta1_4', 'EaseSHAP_size_player', 9, 'computed', 226.8676769710146)
22:37:49  runs [1839/2460]: ('alpha_0p866025__beta1_4', 'SHAP_IQ', 8, 'computed', 13.04434998286888)
22:37:52  runs [1840/2460]: ('alpha_0p866025__beta1_4', 'SHAP_IQ', 9, 'computed', 12.940004544798285)
22:37:52  runs [1841/2460]: ('alpha_0p866025__beta1_4', 'GELS', 0, 'computed', 12.947975621093065)
22:37:53  runs [1842/2460]: ('alpha_0p866025__beta1_4', 'GELS', 1, 'computed', 13.08983465982601)
22:37:55  runs [1843/2460]: ('alpha_0p866025__beta1_4', 'GELS', 2, 'computed', 12.94747847924009)
22:37:56  runs [1844/2460]: ('alpha_0p866025__beta1_4', 'GELS', 3, 'computed', 13.118188903667033)
22:37:59  runs [1845/2460]: ('alpha_0p866025__beta1_4', 'GELS', 4, 'computed', 13.111672786064446)
22:38:00  runs [1846/2460]: ('alpha_0p866025__beta1_4', 'GELS', 5, 'computed', 13.081382785923779)
22:38:01  runs [1847/2460]: ('alpha_0p866025__beta1_4', 'GELS', 6, 'computed', 12.825474132783711)
22:38:02  runs [1848/2460]: ('alpha_0p866025__beta1_4', 'GELS', 7, 'computed', 13.040347083937377)
22:38:02  runs [1849/2460]: ('alpha_0p866025__beta1_4', 'GELS', 8, 'computed', 12.960499831940979)
22:38:04  runs [1850/2460]: ('alpha_0p866025__beta1_4', 'improved_AME', 0, 'computed', 11.794683941174299)
22:38:05  runs [1851/2460]: ('alpha_0p866025__beta1_4', 'GELS', 9, 'computed', 12.880031458102167)
22:38:05  runs [1852/2460]: ('alpha_0p866025__beta1_4', 'improved_AME', 1, 'computed', 11.887832979205996)
22:38:07  runs [1853/2460]: ('alpha_0p866025__beta1_4', 'improved_AME', 2, 'computed', 11.823756663128734)
22:38:08  runs [1854/2460]: ('alpha_0p866025__beta1_4', 'improved_AME', 3, 'computed', 11.938532962929457)
22:38:11  runs [1855/2460]: ('alpha_0p866025__beta1_4', 'improved_AME', 4, 'computed', 11.986965135205537)
22:38:12  runs [1856/2460]: ('alpha_0p866025__beta1_4', 'improved_AME', 5, 'computed', 11.92619487317279)
22:38:13  runs [1857/2460]: ('alpha_0p866025__beta1_4', 'improved_AME', 6, 'computed', 11.766958949156106)
22:38:14  runs [1858/2460]: ('alpha_0p866025__beta1_4', 'improved_AME', 7, 'computed', 11.89209899911657)
22:38:14  runs [1859/2460]: ('alpha_0p866025__beta1_4', 'improved_AME', 8, 'computed', 11.85995929222554)
22:38:16  runs [1860/2460]: ('alpha_0p866025__beta1_4', 'improved_AME', 9, 'computed', 11.778063056990504)
22:38:16  runs [1861/2460]: ('alpha_0p866025__beta1_4', 'WSL', 0, 'computed', 11.361845420207828)
22:38:17  runs [1862/2460]: ('alpha_0p866025__beta1_4', 'WSL', 1, 'computed', 11.387108505237848)
22:38:18  runs [1863/2460]: ('alpha_0p866025__beta1_4', 'WSL', 2, 'computed', 11.428987496066839)
22:38:20  runs [1864/2460]: ('alpha_0p866025__beta1_4', 'WSL', 3, 'computed', 11.483125105965883)
22:38:22  runs [1865/2460]: ('alpha_0p866025__beta1_4', 'WSL', 4, 'computed', 11.490316179115325)
22:38:23  runs [1866/2460]: ('alpha_0p866025__beta1_4', 'WSL', 5, 'computed', 11.383926129899919)
22:38:24  runs [1867/2460]: ('alpha_0p866025__beta1_4', 'WSL', 6, 'computed', 11.611194765660912)
22:38:26  runs [1868/2460]: ('alpha_0p866025__beta1_4', 'WSL', 7, 'computed', 11.433447649236768)
22:38:26  runs [1869/2460]: ('alpha_0p866025__beta1_4', 'WSL', 8, 'computed', 11.418991189915687)
22:38:27  runs [1870/2460]: ('alpha_0p866025__beta1_4', 'WSL', 9, 'computed', 11.338650695048273)
22:38:28  runs [1871/2460]: ('alpha_0p866025__beta1_4', 'weighted_permutation', 0, 'computed', 11.30299459444359)
22:38:28  runs [1872/2460]: ('alpha_0p866025__beta1_4', 'weighted_permutation', 1, 'computed', 11.321905632968992)
22:38:29  runs [1873/2460]: ('alpha_0p866025__beta1_4', 'weighted_permutation', 2, 'computed', 11.422296841163188)
22:38:31  runs [1874/2460]: ('alpha_0p866025__beta1_4', 'weighted_permutation', 3, 'computed', 11.544963123742491)
22:38:34  runs [1875/2460]: ('alpha_0p866025__beta1_4', 'weighted_permutation', 4, 'computed', 11.478032791987062)
22:38:35  runs [1876/2460]: ('alpha_0p866025__beta1_4', 'weighted_permutation', 5, 'computed', 11.414039927069098)
22:38:35  runs [1877/2460]: ('alpha_0p866025__beta1_4', 'weighted_permutation', 6, 'computed', 11.308799040969461)
22:38:37  runs [1878/2460]: ('alpha_0p866025__beta1_4', 'weighted_permutation', 7, 'computed', 11.387095401063561)
22:38:37  runs [1879/2460]: ('alpha_0p866025__beta1_4', 'weighted_permutation', 8, 'computed', 11.395822836086154)
22:38:39  runs [1880/2460]: ('alpha_0p866025__beta1_4', 'weighted_permutation', 9, 'computed', 11.39631232386455)
22:38:44  runs [1881/2460]: ('alpha_0p866025__beta1_4', 'OFA_optimal', 0, 'computed', 15.972418589051813)
22:38:44  runs [1882/2460]: ('alpha_0p866025__beta1_4', 'OFA_optimal', 1, 'computed', 16.32373398868367)
22:38:46  runs [1883/2460]: ('alpha_0p866025__beta1_4', 'OFA_optimal', 2, 'computed', 16.102933982852846)
22:38:47  runs [1884/2460]: ('alpha_0p866025__beta1_4', 'OFA_optimal', 3, 'computed', 16.199403058737516)
22:38:50  runs [1885/2460]: ('alpha_0p866025__beta1_4', 'OFA_optimal', 4, 'computed', 16.10292274178937)
22:38:51  runs [1886/2460]: ('alpha_0p866025__beta1_4', 'OFA_optimal', 5, 'computed', 15.967332647182047)
22:38:51  runs [1887/2460]: ('alpha_0p866025__beta1_4', 'OFA_optimal', 6, 'computed', 15.987187183927745)
22:38:53  runs [1888/2460]: ('alpha_0p866025__beta1_4', 'OFA_optimal', 8, 'computed', 16.011442410293967)
22:38:53  runs [1889/2460]: ('alpha_0p866025__beta1_4', 'OFA_optimal', 7, 'computed', 16.296836513094604)
22:38:55  runs [1890/2460]: ('alpha_0p866025__beta1_4', 'OFA_optimal', 9, 'computed', 16.02398582501337)
22:38:57  runs [1891/2460]: ('alpha_0p866025__beta1_4', 'WGELS_shapley', 0, 'computed', 12.948517325799912)
22:38:57  runs [1892/2460]: ('alpha_0p866025__beta1_4', 'WGELS_shapley', 1, 'computed', 13.190175892785192)
22:38:59  runs [1893/2460]: ('alpha_0p866025__beta1_4', 'WGELS_shapley', 2, 'computed', 13.045888674911112)
22:39:00  runs [1894/2460]: ('alpha_0p866025__beta1_4', 'WGELS_shapley', 3, 'computed', 13.107450816780329)
22:39:03  runs [1895/2460]: ('alpha_0p866025__beta1_4', 'WGELS_shapley', 4, 'computed', 12.953557984903455)
22:39:04  runs [1896/2460]: ('alpha_0p866025__beta1_4', 'WGELS_shapley', 5, 'computed', 13.085921513848007)
22:39:04  runs [1897/2460]: ('alpha_0p866025__beta1_4', 'WGELS_shapley', 6, 'computed', 12.969668190926313)
22:39:06  runs [1898/2460]: ('alpha_0p866025__beta1_4', 'WGELS_shapley', 7, 'computed', 13.050297771114856)
22:39:07  runs [1899/2460]: ('alpha_0p866025__beta1_4', 'WGELS_shapley', 8, 'computed', 13.360222584102303)
22:39:08  runs [1900/2460]: ('alpha_0p866025__beta1_4', 'WGELS_shapley', 9, 'computed', 12.961732973810285)
22:41:29  runs [1901/2460]: ('alpha_0p866025__beta1_4', 'RegressionMSR_unbiased', 2, 'computed', 150.17392052104697)
22:41:44  runs [1902/2460]: ('alpha_0p866025__beta4_1', 'EaseSHAP_interaction_nonlinear', 0, 'computed', 15.217761864885688)
22:41:47  runs [1903/2460]: ('alpha_0p866025__beta1_4', 'RegressionMSR_unbiased', 9, 'computed', 159.73725840030238)
22:42:04  runs [1904/2460]: ('alpha_0p866025__beta4_1', 'EaseSHAP_interaction_nonlinear', 1, 'computed', 19.983900340739638)
22:42:06  runs [1905/2460]: ('alpha_0p866025__beta4_1', 'EaseSHAP_interaction_nonlinear', 2, 'computed', 18.98842856520787)
22:42:07  runs [1906/2460]: ('alpha_0p866025__beta1_4', 'RegressionMSR_unbiased', 1, 'computed', 189.38317863177508)
22:42:21  runs [1907/2460]: ('alpha_0p866025__beta4_1', 'EaseSHAP_interaction_nonlinear', 4, 'computed', 14.969234882853925)
22:42:26  runs [1908/2460]: ('alpha_0p866025__beta4_1', 'EaseSHAP_interaction_nonlinear', 3, 'computed', 21.75728627294302)
22:42:30  runs [1909/2460]: ('alpha_0p866025__beta4_1', 'EaseSHAP_interaction_nonlinear', 5, 'computed', 23.227490555029362)
22:42:33  runs [1910/2460]: ('alpha_0p866025__beta1_4', 'RegressionMSR_unbiased', 0, 'computed', 216.29282184690237)
22:42:42  runs [1911/2460]: ('alpha_0p866025__beta1_4', 'RegressionMSR_unbiased', 6, 'computed', 217.12384991673753)
22:42:48  runs [1912/2460]: ('alpha_0p866025__beta4_1', 'EaseSHAP_interaction_nonlinear', 6, 'computed', 26.06140056112781)
22:42:49  runs [1913/2460]: ('alpha_0p866025__beta4_1', 'EaseSHAP_interaction_nonlinear', 7, 'computed', 23.67489815503359)
22:42:51  runs [1914/2460]: ('alpha_0p866025__beta4_1', 'EaseSHAP_interaction_nonlinear', 8, 'computed', 21.226246932987124)
22:42:52  runs [1915/2460]: ('alpha_0p866025__beta4_1', 'EaseSHAP_interaction_nonlinear', 9, 'computed', 19.046572213061154)
22:42:55  runs [1916/2460]: ('alpha_0p866025__beta1_4', 'RegressionMSR_unbiased', 7, 'computed', 229.1951115662232)
22:43:04  runs [1917/2460]: ('alpha_0p866025__beta1_4', 'RegressionMSR_unbiased', 8, 'computed', 237.63647163193673)
22:43:14  runs [1918/2460]: ('alpha_0p866025__beta1_4', 'RegressionMSR_unbiased', 4, 'computed', 250.8717673518695)
22:43:23  runs [1919/2460]: ('alpha_0p866025__beta1_4', 'RegressionMSR_unbiased', 3, 'computed', 262.2199380691163)
22:43:59  runs [1920/2460]: ('alpha_0p866025__beta1_4', 'RegressionMSR_unbiased', 5, 'computed', 294.6569467210211)
22:47:26  runs [1921/2460]: ('alpha_0p866025__beta4_1', 'EaseSHAP_size_player', 1, 'computed', 278.8791608279571)
22:47:31  runs [1922/2460]: ('alpha_0p866025__beta4_1', 'EaseSHAP_size_player', 2, 'computed', 281.7937485007569)
22:47:42  runs [1923/2460]: ('alpha_0p866025__beta4_1', 'OFA_fixed', 0, 'computed', 15.9123206413351)
22:47:43  runs [1924/2460]: ('alpha_0p866025__beta4_1', 'EaseSHAP_size_player', 5, 'computed', 287.4241178529337)
22:47:43  runs [1925/2460]: ('alpha_0p866025__beta4_1', 'EaseSHAP_size_player', 4, 'computed', 291.53873511916026)
22:47:48  runs [1926/2460]: ('alpha_0p866025__beta4_1', 'OFA_fixed', 1, 'computed', 16.36968496069312)
22:47:54  runs [1927/2460]: ('alpha_0p866025__beta4_1', 'EaseSHAP_size_player', 3, 'computed', 303.0202391818166)
22:47:57  runs [1928/2460]: ('alpha_0p866025__beta4_1', 'EaseSHAP_size_player', 8, 'computed', 274.41707686381415)
22:47:59  runs [1929/2460]: ('alpha_0p866025__beta4_1', 'OFA_fixed', 2, 'computed', 16.223701304756105)
22:47:59  runs [1930/2460]: ('alpha_0p866025__beta4_1', 'OFA_fixed', 3, 'computed', 16.217967862263322)
22:48:00  runs [1931/2460]: ('alpha_0p866025__beta4_1', 'OFA_fixed', 4, 'computed', 16.156409380957484)
22:48:03  runs [1932/2460]: ('alpha_0p866025__beta4_1', 'EaseSHAP_size_player', 6, 'computed', 298.66938581038266)
22:48:04  runs [1933/2460]: ('alpha_0p866025__beta4_1', 'OFA_fixed', 5, 'computed', 16.330488215666264)
22:48:08  runs [1934/2460]: ('alpha_0p866025__beta4_1', 'EaseSHAP_size_player', 0, 'computed', 326.03717024996877)
22:48:10  runs [1935/2460]: ('alpha_0p866025__beta4_1', 'OFA_fixed', 6, 'computed', 16.14412420708686)
22:48:11  runs [1936/2460]: ('alpha_0p866025__beta4_1', 'EaseSHAP_size_player', 9, 'computed', 252.17940779961646)
22:48:11  runs [1937/2460]: ('alpha_0p866025__beta4_1', 'OFA_baseline', 0, 'computed', 11.535376109182835)
22:48:13  runs [1938/2460]: ('alpha_0p866025__beta4_1', 'EaseSHAP_size_player', 7, 'computed', 299.1633838461712)
22:48:13  runs [1939/2460]: ('alpha_0p866025__beta4_1', 'OFA_fixed', 7, 'computed', 16.25967071764171)
22:48:15  runs [1940/2460]: ('alpha_0p866025__beta4_1', 'OFA_baseline', 1, 'computed', 11.666775926947594)
22:48:15  runs [1941/2460]: ('alpha_0p866025__beta4_1', 'OFA_fixed', 8, 'computed', 16.24422187404707)
22:48:15  runs [1942/2460]: ('alpha_0p866025__beta4_1', 'OFA_fixed', 9, 'computed', 16.18165700417012)
22:48:15  runs [1943/2460]: ('alpha_0p866025__beta4_1', 'OFA_baseline', 2, 'computed', 11.426122282166034)
22:48:19  runs [1944/2460]: ('alpha_0p866025__beta4_1', 'OFA_baseline', 3, 'computed', 11.44597795791924)
22:48:22  runs [1945/2460]: ('alpha_0p866025__beta4_1', 'OFA_baseline', 4, 'computed', 11.339733245782554)
22:48:22  runs [1946/2460]: ('alpha_0p866025__beta4_1', 'OFA_baseline', 5, 'computed', 11.474784719757736)
22:48:23  runs [1947/2460]: ('alpha_0p866025__beta4_1', 'OFA_baseline', 6, 'computed', 11.43694042507559)
22:48:24  runs [1948/2460]: ('alpha_0p866025__beta4_1', 'OFA_baseline', 7, 'computed', 11.367536645848304)
22:48:25  runs [1949/2460]: ('alpha_0p866025__beta4_1', 'OFA_baseline', 8, 'computed', 11.414607254322618)
22:48:26  runs [1950/2460]: ('alpha_0p866025__beta4_1', 'OFA_baseline', 9, 'computed', 11.595486346166581)
22:48:26  runs [1951/2460]: ('alpha_0p866025__beta4_1', 'sampling_lift', 0, 'computed', 11.498296739999205)
22:48:26  runs [1952/2460]: ('alpha_0p866025__beta4_1', 'sampling_lift', 1, 'computed', 11.335143172647804)
22:48:27  runs [1953/2460]: ('alpha_0p866025__beta4_1', 'sampling_lift', 2, 'computed', 11.385613484308124)
22:48:30  runs [1954/2460]: ('alpha_0p866025__beta4_1', 'sampling_lift', 3, 'computed', 11.265556383877993)
22:48:33  runs [1955/2460]: ('alpha_0p866025__beta4_1', 'sampling_lift', 4, 'computed', 11.257202080450952)
22:48:34  runs [1956/2460]: ('alpha_0p866025__beta4_1', 'sampling_lift', 5, 'computed', 11.35360836610198)
22:48:34  runs [1957/2460]: ('alpha_0p866025__beta4_1', 'sampling_lift', 6, 'computed', 11.515179010108113)
22:48:36  runs [1958/2460]: ('alpha_0p866025__beta4_1', 'sampling_lift', 7, 'computed', 11.527580085210502)
22:48:36  runs [1959/2460]: ('alpha_0p866025__beta4_1', 'sampling_lift', 8, 'computed', 11.428387355990708)
22:48:38  runs [1960/2460]: ('alpha_0p866025__beta4_1', 'sampling_lift', 9, 'computed', 11.567900478839874)
22:48:39  runs [1961/2460]: ('alpha_0p866025__beta4_1', 'SHAP_IQ', 0, 'computed', 12.88127566408366)
22:48:39  runs [1962/2460]: ('alpha_0p866025__beta4_1', 'SHAP_IQ', 1, 'computed', 12.89965636190027)
22:48:40  runs [1963/2460]: ('alpha_0p866025__beta4_1', 'SHAP_IQ', 2, 'computed', 13.09607510175556)
22:48:43  runs [1964/2460]: ('alpha_0p866025__beta4_1', 'SHAP_IQ', 3, 'computed', 13.013015054166317)
22:48:46  runs [1965/2460]: ('alpha_0p866025__beta4_1', 'SHAP_IQ', 4, 'computed', 13.163728836923838)
22:48:47  runs [1966/2460]: ('alpha_0p866025__beta4_1', 'SHAP_IQ', 5, 'computed', 12.985803551971912)
22:48:47  runs [1967/2460]: ('alpha_0p866025__beta4_1', 'SHAP_IQ', 6, 'computed', 12.926687318831682)
22:48:49  runs [1968/2460]: ('alpha_0p866025__beta4_1', 'SHAP_IQ', 7, 'computed', 13.003333205822855)
22:48:49  runs [1969/2460]: ('alpha_0p866025__beta4_1', 'SHAP_IQ', 8, 'computed', 13.12055974919349)
22:48:51  runs [1970/2460]: ('alpha_0p866025__beta4_1', 'SHAP_IQ', 9, 'computed', 13.003412227611989)
22:48:52  runs [1971/2460]: ('alpha_0p866025__beta4_1', 'GELS', 0, 'computed', 12.841265722643584)
22:48:52  runs [1972/2460]: ('alpha_0p866025__beta4_1', 'GELS', 1, 'computed', 12.930482850875705)
22:48:53  runs [1973/2460]: ('alpha_0p866025__beta4_1', 'GELS', 2, 'computed', 13.077646473422647)
22:48:56  runs [1974/2460]: ('alpha_0p866025__beta4_1', 'GELS', 3, 'computed', 12.917193834204227)
22:48:59  runs [1975/2460]: ('alpha_0p866025__beta4_1', 'GELS', 4, 'computed', 13.05442645214498)
22:48:59  runs [1976/2460]: ('alpha_0p866025__beta4_1', 'GELS', 5, 'computed', 12.87540695630014)
22:49:00  runs [1977/2460]: ('alpha_0p866025__beta4_1', 'GELS', 6, 'computed', 12.948179791681468)
22:49:02  runs [1978/2460]: ('alpha_0p866025__beta4_1', 'GELS', 7, 'computed', 12.935392315033823)
22:49:02  runs [1979/2460]: ('alpha_0p866025__beta4_1', 'GELS', 8, 'computed', 12.9983703289181)
22:49:04  runs [1980/2460]: ('alpha_0p866025__beta4_1', 'GELS', 9, 'computed', 13.007835821248591)
22:49:04  runs [1981/2460]: ('alpha_0p866025__beta4_1', 'improved_AME', 0, 'computed', 11.850521247368306)
22:49:04  runs [1982/2460]: ('alpha_0p866025__beta4_1', 'improved_AME', 1, 'computed', 11.785067902412266)
22:49:05  runs [1983/2460]: ('alpha_0p866025__beta4_1', 'improved_AME', 2, 'computed', 11.844888065941632)
22:49:08  runs [1984/2460]: ('alpha_0p866025__beta4_1', 'improved_AME', 3, 'computed', 11.740385737270117)
22:49:11  runs [1985/2460]: ('alpha_0p866025__beta4_1', 'improved_AME', 4, 'computed', 11.860928132664412)
22:49:11  runs [1986/2460]: ('alpha_0p866025__beta4_1', 'improved_AME', 5, 'computed', 11.7687087636441)
22:49:12  runs [1987/2460]: ('alpha_0p866025__beta4_1', 'improved_AME', 6, 'computed', 11.689146380871534)
22:49:14  runs [1988/2460]: ('alpha_0p866025__beta4_1', 'improved_AME', 7, 'computed', 11.974999332334846)
22:49:14  runs [1989/2460]: ('alpha_0p866025__beta4_1', 'improved_AME', 8, 'computed', 11.877779313828796)
22:49:15  runs [1990/2460]: ('alpha_0p866025__beta4_1', 'WSL', 0, 'computed', 11.36592600820586)
22:49:15  runs [1991/2460]: ('alpha_0p866025__beta4_1', 'WSL', 1, 'computed', 11.355993401259184)
22:49:16  runs [1992/2460]: ('alpha_0p866025__beta4_1', 'improved_AME', 9, 'computed', 11.80697750300169)
22:49:16  runs [1993/2460]: ('alpha_0p866025__beta4_1', 'WSL', 2, 'computed', 11.404517306014895)
22:49:19  runs [1994/2460]: ('alpha_0p866025__beta4_1', 'WSL', 3, 'computed', 11.498093433212489)
22:49:23  runs [1995/2460]: ('alpha_0p866025__beta4_1', 'WSL', 5, 'computed', 11.346064771991223)
22:49:23  runs [1996/2460]: ('alpha_0p866025__beta4_1', 'WSL', 4, 'computed', 11.522536385804415)
22:49:23  runs [1997/2460]: ('alpha_0p866025__beta4_1', 'WSL', 6, 'computed', 11.350875547155738)
22:49:25  runs [1998/2460]: ('alpha_0p866025__beta4_1', 'WSL', 7, 'computed', 11.435786945745349)
22:49:26  runs [1999/2460]: ('alpha_0p866025__beta4_1', 'WSL', 8, 'computed', 11.529947163071483)
22:49:27  runs [2000/2460]: ('alpha_0p866025__beta4_1', 'WSL', 9, 'computed', 11.35464372485876)
22:49:27  runs [2001/2460]: ('alpha_0p866025__beta4_1', 'weighted_permutation', 0, 'computed', 11.303463361691684)
22:49:27  runs [2002/2460]: ('alpha_0p866025__beta4_1', 'weighted_permutation', 1, 'computed', 11.289013100787997)
22:49:27  runs [2003/2460]: ('alpha_0p866025__beta4_1', 'weighted_permutation', 2, 'computed', 11.258269967976958)
22:49:31  runs [2004/2460]: ('alpha_0p866025__beta4_1', 'weighted_permutation', 3, 'computed', 11.291231560986489)
22:49:34  runs [2005/2460]: ('alpha_0p866025__beta4_1', 'weighted_permutation', 4, 'computed', 11.434188473969698)
22:49:34  runs [2006/2460]: ('alpha_0p866025__beta4_1', 'weighted_permutation', 5, 'computed', 11.545645436272025)
22:49:34  runs [2007/2460]: ('alpha_0p866025__beta4_1', 'weighted_permutation', 6, 'computed', 11.310857846867293)
22:49:37  runs [2008/2460]: ('alpha_0p866025__beta4_1', 'weighted_permutation', 7, 'computed', 11.631391073111445)
22:49:37  runs [2009/2460]: ('alpha_0p866025__beta4_1', 'weighted_permutation', 8, 'computed', 11.463139353785664)
22:49:38  runs [2010/2460]: ('alpha_0p866025__beta4_1', 'weighted_permutation', 9, 'computed', 11.406698744278401)
22:49:43  runs [2011/2460]: ('alpha_0p866025__beta4_1', 'OFA_optimal', 0, 'computed', 15.94618371175602)
22:49:43  runs [2012/2460]: ('alpha_0p866025__beta4_1', 'OFA_optimal', 1, 'computed', 15.943056165706366)
22:49:43  runs [2013/2460]: ('alpha_0p866025__beta4_1', 'OFA_optimal', 2, 'computed', 15.984760204795748)
22:49:47  runs [2014/2460]: ('alpha_0p866025__beta4_1', 'OFA_optimal', 3, 'computed', 16.00589374639094)
22:49:50  runs [2015/2460]: ('alpha_0p866025__beta4_1', 'OFA_optimal', 4, 'computed', 16.06059739878401)
22:49:50  runs [2016/2460]: ('alpha_0p866025__beta4_1', 'OFA_optimal', 5, 'computed', 16.02963114809245)
22:49:50  runs [2017/2460]: ('alpha_0p866025__beta4_1', 'OFA_optimal', 6, 'computed', 16.017862688284367)
22:49:53  runs [2018/2460]: ('alpha_0p866025__beta4_1', 'OFA_optimal', 7, 'computed', 16.239228670019656)
22:49:53  runs [2019/2460]: ('alpha_0p866025__beta4_1', 'OFA_optimal', 8, 'computed', 16.07628419296816)
22:49:54  runs [2020/2460]: ('alpha_0p866025__beta4_1', 'OFA_optimal', 9, 'computed', 15.991752745117992)
22:49:56  runs [2021/2460]: ('alpha_0p866025__beta4_1', 'WGELS_shapley', 0, 'computed', 13.01915991678834)
22:49:56  runs [2022/2460]: ('alpha_0p866025__beta4_1', 'WGELS_shapley', 1, 'computed', 13.03856661869213)
22:49:57  runs [2023/2460]: ('alpha_0p866025__beta4_1', 'WGELS_shapley', 2, 'computed', 13.173207295127213)
22:50:00  runs [2024/2460]: ('alpha_0p866025__beta4_1', 'WGELS_shapley', 3, 'computed', 12.916577477939427)
22:50:03  runs [2025/2460]: ('alpha_0p866025__beta4_1', 'WGELS_shapley', 5, 'computed', 13.01969936909154)
22:50:03  runs [2026/2460]: ('alpha_0p866025__beta4_1', 'WGELS_shapley', 4, 'computed', 13.150525669101626)
22:50:03  runs [2027/2460]: ('alpha_0p866025__beta4_1', 'WGELS_shapley', 6, 'computed', 13.081792599055916)
22:50:06  runs [2028/2460]: ('alpha_0p866025__beta4_1', 'WGELS_shapley', 7, 'computed', 13.261207630857825)
22:50:06  runs [2029/2460]: ('alpha_0p866025__beta4_1', 'WGELS_shapley', 8, 'computed', 13.163780667819083)
22:50:07  runs [2030/2460]: ('alpha_0p866025__beta4_1', 'WGELS_shapley', 9, 'computed', 13.079891649074852)
22:51:33  runs [2031/2460]: ('alpha_0p866025__beta4_1', 'RegressionMSR_unbiased', 0, 'computed', 97.29111029859632)
22:51:53  runs [2032/2460]: ('alpha_0p866025__wb0p25', 'EaseSHAP_interaction_nonlinear', 0, 'computed', 19.93969081901014)
22:52:16  runs [2033/2460]: ('alpha_0p866025__wb0p25', 'EaseSHAP_interaction_nonlinear', 1, 'computed', 22.912221130914986)
22:52:46  runs [2034/2460]: ('alpha_0p866025__wb0p25', 'EaseSHAP_interaction_nonlinear', 2, 'computed', 30.449638992082328)
22:53:14  runs [2035/2460]: ('alpha_0p866025__beta4_1', 'RegressionMSR_unbiased', 5, 'computed', 190.70170375704765)
22:53:17  runs [2036/2460]: ('alpha_0p866025__wb0p25', 'EaseSHAP_interaction_nonlinear', 3, 'computed', 30.829767620190978)
22:53:31  runs [2037/2460]: ('alpha_0p866025__beta4_1', 'RegressionMSR_unbiased', 3, 'computed', 211.42851617606357)
22:53:32  runs [2038/2460]: ('alpha_0p866025__wb0p25', 'EaseSHAP_interaction_nonlinear', 4, 'computed', 18.287371643818915)
22:53:37  runs [2039/2460]: ('alpha_0p866025__beta4_1', 'RegressionMSR_unbiased', 6, 'computed', 213.73044110601768)
22:53:39  runs [2040/2460]: ('alpha_0p866025__beta4_1', 'RegressionMSR_unbiased', 7, 'computed', 212.64777081925422)
22:53:39  runs [2041/2460]: ('alpha_0p866025__beta4_1', 'RegressionMSR_unbiased', 4, 'computed', 216.11953185591847)
22:53:44  runs [2042/2460]: ('alpha_0p866025__wb0p25', 'EaseSHAP_interaction_nonlinear', 5, 'computed', 26.425383518915623)
22:53:47  runs [2043/2460]: ('alpha_0p866025__beta4_1', 'RegressionMSR_unbiased', 1, 'computed', 231.41111692693084)
22:53:48  runs [2044/2460]: ('alpha_0p866025__wb0p25', 'EaseSHAP_interaction_nonlinear', 6, 'computed', 16.74873836291954)
22:53:55  runs [2045/2460]: ('alpha_0p866025__wb0p25', 'EaseSHAP_interaction_nonlinear', 7, 'computed', 22.79399251099676)
22:53:59  runs [2046/2460]: ('alpha_0p866025__wb0p25', 'EaseSHAP_interaction_nonlinear', 8, 'computed', 21.540200616698712)
22:54:00  runs [2047/2460]: ('alpha_0p866025__wb0p25', 'EaseSHAP_interaction_nonlinear', 9, 'computed', 20.98765242099762)
22:54:05  runs [2048/2460]: ('alpha_0p866025__beta4_1', 'RegressionMSR_unbiased', 2, 'computed', 248.24219290493056)
22:54:20  runs [2049/2460]: ('alpha_0p866025__beta4_1', 'RegressionMSR_unbiased', 9, 'computed', 252.44866199977696)
22:54:53  runs [2050/2460]: ('alpha_0p866025__beta4_1', 'RegressionMSR_unbiased', 8, 'computed', 286.4779534013942)
22:57:58  runs [2051/2460]: ('alpha_0p866025__wb0p25', 'EaseSHAP_size_player', 7, 'computed', 232.9600610099733)
22:58:14  runs [2052/2460]: ('alpha_0p866025__wb0p25', 'OFA_fixed', 0, 'computed', 16.111042277887464)
22:58:30  runs [2053/2460]: ('alpha_0p866025__wb0p25', 'OFA_fixed', 1, 'computed', 16.302130742929876)
22:58:31  runs [2054/2460]: ('alpha_0p866025__wb0p25', 'EaseSHAP_size_player', 3, 'computed', 283.5597173147835)
22:58:35  runs [2055/2460]: ('alpha_0p866025__wb0p25', 'EaseSHAP_size_player', 6, 'computed', 274.9617391107604)
22:58:37  runs [2056/2460]: ('alpha_0p866025__wb0p25', 'EaseSHAP_size_player', 4, 'computed', 281.93134424602613)
22:58:46  runs [2057/2460]: ('alpha_0p866025__wb0p25', 'EaseSHAP_size_player', 2, 'computed', 299.19798832712695)
22:58:47  runs [2058/2460]: ('alpha_0p866025__wb0p25', 'OFA_fixed', 2, 'computed', 16.417993125971407)
22:58:48  runs [2059/2460]: ('alpha_0p866025__wb0p25', 'OFA_fixed', 3, 'computed', 16.25965832406655)
22:58:51  runs [2060/2460]: ('alpha_0p866025__wb0p25', 'OFA_fixed', 4, 'computed', 16.38519606832415)
22:58:52  runs [2061/2460]: ('alpha_0p866025__wb0p25', 'EaseSHAP_size_player', 0, 'computed', 312.7562413169071)
22:58:54  runs [2062/2460]: ('alpha_0p866025__wb0p25', 'OFA_fixed', 5, 'computed', 16.547257157042623)
22:59:00  runs [2063/2460]: ('alpha_0p866025__wb0p25', 'EaseSHAP_size_player', 5, 'computed', 300.82121895393357)
22:59:03  runs [2064/2460]: ('alpha_0p866025__wb0p25', 'OFA_fixed', 6, 'computed', 16.291096219792962)
22:59:03  runs [2065/2460]: ('alpha_0p866025__wb0p25', 'OFA_fixed', 7, 'computed', 16.50167102739215)
22:59:03  runs [2066/2460]: ('alpha_0p866025__wb0p25', 'OFA_baseline', 0, 'computed', 11.387124514672905)
22:59:04  runs [2067/2460]: ('alpha_0p866025__wb0p25', 'OFA_fixed', 8, 'computed', 16.167443316895515)
22:59:05  runs [2068/2460]: ('alpha_0p866025__wb0p25', 'EaseSHAP_size_player', 1, 'computed', 321.3169112787582)
22:59:05  runs [2069/2460]: ('alpha_0p866025__wb0p25', 'OFA_baseline', 1, 'computed', 11.541774060111493)
22:59:05  runs [2070/2460]: ('alpha_0p866025__wb0p25', 'EaseSHAP_size_player', 8, 'computed', 285.91741761984304)
22:59:07  runs [2071/2460]: ('alpha_0p866025__wb0p25', 'EaseSHAP_size_player', 9, 'computed', 254.48173199035227)
22:59:08  runs [2072/2460]: ('alpha_0p866025__wb0p25', 'OFA_fixed', 9, 'computed', 16.525578320026398)
22:59:11  runs [2073/2460]: ('alpha_0p866025__wb0p25', 'OFA_baseline', 2, 'computed', 11.370535945985466)
22:59:14  runs [2074/2460]: ('alpha_0p866025__wb0p25', 'OFA_baseline', 3, 'computed', 11.402998905163258)
22:59:15  runs [2075/2460]: ('alpha_0p866025__wb0p25', 'OFA_baseline', 4, 'computed', 11.365681780036539)
22:59:15  runs [2076/2460]: ('alpha_0p866025__wb0p25', 'OFA_baseline', 5, 'computed', 11.276048355735838)
22:59:16  runs [2077/2460]: ('alpha_0p866025__wb0p25', 'OFA_baseline', 6, 'computed', 11.449096084572375)
22:59:16  runs [2078/2460]: ('alpha_0p866025__wb0p25', 'OFA_baseline', 7, 'computed', 11.3892160798423)
22:59:17  runs [2079/2460]: ('alpha_0p866025__wb0p25', 'OFA_baseline', 8, 'computed', 11.480536895804107)
22:59:17  runs [2080/2460]: ('alpha_0p866025__wb0p25', 'OFA_baseline', 9, 'computed', 11.402693991083652)
22:59:19  runs [2081/2460]: ('alpha_0p866025__wb0p25', 'sampling_lift', 0, 'computed', 11.322410612832755)
22:59:19  runs [2082/2460]: ('alpha_0p866025__wb0p25', 'sampling_lift', 1, 'computed', 11.571292468812317)
22:59:22  runs [2083/2460]: ('alpha_0p866025__wb0p25', 'sampling_lift', 2, 'computed', 11.417108525987715)
22:59:26  runs [2084/2460]: ('alpha_0p866025__wb0p25', 'sampling_lift', 3, 'computed', 11.42033053515479)
22:59:26  runs [2085/2460]: ('alpha_0p866025__wb0p25', 'sampling_lift', 4, 'computed', 11.36662511806935)
22:59:26  runs [2086/2460]: ('alpha_0p866025__wb0p25', 'sampling_lift', 5, 'computed', 11.401708099991083)
22:59:27  runs [2087/2460]: ('alpha_0p866025__wb0p25', 'sampling_lift', 6, 'computed', 11.46058555599302)
22:59:28  runs [2088/2460]: ('alpha_0p866025__wb0p25', 'sampling_lift', 7, 'computed', 11.302478703204542)
22:59:28  runs [2089/2460]: ('alpha_0p866025__wb0p25', 'sampling_lift', 8, 'computed', 11.471500918269157)
22:59:28  runs [2090/2460]: ('alpha_0p866025__wb0p25', 'sampling_lift', 9, 'computed', 11.396990756038576)
22:59:32  runs [2091/2460]: ('alpha_0p866025__wb0p25', 'SHAP_IQ', 0, 'computed', 13.054765709210187)
22:59:32  runs [2092/2460]: ('alpha_0p866025__wb0p25', 'SHAP_IQ', 1, 'computed', 12.951913343276829)
22:59:35  runs [2093/2460]: ('alpha_0p866025__wb0p25', 'SHAP_IQ', 2, 'computed', 13.007849720772356)
22:59:39  runs [2094/2460]: ('alpha_0p866025__wb0p25', 'SHAP_IQ', 3, 'computed', 12.937238027807325)
22:59:39  runs [2095/2460]: ('alpha_0p866025__wb0p25', 'SHAP_IQ', 4, 'computed', 13.24665340501815)
22:59:39  runs [2096/2460]: ('alpha_0p866025__wb0p25', 'SHAP_IQ', 5, 'computed', 13.077977538108826)
22:59:40  runs [2097/2460]: ('alpha_0p866025__wb0p25', 'SHAP_IQ', 6, 'computed', 12.934797914233059)
22:59:41  runs [2098/2460]: ('alpha_0p866025__wb0p25', 'SHAP_IQ', 7, 'computed', 12.967798441182822)
22:59:41  runs [2099/2460]: ('alpha_0p866025__wb0p25', 'SHAP_IQ', 8, 'computed', 13.038187744095922)
22:59:41  runs [2100/2460]: ('alpha_0p866025__wb0p25', 'SHAP_IQ', 9, 'computed', 12.982855927199125)
22:59:45  runs [2101/2460]: ('alpha_0p866025__wb0p25', 'GELS', 0, 'computed', 12.988554252777249)
22:59:45  runs [2102/2460]: ('alpha_0p866025__wb0p25', 'GELS', 1, 'computed', 12.970215443056077)
22:59:48  runs [2103/2460]: ('alpha_0p866025__wb0p25', 'GELS', 2, 'computed', 12.955199617426842)
22:59:51  runs [2104/2460]: ('alpha_0p866025__wb0p25', 'GELS', 3, 'computed', 12.956223968882114)
22:59:52  runs [2105/2460]: ('alpha_0p866025__wb0p25', 'GELS', 5, 'computed', 12.956093199085444)
22:59:52  runs [2106/2460]: ('alpha_0p866025__wb0p25', 'GELS', 4, 'computed', 13.222278973087668)
22:59:53  runs [2107/2460]: ('alpha_0p866025__wb0p25', 'GELS', 6, 'computed', 12.837241479195654)
22:59:53  runs [2108/2460]: ('alpha_0p866025__wb0p25', 'GELS', 7, 'computed', 12.862809879239649)
22:59:54  runs [2109/2460]: ('alpha_0p866025__wb0p25', 'GELS', 9, 'computed', 12.879257557448)
22:59:54  runs [2110/2460]: ('alpha_0p866025__wb0p25', 'GELS', 8, 'computed', 13.070761404931545)
22:59:57  runs [2111/2460]: ('alpha_0p866025__wb0p25', 'improved_AME', 0, 'computed', 11.81220061937347)
22:59:57  runs [2112/2460]: ('alpha_0p866025__wb0p25', 'improved_AME', 1, 'computed', 11.719237482175231)
23:00:00  runs [2113/2460]: ('alpha_0p866025__wb0p25', 'improved_AME', 2, 'computed', 11.774331012740731)
23:00:03  runs [2114/2460]: ('alpha_0p866025__wb0p25', 'improved_AME', 3, 'computed', 11.778070376254618)
23:00:04  runs [2115/2460]: ('alpha_0p866025__wb0p25', 'improved_AME', 4, 'computed', 11.718180667143315)
23:00:04  runs [2116/2460]: ('alpha_0p866025__wb0p25', 'improved_AME', 5, 'computed', 11.96747118467465)
23:00:04  runs [2117/2460]: ('alpha_0p866025__wb0p25', 'improved_AME', 6, 'computed', 11.65456281695515)
23:00:05  runs [2118/2460]: ('alpha_0p866025__wb0p25', 'improved_AME', 7, 'computed', 11.727959419600666)
23:00:06  runs [2119/2460]: ('alpha_0p866025__wb0p25', 'improved_AME', 8, 'computed', 11.78600163012743)
23:00:06  runs [2120/2460]: ('alpha_0p866025__wb0p25', 'improved_AME', 9, 'computed', 11.77879997389391)
23:00:08  runs [2121/2460]: ('alpha_0p866025__wb0p25', 'WSL', 0, 'computed', 11.417606627102941)
23:00:08  runs [2122/2460]: ('alpha_0p866025__wb0p25', 'WSL', 1, 'computed', 11.388409916311502)
23:00:12  runs [2123/2460]: ('alpha_0p866025__wb0p25', 'WSL', 2, 'computed', 11.410938241984695)
23:00:15  runs [2124/2460]: ('alpha_0p866025__wb0p25', 'WSL', 3, 'computed', 11.531403983943164)
23:00:15  runs [2125/2460]: ('alpha_0p866025__wb0p25', 'WSL', 4, 'computed', 11.476346493232995)
23:00:16  runs [2126/2460]: ('alpha_0p866025__wb0p25', 'WSL', 6, 'computed', 11.456593632232398)
23:00:16  runs [2127/2460]: ('alpha_0p866025__wb0p25', 'WSL', 5, 'computed', 11.550094739999622)
23:00:17  runs [2128/2460]: ('alpha_0p866025__wb0p25', 'WSL', 7, 'computed', 11.466981131117791)
23:00:17  runs [2129/2460]: ('alpha_0p866025__wb0p25', 'WSL', 8, 'computed', 11.429556729272008)
23:00:17  runs [2130/2460]: ('alpha_0p866025__wb0p25', 'WSL', 9, 'computed', 11.44051021290943)
23:00:19  runs [2131/2460]: ('alpha_0p866025__wb0p25', 'weighted_permutation', 0, 'computed', 11.411252013873309)
23:00:20  runs [2132/2460]: ('alpha_0p866025__wb0p25', 'weighted_permutation', 1, 'computed', 11.424521814100444)
23:00:23  runs [2133/2460]: ('alpha_0p866025__wb0p25', 'weighted_permutation', 2, 'computed', 11.445163095835596)
23:00:26  runs [2134/2460]: ('alpha_0p866025__wb0p25', 'weighted_permutation', 3, 'computed', 11.304843480233103)
23:00:27  runs [2135/2460]: ('alpha_0p866025__wb0p25', 'weighted_permutation', 4, 'computed', 11.362091278191656)
23:00:27  runs [2136/2460]: ('alpha_0p866025__wb0p25', 'weighted_permutation', 5, 'computed', 11.471781823784113)
23:00:27  runs [2137/2460]: ('alpha_0p866025__wb0p25', 'weighted_permutation', 6, 'computed', 11.524169958662242)
23:00:28  runs [2138/2460]: ('alpha_0p866025__wb0p25', 'weighted_permutation', 7, 'computed', 11.324492076877505)
23:00:29  runs [2139/2460]: ('alpha_0p866025__wb0p25', 'weighted_permutation', 8, 'computed', 11.349426466971636)
23:00:29  runs [2140/2460]: ('alpha_0p866025__wb0p25', 'weighted_permutation', 9, 'computed', 11.415298323146999)
23:00:36  runs [2141/2460]: ('alpha_0p866025__wb0p25', 'OFA_optimal', 0, 'computed', 16.070974548347294)
23:00:36  runs [2142/2460]: ('alpha_0p866025__wb0p25', 'OFA_optimal', 1, 'computed', 15.974358290899545)
23:00:39  runs [2143/2460]: ('alpha_0p866025__wb0p25', 'OFA_optimal', 2, 'computed', 15.98786852415651)
23:00:42  runs [2144/2460]: ('alpha_0p866025__wb0p25', 'OFA_optimal', 3, 'computed', 15.98650982696563)
23:00:43  runs [2145/2460]: ('alpha_0p866025__wb0p25', 'OFA_optimal', 4, 'computed', 16.010041730012745)
23:00:44  runs [2146/2460]: ('alpha_0p866025__wb0p25', 'OFA_optimal', 6, 'computed', 16.040990706067532)
23:00:44  runs [2147/2460]: ('alpha_0p866025__wb0p25', 'OFA_optimal', 5, 'computed', 16.182684894185513)
23:00:44  runs [2148/2460]: ('alpha_0p866025__wb0p25', 'OFA_optimal', 7, 'computed', 16.197006365284324)
23:00:45  runs [2149/2460]: ('alpha_0p866025__wb0p25', 'OFA_optimal', 8, 'computed', 15.93052355479449)
23:00:45  runs [2150/2460]: ('alpha_0p866025__wb0p25', 'OFA_optimal', 9, 'computed', 16.1721384646371)
23:00:49  runs [2151/2460]: ('alpha_0p866025__wb0p25', 'WGELS_shapley', 0, 'computed', 13.024003139231354)
23:00:49  runs [2152/2460]: ('alpha_0p866025__wb0p25', 'WGELS_shapley', 1, 'computed', 13.029748363886029)
23:00:52  runs [2153/2460]: ('alpha_0p866025__wb0p25', 'WGELS_shapley', 2, 'computed', 12.979615401942283)
23:00:55  runs [2154/2460]: ('alpha_0p866025__wb0p25', 'WGELS_shapley', 3, 'computed', 13.019221581052989)
23:00:56  runs [2155/2460]: ('alpha_0p866025__wb0p25', 'WGELS_shapley', 4, 'computed', 12.950421095825732)
23:00:56  runs [2156/2460]: ('alpha_0p866025__wb0p25', 'WGELS_shapley', 5, 'computed', 12.941058543976396)
23:00:57  runs [2157/2460]: ('alpha_0p866025__wb0p25', 'WGELS_shapley', 6, 'computed', 13.00335465092212)
23:00:57  runs [2158/2460]: ('alpha_0p866025__wb0p25', 'WGELS_shapley', 7, 'computed', 13.175180111080408)
23:00:58  runs [2159/2460]: ('alpha_0p866025__wb0p25', 'WGELS_shapley', 8, 'computed', 12.998638508841395)
23:00:58  runs [2160/2460]: ('alpha_0p866025__wb0p25', 'WGELS_shapley', 9, 'computed', 13.09900033287704)
23:01:00  runs [2161/2460]: ('alpha_0p866025__wb0p25', 'AME', 0, 'computed', 11.864250055048615)
23:01:01  runs [2162/2460]: ('alpha_0p866025__wb0p25', 'AME', 1, 'computed', 11.79953400278464)
23:01:04  runs [2163/2460]: ('alpha_0p866025__wb0p25', 'AME', 2, 'computed', 11.793816181831062)
23:01:07  runs [2164/2460]: ('alpha_0p866025__wb0p25', 'AME', 3, 'computed', 11.75009496230632)
23:01:07  runs [2165/2460]: ('alpha_0p866025__wb0p25', 'AME', 4, 'computed', 11.736279662232846)
23:01:08  runs [2166/2460]: ('alpha_0p866025__wb0p25', 'AME', 5, 'computed', 11.807714752852917)
23:01:08  runs [2167/2460]: ('alpha_0p866025__wb0p25', 'AME', 6, 'computed', 11.805274317972362)
23:01:09  runs [2168/2460]: ('alpha_0p866025__wb0p25', 'AME', 7, 'computed', 11.998639592900872)
23:01:09  runs [2169/2460]: ('alpha_0p866025__wb0p25', 'AME', 8, 'computed', 11.80242809606716)
23:01:10  runs [2170/2460]: ('alpha_0p866025__wb0p25', 'AME', 9, 'computed', 11.774240527767688)
23:03:48  runs [2171/2460]: ('alpha_0p866025__wb0p25', 'RegressionMSR_unbiased', 3, 'computed', 161.02463887212798)
23:04:02  runs [2172/2460]: ('alpha_0p866025__wb0p25', 'RegressionMSR_unbiased', 0, 'computed', 181.8227994623594)
23:04:16  runs [2173/2460]: ('alpha_0p866025__wb0p5', 'EaseSHAP_interaction_nonlinear', 0, 'computed', 27.63157270429656)
23:04:24  runs [2174/2460]: ('alpha_0p866025__wb0p5', 'EaseSHAP_interaction_nonlinear', 1, 'computed', 21.83988881111145)
23:04:35  runs [2175/2460]: ('alpha_0p866025__wb0p25', 'RegressionMSR_unbiased', 2, 'computed', 210.98796796798706)
23:04:41  runs [2176/2460]: ('alpha_0p866025__wb0p5', 'EaseSHAP_interaction_nonlinear', 3, 'computed', 17.261985808610916)
23:04:42  runs [2177/2460]: ('alpha_0p866025__wb0p5', 'EaseSHAP_interaction_nonlinear', 2, 'computed', 26.880853504873812)
23:04:45  runs [2178/2460]: ('alpha_0p866025__wb0p25', 'RegressionMSR_unbiased', 9, 'computed', 214.66268685087562)
23:04:58  runs [2179/2460]: ('alpha_0p866025__wb0p5', 'EaseSHAP_interaction_nonlinear', 4, 'computed', 23.05426756059751)
23:04:58  runs [2180/2460]: ('alpha_0p866025__wb0p25', 'RegressionMSR_unbiased', 4, 'computed', 230.94748414540663)
23:05:02  runs [2181/2460]: ('alpha_0p866025__wb0p25', 'RegressionMSR_unbiased', 6, 'computed', 233.37123533384874)
23:05:03  runs [2182/2460]: ('alpha_0p866025__wb0p5', 'EaseSHAP_interaction_nonlinear', 5, 'computed', 21.141831521876156)
23:05:03  runs [2183/2460]: ('alpha_0p866025__wb0p25', 'RegressionMSR_unbiased', 1, 'computed', 242.04734272230417)
23:05:03  runs [2184/2460]: ('alpha_0p866025__wb0p5', 'EaseSHAP_interaction_nonlinear', 7, 'computed', 18.577797633130103)
23:05:06  runs [2185/2460]: ('alpha_0p866025__wb0p5', 'EaseSHAP_interaction_nonlinear', 6, 'computed', 23.326328366994858)
23:05:08  runs [2186/2460]: ('alpha_0p866025__wb0p25', 'RegressionMSR_unbiased', 8, 'computed', 238.06975141214207)
23:05:10  runs [2187/2460]: ('alpha_0p866025__wb0p25', 'RegressionMSR_unbiased', 5, 'computed', 241.60503712203354)
23:05:17  runs [2188/2460]: ('alpha_0p866025__wb0p5', 'EaseSHAP_interaction_nonlinear', 8, 'computed', 19.500173505861312)
23:05:21  runs [2189/2460]: ('alpha_0p866025__wb0p5', 'EaseSHAP_interaction_nonlinear', 9, 'computed', 22.94388226699084)
23:05:21  runs [2190/2460]: ('alpha_0p866025__wb0p25', 'RegressionMSR_unbiased', 7, 'computed', 252.08861465426162)
23:09:34  runs [2191/2460]: ('alpha_0p866025__wb0p5', 'EaseSHAP_size_player', 2, 'computed', 271.3476965390146)
23:09:48  runs [2192/2460]: ('alpha_0p866025__wb0p5', 'EaseSHAP_size_player', 1, 'computed', 285.60643835878)
23:09:50  runs [2193/2460]: ('alpha_0p866025__wb0p5', 'OFA_fixed', 0, 'computed', 16.04952716222033)
23:09:56  runs [2194/2460]: ('alpha_0p866025__wb0p5', 'EaseSHAP_size_player', 5, 'computed', 288.2619073209353)
23:09:57  runs [2195/2460]: ('alpha_0p866025__wb0p5', 'EaseSHAP_size_player', 4, 'computed', 291.5348851857707)
23:09:58  runs [2196/2460]: ('alpha_0p866025__wb0p5', 'EaseSHAP_size_player', 0, 'computed', 296.48741057608277)
23:10:00  runs [2197/2460]: ('alpha_0p866025__wb0p5', 'EaseSHAP_size_player', 6, 'computed', 290.41382422298193)
23:10:04  runs [2198/2460]: ('alpha_0p866025__wb0p5', 'EaseSHAP_size_player', 3, 'computed', 301.3455417160876)
23:10:05  runs [2199/2460]: ('alpha_0p866025__wb0p5', 'OFA_fixed', 1, 'computed', 16.509254209697247)
23:10:06  runs [2200/2460]: ('alpha_0p866025__wb0p5', 'EaseSHAP_size_player', 7, 'computed', 288.83394532697275)
23:10:06  runs [2201/2460]: ('alpha_0p866025__wb0p5', 'OFA_fixed', 2, 'computed', 16.21208185981959)
23:10:11  runs [2202/2460]: ('alpha_0p866025__wb0p5', 'EaseSHAP_size_player', 9, 'computed', 289.29697797680274)
23:10:12  runs [2203/2460]: ('alpha_0p866025__wb0p5', 'OFA_fixed', 3, 'computed', 16.2201978568919)
23:10:14  runs [2204/2460]: ('alpha_0p866025__wb0p5', 'OFA_fixed', 4, 'computed', 16.41507270373404)
23:10:15  runs [2205/2460]: ('alpha_0p866025__wb0p5', 'OFA_fixed', 5, 'computed', 16.32068879902363)
23:10:17  runs [2206/2460]: ('alpha_0p866025__wb0p5', 'OFA_fixed', 6, 'computed', 16.503857654053718)
23:10:18  runs [2207/2460]: ('alpha_0p866025__wb0p5', 'OFA_baseline', 0, 'computed', 12.190725110005587)
23:10:21  runs [2208/2460]: ('alpha_0p866025__wb0p5', 'OFA_fixed', 7, 'computed', 16.360850600991398)
23:10:21  runs [2209/2460]: ('alpha_0p866025__wb0p5', 'EaseSHAP_size_player', 8, 'computed', 299.56180610181764)
23:10:21  runs [2210/2460]: ('alpha_0p866025__wb0p5', 'OFA_fixed', 8, 'computed', 16.365902166813612)
23:10:22  runs [2211/2460]: ('alpha_0p866025__wb0p5', 'OFA_fixed', 9, 'computed', 16.280603889841586)
23:10:23  runs [2212/2460]: ('alpha_0p866025__wb0p5', 'OFA_baseline', 1, 'computed', 11.808253853116184)
23:10:23  runs [2213/2460]: ('alpha_0p866025__wb0p5', 'OFA_baseline', 2, 'computed', 11.489800359122455)
23:10:25  runs [2214/2460]: ('alpha_0p866025__wb0p5', 'OFA_baseline', 3, 'computed', 11.469554773066193)
23:10:26  runs [2215/2460]: ('alpha_0p866025__wb0p5', 'OFA_baseline', 4, 'computed', 11.440802573692054)
23:10:28  runs [2216/2460]: ('alpha_0p866025__wb0p5', 'OFA_baseline', 5, 'computed', 11.46220938442275)
23:10:30  runs [2217/2460]: ('alpha_0p866025__wb0p5', 'OFA_baseline', 6, 'computed', 11.553672063164413)
23:10:32  runs [2218/2460]: ('alpha_0p866025__wb0p5', 'OFA_baseline', 8, 'computed', 11.281305890996009)
23:10:32  runs [2219/2460]: ('alpha_0p866025__wb0p5', 'OFA_baseline', 7, 'computed', 11.536576109007001)
23:10:32  runs [2220/2460]: ('alpha_0p866025__wb0p5', 'OFA_baseline', 9, 'computed', 11.500478330999613)
23:10:34  runs [2221/2460]: ('alpha_0p866025__wb0p5', 'sampling_lift', 0, 'computed', 11.398597778752446)
23:10:34  runs [2222/2460]: ('alpha_0p866025__wb0p5', 'sampling_lift', 1, 'computed', 11.6524638379924)
23:10:35  runs [2223/2460]: ('alpha_0p866025__wb0p5', 'sampling_lift', 2, 'computed', 11.472348583862185)
23:10:37  runs [2224/2460]: ('alpha_0p866025__wb0p5', 'sampling_lift', 3, 'computed', 11.332231929060072)
23:10:38  runs [2225/2460]: ('alpha_0p866025__wb0p5', 'sampling_lift', 4, 'computed', 11.611019280273467)
23:10:40  runs [2226/2460]: ('alpha_0p866025__wb0p5', 'sampling_lift', 5, 'computed', 11.332219695672393)
23:10:41  runs [2227/2460]: ('alpha_0p866025__wb0p5', 'sampling_lift', 6, 'computed', 11.439443972427398)
23:10:44  runs [2228/2460]: ('alpha_0p866025__wb0p5', 'sampling_lift', 7, 'computed', 11.314078238792717)
23:10:44  runs [2229/2460]: ('alpha_0p866025__wb0p5', 'sampling_lift', 8, 'computed', 11.462777882814407)
23:10:44  runs [2230/2460]: ('alpha_0p866025__wb0p5', 'sampling_lift', 9, 'computed', 11.446382502093911)
23:10:47  runs [2231/2460]: ('alpha_0p866025__wb0p5', 'SHAP_IQ', 0, 'computed', 13.180940986145288)
23:10:47  runs [2232/2460]: ('alpha_0p866025__wb0p5', 'SHAP_IQ', 1, 'computed', 12.921471974812448)
23:10:48  runs [2233/2460]: ('alpha_0p866025__wb0p5', 'SHAP_IQ', 2, 'computed', 12.984434827696532)
23:10:50  runs [2234/2460]: ('alpha_0p866025__wb0p5', 'SHAP_IQ', 3, 'computed', 13.00594742083922)
23:10:51  runs [2235/2460]: ('alpha_0p866025__wb0p5', 'SHAP_IQ', 4, 'computed', 13.024589655920863)
23:10:53  runs [2236/2460]: ('alpha_0p866025__wb0p5', 'SHAP_IQ', 5, 'computed', 13.033361147157848)
23:10:54  runs [2237/2460]: ('alpha_0p866025__wb0p5', 'SHAP_IQ', 6, 'computed', 13.02862045681104)
23:10:57  runs [2238/2460]: ('alpha_0p866025__wb0p5', 'SHAP_IQ', 7, 'computed', 12.981324332300574)
23:10:57  runs [2239/2460]: ('alpha_0p866025__wb0p5', 'SHAP_IQ', 8, 'computed', 13.076579173095524)
23:10:57  runs [2240/2460]: ('alpha_0p866025__wb0p5', 'SHAP_IQ', 9, 'computed', 13.007436002139002)
23:11:00  runs [2241/2460]: ('alpha_0p866025__wb0p5', 'GELS', 1, 'computed', 12.910574334207922)
23:11:00  runs [2242/2460]: ('alpha_0p866025__wb0p5', 'GELS', 0, 'computed', 13.149714678991586)
23:11:01  runs [2243/2460]: ('alpha_0p866025__wb0p5', 'GELS', 2, 'computed', 12.989328111056238)
23:11:03  runs [2244/2460]: ('alpha_0p866025__wb0p5', 'GELS', 3, 'computed', 12.999811599962413)
23:11:04  runs [2245/2460]: ('alpha_0p866025__wb0p5', 'GELS', 4, 'computed', 12.892181986942887)
23:11:06  runs [2246/2460]: ('alpha_0p866025__wb0p5', 'GELS', 5, 'computed', 13.057474640663713)
23:11:07  runs [2247/2460]: ('alpha_0p866025__wb0p5', 'GELS', 6, 'computed', 12.944652172736824)
23:11:09  runs [2248/2460]: ('alpha_0p866025__wb0p5', 'GELS', 7, 'computed', 12.884529339149594)
23:11:10  runs [2249/2460]: ('alpha_0p866025__wb0p5', 'GELS', 8, 'computed', 12.946194887161255)
23:11:10  runs [2250/2460]: ('alpha_0p866025__wb0p5', 'GELS', 9, 'computed', 12.996792817953974)
23:11:12  runs [2251/2460]: ('alpha_0p866025__wb0p5', 'improved_AME', 0, 'computed', 11.739077989943326)
23:11:12  runs [2252/2460]: ('alpha_0p866025__wb0p5', 'improved_AME', 1, 'computed', 11.825006028171629)
23:11:13  runs [2253/2460]: ('alpha_0p866025__wb0p5', 'improved_AME', 2, 'computed', 11.868750700727105)
23:11:14  runs [2254/2460]: ('alpha_0p866025__wb0p5', 'improved_AME', 3, 'computed', 11.78008429473266)
23:11:15  runs [2255/2460]: ('alpha_0p866025__wb0p5', 'improved_AME', 4, 'computed', 11.751554294023663)
23:11:18  runs [2256/2460]: ('alpha_0p866025__wb0p5', 'improved_AME', 5, 'computed', 11.835254475940019)
23:11:19  runs [2257/2460]: ('alpha_0p866025__wb0p5', 'improved_AME', 6, 'computed', 11.740306245163083)
23:11:21  runs [2258/2460]: ('alpha_0p866025__wb0p5', 'improved_AME', 7, 'computed', 11.657334980089217)
23:11:22  runs [2259/2460]: ('alpha_0p866025__wb0p5', 'improved_AME', 8, 'computed', 11.776408836245537)
23:11:22  runs [2260/2460]: ('alpha_0p866025__wb0p5', 'improved_AME', 9, 'computed', 11.66074797231704)
23:11:23  runs [2261/2460]: ('alpha_0p866025__wb0p5', 'WSL', 0, 'computed', 11.404164851177484)
23:11:23  runs [2262/2460]: ('alpha_0p866025__wb0p5', 'WSL', 1, 'computed', 11.5013896250166)
23:11:24  runs [2263/2460]: ('alpha_0p866025__wb0p5', 'WSL', 2, 'computed', 11.459654286969453)
23:11:26  runs [2264/2460]: ('alpha_0p866025__wb0p5', 'WSL', 3, 'computed', 11.349851741921157)
23:11:27  runs [2265/2460]: ('alpha_0p866025__wb0p5', 'WSL', 4, 'computed', 11.499357193242759)
23:11:29  runs [2266/2460]: ('alpha_0p866025__wb0p5', 'WSL', 5, 'computed', 11.430784279014915)
23:11:31  runs [2267/2460]: ('alpha_0p866025__wb0p5', 'WSL', 6, 'computed', 11.422874027863145)
23:11:33  runs [2268/2460]: ('alpha_0p866025__wb0p5', 'WSL', 7, 'computed', 11.47329520387575)
23:11:33  runs [2269/2460]: ('alpha_0p866025__wb0p5', 'WSL', 8, 'computed', 11.3622607588768)
23:11:33  runs [2270/2460]: ('alpha_0p866025__wb0p5', 'WSL', 9, 'computed', 11.434213147964329)
23:11:35  runs [2271/2460]: ('alpha_0p866025__wb0p5', 'weighted_permutation', 0, 'computed', 11.321370247751474)
23:11:35  runs [2272/2460]: ('alpha_0p866025__wb0p5', 'weighted_permutation', 1, 'computed', 11.577022904995829)
23:11:36  runs [2273/2460]: ('alpha_0p866025__wb0p5', 'weighted_permutation', 2, 'computed', 11.414681906811893)
23:11:37  runs [2274/2460]: ('alpha_0p866025__wb0p5', 'weighted_permutation', 3, 'computed', 11.304052026942372)
23:11:38  runs [2275/2460]: ('alpha_0p866025__wb0p5', 'weighted_permutation', 4, 'computed', 11.488798139151186)
23:11:40  runs [2276/2460]: ('alpha_0p866025__wb0p5', 'weighted_permutation', 5, 'computed', 11.359035122208297)
23:11:42  runs [2277/2460]: ('alpha_0p866025__wb0p5', 'weighted_permutation', 6, 'computed', 11.351939219981432)
23:11:44  runs [2278/2460]: ('alpha_0p866025__wb0p5', 'weighted_permutation', 7, 'computed', 11.34796832408756)
23:11:44  runs [2279/2460]: ('alpha_0p866025__wb0p5', 'weighted_permutation', 8, 'computed', 11.365185000933707)
23:11:44  runs [2280/2460]: ('alpha_0p866025__wb0p5', 'weighted_permutation', 9, 'computed', 11.443794107995927)
23:11:51  runs [2281/2460]: ('alpha_0p866025__wb0p5', 'OFA_optimal', 0, 'computed', 16.019552358891815)
23:11:51  runs [2282/2460]: ('alpha_0p866025__wb0p5', 'OFA_optimal', 1, 'computed', 16.021125451661646)
23:11:52  runs [2283/2460]: ('alpha_0p866025__wb0p5', 'OFA_optimal', 2, 'computed', 16.055717148818076)
23:11:53  runs [2284/2460]: ('alpha_0p866025__wb0p5', 'OFA_optimal', 3, 'computed', 16.035160433966666)
23:11:54  runs [2285/2460]: ('alpha_0p866025__wb0p5', 'OFA_optimal', 4, 'computed', 15.983804067131132)
23:11:56  runs [2286/2460]: ('alpha_0p866025__wb0p5', 'OFA_optimal', 5, 'computed', 16.151671539992094)
23:11:58  runs [2287/2460]: ('alpha_0p866025__wb0p5', 'OFA_optimal', 6, 'computed', 15.927256685681641)
23:12:00  runs [2288/2460]: ('alpha_0p866025__wb0p5', 'OFA_optimal', 7, 'computed', 16.12332225870341)
23:12:00  runs [2289/2460]: ('alpha_0p866025__wb0p5', 'OFA_optimal', 9, 'computed', 15.9754424309358)
23:12:01  runs [2290/2460]: ('alpha_0p866025__wb0p5', 'OFA_optimal', 8, 'computed', 16.16163332015276)
23:12:03  runs [2291/2460]: ('alpha_0p866025__wb0p5', 'WGELS_shapley', 0, 'computed', 12.93407950270921)
23:12:04  runs [2292/2460]: ('alpha_0p866025__wb0p5', 'WGELS_shapley', 1, 'computed', 13.045111082028598)
23:12:05  runs [2293/2460]: ('alpha_0p866025__wb0p5', 'WGELS_shapley', 2, 'computed', 12.97049618512392)
23:12:06  runs [2294/2460]: ('alpha_0p866025__wb0p5', 'WGELS_shapley', 3, 'computed', 13.017683697864413)
23:12:07  runs [2295/2460]: ('alpha_0p866025__wb0p5', 'WGELS_shapley', 4, 'computed', 12.88991823606193)
23:12:10  runs [2296/2460]: ('alpha_0p866025__wb0p5', 'WGELS_shapley', 5, 'computed', 13.139289650600404)
23:12:11  runs [2297/2460]: ('alpha_0p866025__wb0p5', 'WGELS_shapley', 6, 'computed', 12.895485731307417)
23:12:13  runs [2298/2460]: ('alpha_0p866025__wb0p5', 'WGELS_shapley', 7, 'computed', 12.905557160731405)
23:12:13  runs [2299/2460]: ('alpha_0p866025__wb0p5', 'WGELS_shapley', 8, 'computed', 12.968714433256537)
23:12:14  runs [2300/2460]: ('alpha_0p866025__wb0p5', 'WGELS_shapley', 9, 'computed', 13.034415325615555)
23:12:15  runs [2301/2460]: ('alpha_0p866025__wb0p5', 'AME', 0, 'computed', 11.756642656866461)
23:12:16  runs [2302/2460]: ('alpha_0p866025__wb0p5', 'AME', 1, 'computed', 11.706612288951874)
23:12:17  runs [2303/2460]: ('alpha_0p866025__wb0p5', 'AME', 2, 'computed', 11.844851561821997)
23:12:18  runs [2304/2460]: ('alpha_0p866025__wb0p5', 'AME', 3, 'computed', 11.761480907909572)
23:12:19  runs [2305/2460]: ('alpha_0p866025__wb0p5', 'AME', 4, 'computed', 11.757386797107756)
23:12:22  runs [2306/2460]: ('alpha_0p866025__wb0p5', 'AME', 5, 'computed', 11.905059901066124)
23:12:22  runs [2307/2460]: ('alpha_0p866025__wb0p5', 'AME', 6, 'computed', 11.771344452630728)
23:12:25  runs [2308/2460]: ('alpha_0p866025__wb0p5', 'AME', 7, 'computed', 11.648790189996362)
23:12:25  runs [2309/2460]: ('alpha_0p866025__wb0p5', 'AME', 8, 'computed', 11.87154931994155)
23:12:26  runs [2310/2460]: ('alpha_0p866025__wb0p5', 'AME', 9, 'computed', 11.977655027993023)
23:14:21  runs [2311/2460]: ('alpha_0p866025__wb0p5', 'RegressionMSR_unbiased', 3, 'computed', 123.11149453278631)
23:14:38  runs [2312/2460]: ('alpha_0p866025__wb0p75', 'EaseSHAP_interaction_nonlinear', 0, 'computed', 16.924590033944696)
23:14:54  runs [2313/2460]: ('alpha_0p866025__wb0p5', 'RegressionMSR_unbiased', 0, 'computed', 158.91928942501545)
23:15:09  runs [2314/2460]: ('alpha_0p866025__wb0p75', 'EaseSHAP_interaction_nonlinear', 1, 'computed', 30.813157864380628)
23:15:13  runs [2315/2460]: ('alpha_0p866025__wb0p75', 'EaseSHAP_interaction_nonlinear', 2, 'computed', 18.55795341031626)
23:15:25  runs [2316/2460]: ('alpha_0p866025__wb0p5', 'RegressionMSR_unbiased', 4, 'computed', 186.0585639611818)
23:15:26  runs [2317/2460]: ('alpha_0p866025__wb0p5', 'RegressionMSR_unbiased', 5, 'computed', 184.32395268417895)
23:15:29  runs [2318/2460]: ('alpha_0p866025__wb0p75', 'EaseSHAP_interaction_nonlinear', 3, 'computed', 20.79525005305186)
23:15:31  runs [2319/2460]: ('alpha_0p866025__wb0p5', 'RegressionMSR_unbiased', 8, 'computed', 185.1806425047107)
23:15:31  runs [2320/2460]: ('alpha_0p866025__wb0p75', 'EaseSHAP_interaction_nonlinear', 4, 'computed', 18.445687789004296)
23:15:41  runs [2321/2460]: ('alpha_0p866025__wb0p75', 'EaseSHAP_interaction_nonlinear', 5, 'computed', 16.091969208791852)
23:15:43  runs [2322/2460]: ('alpha_0p866025__wb0p5', 'RegressionMSR_unbiased', 2, 'computed', 205.9870743607171)
23:15:48  runs [2323/2460]: ('alpha_0p866025__wb0p75', 'EaseSHAP_interaction_nonlinear', 6, 'computed', 22.4974242891185)
23:15:51  runs [2324/2460]: ('alpha_0p866025__wb0p75', 'EaseSHAP_interaction_nonlinear', 7, 'computed', 21.477182727772743)
23:15:53  runs [2325/2460]: ('alpha_0p866025__wb0p75', 'EaseSHAP_interaction_nonlinear', 9, 'computed', 22.13960913196206)
23:15:55  runs [2326/2460]: ('alpha_0p866025__wb0p75', 'EaseSHAP_interaction_nonlinear', 8, 'computed', 24.28902380494401)
23:16:01  runs [2327/2460]: ('alpha_0p866025__wb0p5', 'RegressionMSR_unbiased', 9, 'computed', 215.1116947280243)
23:16:14  runs [2328/2460]: ('alpha_0p866025__wb0p5', 'RegressionMSR_unbiased', 6, 'computed', 231.10676318313926)
23:16:36  runs [2329/2460]: ('alpha_0p866025__wb0p5', 'RegressionMSR_unbiased', 1, 'computed', 260.140660807956)
23:16:53  runs [2330/2460]: ('alpha_0p866025__wb0p5', 'RegressionMSR_unbiased', 7, 'computed', 268.28282430721447)
23:20:19  runs [2331/2460]: ('alpha_0p866025__wb0p75', 'EaseSHAP_size_player', 1, 'computed', 276.5395185840316)
23:20:33  runs [2332/2460]: ('alpha_0p866025__wb0p75', 'EaseSHAP_size_player', 5, 'computed', 278.6417148062028)
23:20:34  runs [2333/2460]: ('alpha_0p866025__wb0p75', 'EaseSHAP_size_player', 0, 'computed', 293.0695401709527)
23:20:35  runs [2334/2460]: ('alpha_0p866025__wb0p75', 'OFA_fixed', 0, 'computed', 16.274207497946918)
23:20:44  runs [2335/2460]: ('alpha_0p866025__wb0p75', 'EaseSHAP_size_player', 4, 'computed', 290.23831292195246)
23:20:50  runs [2336/2460]: ('alpha_0p866025__wb0p75', 'OFA_fixed', 1, 'computed', 16.14493350405246)
23:20:52  runs [2337/2460]: ('alpha_0p866025__wb0p75', 'OFA_fixed', 3, 'computed', 16.127668377943337)
23:20:54  runs [2338/2460]: ('alpha_0p866025__wb0p75', 'OFA_fixed', 2, 'computed', 20.303592937998474)
23:20:56  runs [2339/2460]: ('alpha_0p866025__wb0p75', 'EaseSHAP_size_player', 8, 'computed', 259.7381853489205)
23:20:57  runs [2340/2460]: ('alpha_0p866025__wb0p75', 'EaseSHAP_size_player', 3, 'computed', 306.2590846498497)
23:21:00  runs [2341/2460]: ('alpha_0p866025__wb0p75', 'OFA_fixed', 4, 'computed', 16.270974833052605)
23:21:06  runs [2342/2460]: ('alpha_0p866025__wb0p75', 'OFA_fixed', 5, 'computed', 16.086885526776314)
23:21:06  runs [2343/2460]: ('alpha_0p866025__wb0p75', 'EaseSHAP_size_player', 2, 'computed', 318.06738675618544)
23:21:08  runs [2344/2460]: ('alpha_0p866025__wb0p75', 'OFA_fixed', 6, 'computed', 16.48622769676149)
23:21:09  runs [2345/2460]: ('alpha_0p866025__wb0p75', 'EaseSHAP_size_player', 6, 'computed', 308.3387349504046)
23:21:10  runs [2346/2460]: ('alpha_0p866025__wb0p75', 'EaseSHAP_size_player', 9, 'computed', 256.8823124868795)
23:21:11  runs [2347/2460]: ('alpha_0p866025__wb0p75', 'OFA_fixed', 7, 'computed', 16.41873247921467)
23:21:11  runs [2348/2460]: ('alpha_0p866025__wb0p75', 'OFA_baseline', 0, 'computed', 11.430276852101088)
23:21:12  runs [2349/2460]: ('alpha_0p866025__wb0p75', 'EaseSHAP_size_player', 7, 'computed', 298.5534705449827)
23:21:13  runs [2350/2460]: ('alpha_0p866025__wb0p75', 'OFA_fixed', 8, 'computed', 17.144258136861026)
23:21:13  runs [2351/2460]: ('alpha_0p866025__wb0p75', 'OFA_fixed', 9, 'computed', 16.18011898500845)
23:21:17  runs [2352/2460]: ('alpha_0p866025__wb0p75', 'OFA_baseline', 1, 'computed', 11.46152178896591)
23:21:18  runs [2353/2460]: ('alpha_0p866025__wb0p75', 'OFA_baseline', 2, 'computed', 11.455918126739562)
23:21:20  runs [2354/2460]: ('alpha_0p866025__wb0p75', 'OFA_baseline', 3, 'computed', 11.834752211347222)
23:21:20  runs [2355/2460]: ('alpha_0p866025__wb0p75', 'OFA_baseline', 4, 'computed', 11.373026501853019)
23:21:21  runs [2356/2460]: ('alpha_0p866025__wb0p75', 'OFA_baseline', 5, 'computed', 11.378263189923018)
23:21:22  runs [2357/2460]: ('alpha_0p866025__wb0p75', 'OFA_baseline', 6, 'computed', 11.371427629143)
23:21:23  runs [2358/2460]: ('alpha_0p866025__wb0p75', 'OFA_baseline', 7, 'computed', 11.35932017210871)
23:21:24  runs [2359/2460]: ('alpha_0p866025__wb0p75', 'OFA_baseline', 8, 'computed', 11.41608342109248)
23:21:24  runs [2360/2460]: ('alpha_0p866025__wb0p75', 'OFA_baseline', 9, 'computed', 11.398356792051345)
23:21:25  runs [2361/2460]: ('alpha_0p866025__wb0p75', 'sampling_lift', 0, 'computed', 11.441092655993998)
23:21:29  runs [2362/2460]: ('alpha_0p866025__wb0p75', 'sampling_lift', 1, 'computed', 11.508048243820667)
23:21:29  runs [2363/2460]: ('alpha_0p866025__wb0p75', 'sampling_lift', 2, 'computed', 11.47513373894617)
23:21:31  runs [2364/2460]: ('alpha_0p866025__wb0p75', 'sampling_lift', 3, 'computed', 11.611097514163703)
23:21:32  runs [2365/2460]: ('alpha_0p866025__wb0p75', 'sampling_lift', 4, 'computed', 11.488796073012054)
23:21:33  runs [2366/2460]: ('alpha_0p866025__wb0p75', 'sampling_lift', 5, 'computed', 11.391902850940824)
23:21:34  runs [2367/2460]: ('alpha_0p866025__wb0p75', 'sampling_lift', 6, 'computed', 11.425217872019857)
23:21:34  runs [2368/2460]: ('alpha_0p866025__wb0p75', 'sampling_lift', 7, 'computed', 11.393579420633614)
23:21:35  runs [2369/2460]: ('alpha_0p866025__wb0p75', 'sampling_lift', 8, 'computed', 11.330954587087035)
23:21:36  runs [2370/2460]: ('alpha_0p866025__wb0p75', 'sampling_lift', 9, 'computed', 11.439183549024165)
23:21:38  runs [2371/2460]: ('alpha_0p866025__wb0p75', 'SHAP_IQ', 0, 'computed', 12.904833782929927)
23:21:42  runs [2372/2460]: ('alpha_0p866025__wb0p75', 'SHAP_IQ', 1, 'computed', 13.010764704085886)
23:21:42  runs [2373/2460]: ('alpha_0p866025__wb0p75', 'SHAP_IQ', 2, 'computed', 12.992013864219189)
23:21:45  runs [2374/2460]: ('alpha_0p866025__wb0p75', 'SHAP_IQ', 3, 'computed', 13.21907752705738)
23:21:45  runs [2375/2460]: ('alpha_0p866025__wb0p75', 'SHAP_IQ', 4, 'computed', 13.05937217315659)
23:21:45  runs [2376/2460]: ('alpha_0p866025__wb0p75', 'SHAP_IQ', 5, 'computed', 12.893225030973554)
23:21:47  runs [2377/2460]: ('alpha_0p866025__wb0p75', 'SHAP_IQ', 6, 'computed', 13.154749501962215)
23:21:47  runs [2378/2460]: ('alpha_0p866025__wb0p75', 'SHAP_IQ', 7, 'computed', 12.949349165894091)
23:21:48  runs [2379/2460]: ('alpha_0p866025__wb0p75', 'SHAP_IQ', 8, 'computed', 13.009610813111067)
23:21:49  runs [2380/2460]: ('alpha_0p866025__wb0p75', 'SHAP_IQ', 9, 'computed', 13.00285093812272)
23:21:51  runs [2381/2460]: ('alpha_0p866025__wb0p75', 'GELS', 0, 'computed', 12.884471086319536)
23:21:55  runs [2382/2460]: ('alpha_0p866025__wb0p75', 'GELS', 1, 'computed', 12.97611614689231)
23:21:55  runs [2383/2460]: ('alpha_0p866025__wb0p75', 'GELS', 2, 'computed', 12.99698830023408)
23:21:58  runs [2384/2460]: ('alpha_0p866025__wb0p75', 'GELS', 3, 'computed', 12.965311605948955)
23:21:58  runs [2385/2460]: ('alpha_0p866025__wb0p75', 'GELS', 4, 'computed', 13.026930262800306)
23:21:58  runs [2386/2460]: ('alpha_0p866025__wb0p75', 'GELS', 5, 'computed', 12.85065302113071)
23:22:00  runs [2387/2460]: ('alpha_0p866025__wb0p75', 'GELS', 6, 'computed', 12.963909490965307)
23:22:00  runs [2388/2460]: ('alpha_0p866025__wb0p75', 'GELS', 7, 'computed', 12.886305813211948)
23:22:01  runs [2389/2460]: ('alpha_0p866025__wb0p75', 'GELS', 8, 'computed', 12.922630934044719)
23:22:02  runs [2390/2460]: ('alpha_0p866025__wb0p75', 'GELS', 9, 'computed', 12.985002625733614)
23:22:02  runs [2391/2460]: ('alpha_0p866025__wb0p75', 'improved_AME', 0, 'computed', 11.709480158053339)
23:22:06  runs [2392/2460]: ('alpha_0p866025__wb0p75', 'improved_AME', 1, 'computed', 11.740534238982946)
23:22:07  runs [2393/2460]: ('alpha_0p866025__wb0p75', 'improved_AME', 2, 'computed', 11.821629697922617)
23:22:09  runs [2394/2460]: ('alpha_0p866025__wb0p75', 'improved_AME', 3, 'computed', 11.83722729375586)
23:22:10  runs [2395/2460]: ('alpha_0p866025__wb0p75', 'improved_AME', 4, 'computed', 11.706002424936742)
23:22:10  runs [2396/2460]: ('alpha_0p866025__wb0p75', 'improved_AME', 5, 'computed', 11.789441196247935)
23:22:12  runs [2397/2460]: ('alpha_0p866025__wb0p75', 'improved_AME', 6, 'computed', 11.737028609961271)
23:22:12  runs [2398/2460]: ('alpha_0p866025__wb0p75', 'improved_AME', 7, 'computed', 11.742945922072977)
23:22:13  runs [2399/2460]: ('alpha_0p866025__wb0p75', 'improved_AME', 8, 'computed', 11.673951658885926)
23:22:13  runs [2400/2460]: ('alpha_0p866025__wb0p75', 'improved_AME', 9, 'computed', 11.703797017689794)
23:22:14  runs [2401/2460]: ('alpha_0p866025__wb0p75', 'WSL', 0, 'computed', 11.46636954182759)
23:22:18  runs [2402/2460]: ('alpha_0p866025__wb0p75', 'WSL', 1, 'computed', 11.406568645033985)
23:22:19  runs [2403/2460]: ('alpha_0p866025__wb0p75', 'WSL', 2, 'computed', 11.386683662887663)
23:22:21  runs [2404/2460]: ('alpha_0p866025__wb0p75', 'WSL', 3, 'computed', 11.431982546113431)
23:22:21  runs [2405/2460]: ('alpha_0p866025__wb0p75', 'WSL', 4, 'computed', 11.461877898778766)
23:22:21  runs [2406/2460]: ('alpha_0p866025__wb0p75', 'WSL', 5, 'computed', 11.390737034846097)
23:22:23  runs [2407/2460]: ('alpha_0p866025__wb0p75', 'WSL', 7, 'computed', 11.295613289810717)
23:22:23  runs [2408/2460]: ('alpha_0p866025__wb0p75', 'WSL', 6, 'computed', 11.53801627503708)
23:22:24  runs [2409/2460]: ('alpha_0p866025__wb0p75', 'WSL', 8, 'computed', 11.452216206118464)
23:22:25  runs [2410/2460]: ('alpha_0p866025__wb0p75', 'WSL', 9, 'computed', 11.375671301968396)
23:22:25  runs [2411/2460]: ('alpha_0p866025__wb0p75', 'weighted_permutation', 0, 'computed', 11.405412611085922)
23:22:29  runs [2412/2460]: ('alpha_0p866025__wb0p75', 'weighted_permutation', 1, 'computed', 11.43304742500186)
23:22:30  runs [2413/2460]: ('alpha_0p866025__wb0p75', 'weighted_permutation', 2, 'computed', 11.432865316979587)
23:22:32  runs [2414/2460]: ('alpha_0p866025__wb0p75', 'weighted_permutation', 3, 'computed', 11.407421017065644)
23:22:32  runs [2415/2460]: ('alpha_0p866025__wb0p75', 'weighted_permutation', 4, 'computed', 11.323365157935768)
23:22:33  runs [2416/2460]: ('alpha_0p866025__wb0p75', 'weighted_permutation', 5, 'computed', 11.323867080267519)
23:22:34  runs [2417/2460]: ('alpha_0p866025__wb0p75', 'weighted_permutation', 6, 'computed', 11.366744584869593)
23:22:35  runs [2418/2460]: ('alpha_0p866025__wb0p75', 'weighted_permutation', 7, 'computed', 11.497841011732817)
23:22:35  runs [2419/2460]: ('alpha_0p866025__wb0p75', 'weighted_permutation', 8, 'computed', 11.37121104914695)
23:22:36  runs [2420/2460]: ('alpha_0p866025__wb0p75', 'weighted_permutation', 9, 'computed', 11.39787301979959)
23:22:41  runs [2421/2460]: ('alpha_0p866025__wb0p75', 'OFA_optimal', 0, 'computed', 15.928096624091268)
23:22:45  runs [2422/2460]: ('alpha_0p866025__wb0p75', 'OFA_optimal', 1, 'computed', 15.986367209814489)
23:22:46  runs [2423/2460]: ('alpha_0p866025__wb0p75', 'OFA_optimal', 2, 'computed', 16.2018204620108)
23:22:48  runs [2424/2460]: ('alpha_0p866025__wb0p75', 'OFA_optimal', 3, 'computed', 16.060162788722664)
23:22:48  runs [2425/2460]: ('alpha_0p866025__wb0p75', 'OFA_optimal', 4, 'computed', 16.065999746788293)
23:22:49  runs [2426/2460]: ('alpha_0p866025__wb0p75', 'OFA_optimal', 5, 'computed', 16.10329624498263)
23:22:50  runs [2427/2460]: ('alpha_0p866025__wb0p75', 'OFA_optimal', 6, 'computed', 15.914754963945597)
23:22:51  runs [2428/2460]: ('alpha_0p866025__wb0p75', 'OFA_optimal', 7, 'computed', 16.067485012114048)
23:22:51  runs [2429/2460]: ('alpha_0p866025__wb0p75', 'OFA_optimal', 8, 'computed', 16.062571621965617)
23:22:52  runs [2430/2460]: ('alpha_0p866025__wb0p75', 'OFA_optimal', 9, 'computed', 16.061910807155073)
23:22:54  runs [2431/2460]: ('alpha_0p866025__wb0p75', 'WGELS_shapley', 0, 'computed', 12.925252236891538)
23:22:58  runs [2432/2460]: ('alpha_0p866025__wb0p75', 'WGELS_shapley', 1, 'computed', 12.996883770916611)
23:23:00  runs [2433/2460]: ('alpha_0p866025__wb0p75', 'WGELS_shapley', 2, 'computed', 13.31751677626744)
23:23:01  runs [2434/2460]: ('alpha_0p866025__wb0p75', 'WGELS_shapley', 3, 'computed', 12.932258134242147)
23:23:02  runs [2435/2460]: ('alpha_0p866025__wb0p75', 'WGELS_shapley', 4, 'computed', 13.016561656259)
23:23:02  runs [2436/2460]: ('alpha_0p866025__wb0p75', 'WGELS_shapley', 5, 'computed', 12.894367889035493)
23:23:03  runs [2437/2460]: ('alpha_0p866025__wb0p75', 'WGELS_shapley', 6, 'computed', 12.997479781974107)
23:23:04  runs [2438/2460]: ('alpha_0p866025__wb0p75', 'WGELS_shapley', 7, 'computed', 12.957146957051009)
23:23:04  runs [2439/2460]: ('alpha_0p866025__wb0p75', 'WGELS_shapley', 8, 'computed', 12.941543702967465)
23:23:05  runs [2440/2460]: ('alpha_0p866025__wb0p75', 'WGELS_shapley', 9, 'computed', 12.982193515636027)
23:23:06  runs [2441/2460]: ('alpha_0p866025__wb0p75', 'AME', 0, 'computed', 11.75959146907553)
23:23:10  runs [2442/2460]: ('alpha_0p866025__wb0p75', 'AME', 1, 'computed', 11.716388334985822)
23:23:12  runs [2443/2460]: ('alpha_0p866025__wb0p75', 'AME', 2, 'computed', 12.073228233028203)
23:23:13  runs [2444/2460]: ('alpha_0p866025__wb0p75', 'AME', 3, 'computed', 11.838885294739157)
23:23:13  runs [2445/2460]: ('alpha_0p866025__wb0p75', 'AME', 4, 'computed', 11.760570175945759)
23:23:14  runs [2446/2460]: ('alpha_0p866025__wb0p75', 'AME', 5, 'computed', 11.734128853771836)
23:23:15  runs [2447/2460]: ('alpha_0p866025__wb0p75', 'AME', 6, 'computed', 11.843669272959232)
23:23:15  runs [2448/2460]: ('alpha_0p866025__wb0p75', 'AME', 7, 'computed', 11.861580778844655)
23:23:16  runs [2449/2460]: ('alpha_0p866025__wb0p75', 'AME', 8, 'computed', 11.839063721708953)
23:23:17  runs [2450/2460]: ('alpha_0p866025__wb0p75', 'AME', 9, 'computed', 11.811783825047314)
23:25:59  runs [2451/2460]: ('alpha_0p866025__wb0p75', 'RegressionMSR_unbiased', 3, 'computed', 165.85047483909875)
23:26:02  runs [2452/2460]: ('alpha_0p866025__wb0p75', 'RegressionMSR_unbiased', 0, 'computed', 176.5690288869664)
23:26:48  runs [2453/2460]: ('alpha_0p866025__wb0p75', 'RegressionMSR_unbiased', 4, 'computed', 214.5123915039003)
23:27:01  runs [2454/2460]: ('alpha_0p866025__wb0p75', 'RegressionMSR_unbiased', 8, 'computed', 225.18884799163789)
23:27:20  runs [2455/2460]: ('alpha_0p866025__wb0p75', 'RegressionMSR_unbiased', 5, 'computed', 246.1355922035873)
23:27:21  runs [2456/2460]: ('alpha_0p866025__wb0p75', 'RegressionMSR_unbiased', 2, 'computed', 249.85635135276243)
23:27:22  runs [2457/2460]: ('alpha_0p866025__wb0p75', 'RegressionMSR_unbiased', 1, 'computed', 252.32893296005204)
23:27:29  runs [2458/2460]: ('alpha_0p866025__wb0p75', 'RegressionMSR_unbiased', 6, 'computed', 253.7894060779363)
23:27:34  runs [2459/2460]: ('alpha_0p866025__wb0p75', 'RegressionMSR_unbiased', 7, 'computed', 258.5246634250507)
23:27:37  runs [2460/2460]: ('alpha_0p866025__wb0p75', 'RegressionMSR_unbiased', 9, 'computed', 259.50644569285214)
23:27:42  summary: wrote 246000 rows to /home/ziqiliu2/semivalue_coupled_sampling/real-paper/experiments/SOU_full_benchmark/results/summary.csv
23:27:42  summary: wrote 2460 timing rows to /home/ziqiliu2/semivalue_coupled_sampling/real-paper/experiments/SOU_full_benchmark/results/run_timing.csv
23:27:42  aucc: wrote AUCC tables to /home/ziqiliu2/semivalue_coupled_sampling/real-paper/experiments/SOU_full_benchmark/results
23:27:44  plots: wrote /home/ziqiliu2/semivalue_coupled_sampling/real-paper/experiments/SOU_full_benchmark/results/plots/shapley_rel_l2.png
23:27:45  plots: wrote /home/ziqiliu2/semivalue_coupled_sampling/real-paper/experiments/SOU_full_benchmark/results/plots/beta1_4_rel_l2.png
23:27:45  plots: wrote /home/ziqiliu2/semivalue_coupled_sampling/real-paper/experiments/SOU_full_benchmark/results/plots/beta4_1_rel_l2.png
23:27:45  plots: wrote /home/ziqiliu2/semivalue_coupled_sampling/real-paper/experiments/SOU_full_benchmark/results/plots/wb0p25_rel_l2.png
23:27:46  plots: wrote /home/ziqiliu2/semivalue_coupled_sampling/real-paper/experiments/SOU_full_benchmark/results/plots/wb0p5_rel_l2.png
23:27:46  plots: wrote /home/ziqiliu2/semivalue_coupled_sampling/real-paper/experiments/SOU_full_benchmark/results/plots/wb0p75_rel_l2.png
00:18:47  output: /Users/ziqiliu/Documents/Research Projects/Semivalue Coupled Sampling/real-paper/experiments/SOU_full_benchmark/results
00:18:47  game: n=40, alphas=[0.5, 0.7071067811865476, 0.8660254037844386], num_high_order=1600, sigma2=None
00:18:47  semivalues: ['shapley', 'beta1_4', 'beta4_1', 'wb0p25', 'wb0p5', 'wb0p75']
00:18:47  methods: ['EaseSHAP_interaction_nonlinear', 'EaseSHAP_size_player', 'OFA_fixed', 'OFA_baseline', 'sampling_lift', 'SHAP_IQ', 'GELS', 'improved_AME', 'kernelSHAP', 'permutation', 'complement', 'group_testing', 'WSL', 'weighted_permutation', 'OFA_optimal', 'WGELS_shapley', 'AME', 'RegressionMSR_unbiased', 'PolySHAP_regression']
00:18:47  budgets: run_nue=5000, track_step=50, n_runs=10
00:18:47  n_proc=10, force=False, allow_failures=False
00:18:47  groundtruth [1/18]: ('alpha_0p5__shapley', 'cached', 0.0)
00:18:47  groundtruth [2/18]: ('alpha_0p5__beta1_4', 'cached', 0.0)
00:18:47  groundtruth [3/18]: ('alpha_0p5__beta4_1', 'cached', 0.0)
00:18:47  groundtruth [4/18]: ('alpha_0p5__wb0p25', 'cached', 0.0)
00:18:47  groundtruth [5/18]: ('alpha_0p5__wb0p5', 'cached', 0.0)
00:18:47  groundtruth [6/18]: ('alpha_0p5__wb0p75', 'cached', 0.0)
00:18:47  groundtruth [7/18]: ('alpha_0p707107__shapley', 'cached', 0.0)
00:18:47  groundtruth [8/18]: ('alpha_0p707107__beta1_4', 'cached', 0.0)
00:18:47  groundtruth [9/18]: ('alpha_0p707107__beta4_1', 'cached', 0.0)
00:18:47  groundtruth [10/18]: ('alpha_0p707107__wb0p25', 'cached', 0.0)
00:18:47  groundtruth [11/18]: ('alpha_0p707107__wb0p5', 'cached', 0.0)
00:18:47  groundtruth [12/18]: ('alpha_0p707107__wb0p75', 'cached', 0.0)
00:18:47  groundtruth [13/18]: ('alpha_0p866025__shapley', 'cached', 0.0)
00:18:47  groundtruth [14/18]: ('alpha_0p866025__beta1_4', 'cached', 0.0)
00:18:47  groundtruth [15/18]: ('alpha_0p866025__beta4_1', 'cached', 0.0)
00:18:47  groundtruth [16/18]: ('alpha_0p866025__wb0p25', 'cached', 0.0)
00:18:47  groundtruth [17/18]: ('alpha_0p866025__wb0p5', 'cached', 0.0)
00:18:47  groundtruth [18/18]: ('alpha_0p866025__wb0p75', 'cached', 0.0)
00:18:47  runs: 2460/2460 already complete; submitting 0 tasks.
00:18:47  runs: nothing to do.
00:18:50  summary: wrote 246000 rows to /Users/ziqiliu/Documents/Research Projects/Semivalue Coupled Sampling/real-paper/experiments/SOU_full_benchmark/results/summary.csv
00:18:50  summary: wrote 2460 timing rows to /Users/ziqiliu/Documents/Research Projects/Semivalue Coupled Sampling/real-paper/experiments/SOU_full_benchmark/results/run_timing.csv
00:18:50  aucc: wrote AUCC tables to /Users/ziqiliu/Documents/Research Projects/Semivalue Coupled Sampling/real-paper/experiments/SOU_full_benchmark/results
00:18:51  plots: wrote /Users/ziqiliu/Documents/Research Projects/Semivalue Coupled Sampling/real-paper/experiments/SOU_full_benchmark/results/plots/shapley_rel_l2.png
00:18:51  plots: wrote /Users/ziqiliu/Documents/Research Projects/Semivalue Coupled Sampling/real-paper/experiments/SOU_full_benchmark/results/plots/beta1_4_rel_l2.png
00:18:52  plots: wrote /Users/ziqiliu/Documents/Research Projects/Semivalue Coupled Sampling/real-paper/experiments/SOU_full_benchmark/results/plots/beta4_1_rel_l2.png
00:18:52  plots: wrote /Users/ziqiliu/Documents/Research Projects/Semivalue Coupled Sampling/real-paper/experiments/SOU_full_benchmark/results/plots/wb0p25_rel_l2.png
00:18:52  plots: wrote /Users/ziqiliu/Documents/Research Projects/Semivalue Coupled Sampling/real-paper/experiments/SOU_full_benchmark/results/plots/wb0p5_rel_l2.png
00:18:53  plots: wrote /Users/ziqiliu/Documents/Research Projects/Semivalue Coupled Sampling/real-paper/experiments/SOU_full_benchmark/results/plots/wb0p75_rel_l2.png
00:18:53  plots: wrote /Users/ziqiliu/Documents/Research Projects/Semivalue Coupled Sampling/real-paper/experiments/SOU_full_benchmark/results/plots/aucc_by_eta.png
00:26:03  output: /Users/ziqiliu/Documents/Research Projects/Semivalue Coupled Sampling/real-paper/experiments/SOU_full_benchmark/results
00:26:03  game: n=40, alphas=[0.5, 0.7071067811865476, 0.8660254037844386], num_high_order=1600, sigma2=None
00:26:03  semivalues: ['shapley', 'beta1_4', 'beta4_1', 'wb0p25', 'wb0p5', 'wb0p75']
00:26:03  methods: ['EaseSHAP_interaction_nonlinear', 'EaseSHAP_size_player', 'OFA_fixed', 'OFA_baseline', 'sampling_lift', 'SHAP_IQ', 'GELS', 'improved_AME', 'kernelSHAP', 'permutation', 'complement', 'group_testing', 'WSL', 'weighted_permutation', 'OFA_optimal', 'WGELS_shapley', 'AME', 'RegressionMSR_unbiased', 'PolySHAP_regression']
00:26:03  budgets: run_nue=5000, track_step=50, n_runs=10
00:26:03  n_proc=10, force=False, allow_failures=False
00:26:03  groundtruth [1/18]: ('alpha_0p5__shapley', 'cached', 0.0)
00:26:03  groundtruth [2/18]: ('alpha_0p5__beta1_4', 'cached', 0.0)
00:26:03  groundtruth [3/18]: ('alpha_0p5__beta4_1', 'cached', 0.0)
00:26:03  groundtruth [4/18]: ('alpha_0p5__wb0p25', 'cached', 0.0)
00:26:03  groundtruth [5/18]: ('alpha_0p5__wb0p5', 'cached', 0.0)
00:26:03  groundtruth [6/18]: ('alpha_0p5__wb0p75', 'cached', 0.0)
00:26:03  groundtruth [7/18]: ('alpha_0p707107__shapley', 'cached', 0.0)
00:26:03  groundtruth [8/18]: ('alpha_0p707107__beta1_4', 'cached', 0.0)
00:26:03  groundtruth [9/18]: ('alpha_0p707107__beta4_1', 'cached', 0.0)
00:26:03  groundtruth [10/18]: ('alpha_0p707107__wb0p25', 'cached', 0.0)
00:26:03  groundtruth [11/18]: ('alpha_0p707107__wb0p5', 'cached', 0.0)
00:26:03  groundtruth [12/18]: ('alpha_0p707107__wb0p75', 'cached', 0.0)
00:26:03  groundtruth [13/18]: ('alpha_0p866025__shapley', 'cached', 0.0)
00:26:03  groundtruth [14/18]: ('alpha_0p866025__beta1_4', 'cached', 0.0)
00:26:03  groundtruth [15/18]: ('alpha_0p866025__beta4_1', 'cached', 0.0)
00:26:03  groundtruth [16/18]: ('alpha_0p866025__wb0p25', 'cached', 0.0)
00:26:03  groundtruth [17/18]: ('alpha_0p866025__wb0p5', 'cached', 0.0)
00:26:03  groundtruth [18/18]: ('alpha_0p866025__wb0p75', 'cached', 0.0)
00:26:03  runs: 2460/2460 already complete; submitting 0 tasks.
00:26:03  runs: nothing to do.
00:26:06  summary: wrote 246000 rows to /Users/ziqiliu/Documents/Research Projects/Semivalue Coupled Sampling/real-paper/experiments/SOU_full_benchmark/results/summary.csv
00:26:06  summary: wrote 2460 timing rows to /Users/ziqiliu/Documents/Research Projects/Semivalue Coupled Sampling/real-paper/experiments/SOU_full_benchmark/results/run_timing.csv
00:26:06  aucc: wrote AUCC tables to /Users/ziqiliu/Documents/Research Projects/Semivalue Coupled Sampling/real-paper/experiments/SOU_full_benchmark/results
00:26:07  plots: wrote /Users/ziqiliu/Documents/Research Projects/Semivalue Coupled Sampling/real-paper/experiments/SOU_full_benchmark/results/plots/shapley_rel_l2.png
00:26:08  plots: wrote /Users/ziqiliu/Documents/Research Projects/Semivalue Coupled Sampling/real-paper/experiments/SOU_full_benchmark/results/plots/beta1_4_rel_l2.png
00:26:08  plots: wrote /Users/ziqiliu/Documents/Research Projects/Semivalue Coupled Sampling/real-paper/experiments/SOU_full_benchmark/results/plots/beta4_1_rel_l2.png
00:26:09  plots: wrote /Users/ziqiliu/Documents/Research Projects/Semivalue Coupled Sampling/real-paper/experiments/SOU_full_benchmark/results/plots/wb0p25_rel_l2.png
00:26:09  plots: wrote /Users/ziqiliu/Documents/Research Projects/Semivalue Coupled Sampling/real-paper/experiments/SOU_full_benchmark/results/plots/wb0p5_rel_l2.png
00:26:09  plots: wrote /Users/ziqiliu/Documents/Research Projects/Semivalue Coupled Sampling/real-paper/experiments/SOU_full_benchmark/results/plots/wb0p75_rel_l2.png
00:26:10  plots: wrote /Users/ziqiliu/Documents/Research Projects/Semivalue Coupled Sampling/real-paper/experiments/SOU_full_benchmark/results/plots/aucc_by_eta.png
